id,partition,fam
tmRNA_Ther.ther._Y15063_1-349,full,tmRNA
tmRNA_Shig.dyse._TRW-358708_1-363,full,tmRNA
tRNA_tdbR00000471-Oryctolagus_cuniculus-9986-Val-IAC,full,tRNA
srp_Caen.eleg._AY948608,full,srp
srp_Bruc.suis._AE014291,full,srp
tRNA_tdbR00000553-Asterias_amurensis-7602-Tyr-GUA,full,tRNA
5s_Microbotryum-violaceum-1,full,5s
5s_Staphylococcus-epidermidis-3,full,5s
tRNA_tdbR00000063-Haloferax_volcanii-2246-Phe-GAA,full,tRNA
tRNA_tdbR00000298-Asterias_amurensis-7602-Asn-GUU,full,tRNA
tmRNA_Esch.coli._CP000243_1-363,full,tmRNA
tRNA_tdbR00000004-Haloferax_volcanii-2246-Ala-UGC,full,tRNA
tRNA_tdbR00000549-Tetrahymena_pyriformis-5908-Tyr-QUA,full,tRNA
RNaseP_S.versatilis,full,RNaseP
5s_Sphacelotheca-polygoni-persicariae-1,full,5s
16s_A.fulgidus_domain4,full,16s
tmRNA_uncu.bact._TRW-32033-1_1-354,full,tmRNA
tmRNA_Acin.spec._CR543861_1-360,full,tmRNA
tmRNA_Geob.sulf._AE017180_1-356,full,tmRNA
srp_Meth.flag._CP000284,full,srp
RNaseP_N.fulvus-JCM3335,full,RNaseP
srp_Myco.pulm._AL445565,full,srp
RNaseP_Nocardiodes-ATCC39419,full,RNaseP
tRNA_tdbR00000593-Ascaris_suum-6253-Trp-CA,full,tRNA
srp_Xyle.fast._AE003849,full,srp
5s_Halorubrum-terrestre-2,full,5s
RNaseP_A.truei,full,RNaseP
srp_Acin.spec._CR543861,full,srp
5s_Mortierella-formosensis-1,full,5s
5s_Methylobacterium-organophilum-1,full,5s
tmRNA_Stre.agal._AE014233_1-350,full,tmRNA
5s_Geobacillus-stearothermophilus-1,full,5s
srp_Cand.dubl._GSP-42374,full,srp
tRNA_tdbR00000290-Enterobacteria_phage_T5-10726-Asn-GUU,full,tRNA
RNaseP_SM-A0911,full,RNaseP
5s_Dugesia-japonica-2,full,5s
tRNA_tdbR00000415-Nicotiana_rustica-4093-Ser-GA,full,tRNA
5s_Streptococcus-pneumoniae-1,full,5s
RNaseP_R.prowazekii,full,RNaseP
5s_Oceanobacillus-iheyensis-2,full,5s
grp1_a.I1.e.C.grayi.UNK.SSU.1046,full,grp1
5s_Ustilago-scabiosae-1,full,5s
tmRNA_Rhod.balt._BX294141_1-380,full,tmRNA
srp_Borr.afze._CP000395,full,srp
srp_Syne.spec._CP000097,full,srp
tRNA_tdbR00000512-Mycobacterium_smegmatis-1772-Ini-CAU,full,tRNA
tRNA_tdbR00000371-Saccharomyces_cerevisiae-4932-Arg-1CU,full,tRNA
srp_Rick.typh._AE017197,full,srp
5s_Acheta-domesticus-1,full,5s
srp_Cand.trop._GSP-294747,full,srp
5s_Deinococcus-radiodurans-1,full,5s
RNaseP_LGW23,full,RNaseP
RNaseP_T.volcanum,full,RNaseP
srp_Thio.deni._CP000116,full,srp
tmRNA_Verr.spin._TRW-240016_1-356,full,tmRNA
5s_Agrobacterium-tumefaciens-4,full,5s
RNaseP_S.glauca-K195,full,RNaseP
5s_Mycoplasma-hyopneumoniae-1,full,5s
tmRNA_Salm.ente._AE014613_1-363,full,tmRNA
tmRNA_Heli.hepa._AE017125_1-369,full,tmRNA
srp_Lyco.escu._Z29104,full,srp
tRNA_tdbR00000595-Escherichia_coli-562-Leu-BAA,full,tRNA
srp_Mus.musc._AC099934,full,srp
5s_Pyrenophora-graminea-1,full,5s
srp_Legi.pneu._AE017354,full,srp
srp_Vibr.vuln._BA000037,full,srp
5s_Mycoplasma-sp.-2,full,5s
srp_Lyco.escu._Z46745,full,srp
RNaseP_Rr368,full,RNaseP
srp_Pers.amer._X65992,full,srp
grp1_a.I1.e.M.caldariorum.C1.SSU.1506,full,grp1
tRNA_tdbR00000417-Nicotiana_rustica-4093-Ser-GCU,full,tRNA
5s_Brevibacterium-linens-2,full,5s
telomerase_AF221928.95-476,full,telomerase
5s_Bacillus-methanolicus-7,full,5s
tRNA_tdbR00000548-Scenedesmus_obliquus-3088-Tyr-GUA,full,tRNA
tmRNA_Haem.infl._CP000057_1-366,full,tmRNA
RNaseP_A.vinlandii-CA,full,RNaseP
srp_Pseu.halo._CR954246,full,srp
16s_F.ananassa_domain3,full,16s
RNaseP_R.americana-mito,full,RNaseP
tRNA_tdbR00000273-Mycoplasma_capricolum-2095-Met-CAU,full,tRNA
srp_Esch.coli._CP000468,full,srp
srp_Homo.sapi._NR_002715,full,srp
tmRNA_Stap.epid._TRW-176280_1-361,full,tmRNA
5s_Fusarium-pseudograminearum-8,full,5s
srp_Coxi.burn._CP000733,full,srp
srp_Proc.mari._CP000111,full,srp
srp_Dros.simu._GSP-7240,full,srp
srp_Psyc.arct._CP000082,full,srp
5s_Bacillus-cereus-5,full,5s
srp_Bart.quin._BX897700,full,srp
tRNA_tdbR00000363-Ascaris_suum-6253-Arg-PCU,full,tRNA
srp_Stre.sang._CP000387,full,srp
tRNA_tdbR00000606-Lupinus_luteus-3873-Leu-IAG,full,tRNA
srp_Anop.gamb._SDB-377271,full,srp
srp_Baci.cere._CP000764,full,srp
srp_Rick.cono._AE008680,full,srp
srp_Lotu.japo._BW598799,full,srp
5s_Streptomyces-avermitilis-5,full,5s
5s_Pseudomonas-denitrificans-1,full,5s
srp_Baci.cere._AE017264,full,srp
5s_Erwinia-carotovora-2,full,5s
5s_Sabellastarte-japonica-1,full,5s
RNaseP_T.celerAL1-2,full,RNaseP
tRNA_tdbR00000140-Escherichia_coli-562-His-QUG,full,tRNA
tmRNA_Past.mult._AE006115_1-367,full,tmRNA
telomerase_AF221916.94-481,full,telomerase
tRNA_tdbR00000174-Mus_musculus-10090-Ile-IAU,full,tRNA
telomerase_AF221940.103-499,full,telomerase
5s_Brucella-melitensis-3,full,5s
tmRNA_Azot.vine._TRW-354_1-352,full,tmRNA
tmRNA_Thal.pseu._EF067921_1-344,full,tmRNA
tmRNA_Dict.ther._TRW-14_1-350,full,tmRNA
5s_Meloidogyne-arenaria-1,full,5s
tmRNA_uncu.bact._TRW-32045-4_1-369,full,tmRNA
5s_Nemopsis-dofleini-1,full,5s
srp_Arab.thal._AL161495,full,srp
tRNA_tdbR00000246-Bos_taurus-9913-Leu-NAA,full,tRNA
srp_Medi.trun._BE941271,full,srp
tRNA_tdbR00000581-Aeropyrum_pernix-56636-Lys-CUU,full,tRNA
23s_B.subtilis_domain6,full,23s
tmRNA_Camp.lari._TRW-306263_1-359,full,tmRNA
srp_Homo.sapi._BU566906,full,srp
tmRNA_Dein.radi._TRW-243230_1-349,full,tmRNA
tRNA_tdbR00000481-Spiroplasma_citri-2133-Trp-NCA,full,tRNA
tmRNA_Coxi.burn._AE016828_1-360,full,tmRNA
5s_Thermotoga-maritima-1,full,5s
5s_Xenopus-tropicalis-1,full,5s
grp1_a.I1.e.D.parva.C1.SSU.1512,full,grp1
5s_Akkesiphycus-lubricum-1,full,5s
tRNA_tdbR00000517-Neurospora_crassa-5141-Ini-CAU,full,tRNA
srp_Perk.mari._GSP-31276,full,srp
5s_C_paradoxE,full,5s
5s_Iguana-iguana-1,full,5s
5s_Pteridium-aquilinum-1,full,5s
5s_Yersinia-pseudotuberculosis-1,full,5s
srp_Homo.sapi._X01037,full,srp
srp_Meth.volt._M22560,full,srp
tmRNA_Myco.smeg._CP000480_1-369,full,tmRNA
srp_Meth.acet._X17238,full,srp
srp_Caul.cres._U22036,full,srp
23s_T.thermophilus_domain4,full,23s
srp_Sulf.acid._CP000077,full,srp
5s_Methanothermobacter-thermautotrophicus-7,full,5s
5s_Streptococcus-pyogenes-3,full,5s
RNaseP_B.stearothermophilus,full,RNaseP
5s_Starkeya-novella-1,full,5s
5s_Dehalococcoides-ethenogenes-1,full,5s
5s_Pseudomonas-fluorescens-1,full,5s
5s_Rickettsia-prowazekii-1,full,5s
5s_Onchocerca-cervicalis-1,full,5s
tRNA_tdbR00000498-Gallus_gallus-9031-Trp-BCA,full,tRNA
grp1_a.I1.e.L.dispersa.UNK.SSU.1210,full,grp1
grp1_a.I1.e.C.saccatum.C1.SSU.1512,full,grp1
5s_Streptococcus-pyogenes-1,full,5s
srp_Lodd.elon._GSP-379508,full,srp
5s_Acholeplasma-laidlawii-1,full,5s
5s_Pythium-pachycaule-1,full,5s
grp1_a.I1.e.S.paniceum.UNK.SSU.1506,full,grp1
5s_Itersonilia-perplexans-1,full,5s
5s_Escherichia-coli-6,full,5s
tRNA_tdbR00000043-Haloferax_volcanii-2246-Glu-NUC,full,tRNA
tRNA_tdbR00000429-Enterobacteria_phage_T4-10665-Thr-NGU,full,tRNA
srp_Brev.brev._D12926,full,srp
5s_Finegoldia-magna-2,full,5s
srp_Sorg.bico._BE594178,full,srp
tRNA_tdbR00000613-Nanoarchaeum_equitans-160232-Glu-CUC,full,tRNA
5s_Xenopus-laevis-7,full,5s
grp1_a.I1.e.A.capsulatus.CBS213.53.C1.SSU.943,full,grp1
RNaseP_ESH20b-4,full,RNaseP
RNaseP_N.gonnorhoeae,full,RNaseP
5s_Bacillus-megaterium-2,full,5s
srp_Pseu.aeru._CP000438,full,srp
srp_Baci.amyl._CP000560,full,srp
RNaseP_CPB139,full,RNaseP
srp_Myco.pene._BA000026,full,srp
5s_Saccharomyces-cerevisiae-1,full,5s
5s_Andrias-japonicus-2,full,5s
5s_Methanococcus-maripaludis-1,full,5s
tRNA_tdbR00000028-Hordeum_vulgare-4513-Asp-QUC,full,tRNA
RNaseP_S.mutans,full,RNaseP
RNaseP_SM-A3153,full,RNaseP
srp_Stre.coel._AL939118,full,srp
RNaseP_C.crescentus,full,RNaseP
srp_Proc.mari._CP000554,full,srp
tmRNA_Cory.effi._BA000035_1-376,full,tmRNA
srp_Novo.arom._CP000248,full,srp
RNaseP_C.limicola,full,RNaseP
tRNA_tdbR00000475-Mus_musculus-10090-Val-IAC,full,tRNA
RNaseP_Pseudoanabaena-PCC6903,full,RNaseP
5s_Ascobolus-immersus-4,full,5s
tmRNA_Acid.ferr._TRW-920_1-341,full,tmRNA
5s_Filobasidiella-depauperata-1,full,5s
srp_Rhod.spec._CP000431,full,srp
srp_Ratt.norv._AC091616,full,srp
RNaseP_H.volcanii,full,RNaseP
tRNA_tdbR00000307-Moloney_murine_leukemia_virus-11801-Pro-IGG,full,tRNA
srp_Caen.eleg._Z34533,full,srp
5s_Emericella-nidulans-5,full,5s
srp_Leis.guya._AY722727,full,srp
5s_Magnolia-kobus-1,full,5s
tRNA_tdbR00000154-Mycoplasma_capricolum-2095-Ile-GAU,full,tRNA
tRNA_tdbR00000539-Ovis_aries-9940-Ini-CAU,full,tRNA
5s_Clostridium-acetobutylicum-4,full,5s
5s_Cryptococcus-humicola-1,full,5s
tRNA_tdbR00000078-Ascaris_suum-6253-Phe-GAA,full,tRNA
srp_Myco.vanb._CP000511,full,srp
tRNA_tdbR00000618-Candida_albicans-5476-Leu-CAG,full,tRNA
5s_Spirocodon-saltatrix-1,full,5s
RNaseP_C.testosteroni,full,RNaseP
srp_Lact.delb._CR954253,full,srp
5s_Paracoccus-denitrificans-2,full,5s
telomerase_AF221913.109-520,full,telomerase
tRNA_tdbR00000369-Saccharomyces_cerevisiae-4932-Arg-ICG,full,tRNA
5s_Xenopus-laevis-8,full,5s
srp_Babe.bige._GSP-5866,full,srp
srp_Aspe.fumi._GSP-41122,full,srp
srp_Sali.trop._CP000667,full,srp
RNaseP_M.luteus,full,RNaseP
srp_Alca.bork._AM286690,full,srp
srp_Orni.anat._GSP-9258,full,srp
5s_Caenorhabditis-elegans-3,full,5s
tmRNA_Prev.rumi._TRW-264731_1-401,full,tmRNA
tRNA_tdbR00000148-Ovis_aries-9940-His-QUG,full,tRNA
RNaseP_P.staleyi,full,RNaseP
5s_Bordetella-parapertussis-1,full,5s
srp_Synt.fuma._CP000478,full,srp
srp_Anto.locu._GSP-278021,full,srp
5s_Ehrlichia-chaffeensis-1,full,5s
tRNA_tdbR00000072-Phaseolus_vulgaris-3885-Phe-GAA,full,tRNA
srp_Citr.sine._CN181544,full,srp
5s_Nocardia-farcinica-1,full,5s
5s_Erythromicrobium-ramosum-1,full,5s
5s_Chlamydophila-caviae-1,full,5s
RNaseP_Nocardiodes-NSP41,full,RNaseP
tmRNA_Serr.marc._TRW-273526_1-364,full,tmRNA
srp_Esch.coli._CP000243,full,srp
tmRNA_Xant.oryz._AE013598_1-397,full,tmRNA
tRNA_tdbR00000438-Escherichia_coli-562-Thr-GGU,full,tRNA
tmRNA_Arth.spec._CP000454_1-369,full,tmRNA
RNaseP_S.epidermidis,full,RNaseP
RNaseP_B.bronchiseptica,full,RNaseP
16s_C.elegans_domain4,full,16s
tRNA_tdbR00000400-Loligo_bleekeri-6617-Ser-7CU,full,tRNA
tmRNA_Myco.pulm._AL445565_1-387,full,tmRNA
RNaseP_SM-A02,full,RNaseP
5s_Pseudomonas-syringae-2,full,5s
16s_H.sapiens_domain3,full,16s
RNaseP_C.pecorum-IPA,full,RNaseP
RNaseP_I.calvum,full,RNaseP
srp_Aply.cali._GSP-6500,full,srp
RNaseP_PS8,full,RNaseP
srp_Heli.acin._AM260522,full,srp
5s_Cryptosporidium-parvum-1,full,5s
tRNA_tdbR00000182-Codium_fragile-3133-Lys-NUU,full,tRNA
srp_Shew.onei._AE015625,full,srp
tRNA_tdbR00000414-Lupinus_luteus-3873-Ser-CGA,full,tRNA
5s_Thermomonospora-chromogena-1,full,5s
srp_Camp.jeju._CP000025,full,srp
srp_Pyro.hori._BA000001,full,srp
5s_Tetrahymena-thermophila-3,full,5s
srp_Ther.ther._AE017306,full,srp
srp_Borr.burg._AE001151,full,srp
tmRNA_Lact.john._TRW-257314_1-367,full,tmRNA
srp_Tryp.cong._SDB-5692,full,srp
srp_Rals.sola._AL646063,full,srp
5s_Laccaria-bicolor-1,full,5s
tRNA_tdbR00000379-Enterobacteria_phage_T4-10665-Ser-NGA,full,tRNA
RNaseP_M.phosphovorus-JCM9379,full,RNaseP
5s_Mesorhizobium-loti-1,full,5s
RNaseP_PS22,full,RNaseP
srp_Stap.aure._BX571856,full,srp
5s_Salmonella-enterica-1,full,5s
5s_Vibrio-vulnificus-5,full,5s
RNaseP_ESH7-4,full,RNaseP
5s_Ulva-pertusa-1,full,5s
tRNA_tdbR00000515-Phaseolus_vulgaris-3885-Ini-CAU,full,tRNA
5s_Flexibacter-sp.-1,full,5s
5s_Azoarcus-sp.-1,full,5s
5s_Vibrio-natriegens-1,full,5s
tRNA_tdbR00000119-Escherichia_coli-562-Gly-NCC,full,tRNA
srp_Rhod.spha._CP000143,full,srp
5s_Leptospira-biflexa-1,full,5s
srp_Cryp.homi._GSP-353151,full,srp
5s_Fusobacterium-mortiferum-2,full,5s
5s_Bacillus-clausii-3,full,5s
RNaseP_R.rubrum,full,RNaseP
tmRNA_Bord.pert._TRW-257313_1-387,full,tmRNA
RNaseP_H.trapanicum,full,RNaseP
srp_Unci.rees._GSP-336963,full,srp
srp_Shig.flex._AE014073,full,srp
tmRNA_Meth.flag._CP000284_1-361,full,tmRNA
RNaseP_P.troglodytes,full,RNaseP
5s_Mycoplasma-mobile-1,full,5s
srp_Nitr.euro._BX321857,full,srp
srp_Xant.camp._CP000050,full,srp
srp_Yers.pest._AL590842,full,srp
srp_Mus.musc._AC157822,full,srp
tmRNA_Gemm.obsc._TRW-214688_1-412,full,tmRNA
tRNA_tdbR00000461-Rattus_norvegicus-10116-Val-UAC,full,tRNA
5s_Thermococcus-kodakarensis-2,full,5s
tmRNA_Geob.kaus._BA000043_1-352,full,tmRNA
RNaseP_WC1,full,RNaseP
RNaseP_N.jensenii,full,RNaseP
tRNA_tdbR00000532-Oryctolagus_cuniculus-9986-Ini-CAU,full,tRNA
tmRNA_envi.sequ._TRW-259292_1-355,full,tmRNA
tmRNA_envi.sequ._TRW-351057-3_1-355,full,tmRNA
5s_Rattus-norvegicus-1,full,5s
5s_Exobasidium-vaccinii-1,full,5s
srp_Toxo.gond._CO743022,full,srp
RNaseP_S.caesia-K163,full,RNaseP
5s_Burkholderia-cepacia-2,full,5s
tRNA_tdbR00000156-Bacillus_subtilis-1423-Ile-AU,full,tRNA
tRNA_tdbR00000200-Oryctolagus_cuniculus-9986-Lys-3UU,full,tRNA
5s_S_kowalev2E,full,5s
tmRNA_Mora.cata._AX067460_1-359,full,tmRNA
tRNA_tdbR00000050-Hordeum_vulgare-4513-Glu-SPC,full,tRNA
tmRNA_Stre.miti._TRW-246201_1-348,full,tmRNA
5s_Chaetomorpha-moniligera-1,full,5s
srp_Burk.pseu._CP000572,full,srp
5s_Pinus-silvestris-1,full,5s
tRNA_tdbR00000472-Drosophila_melanogaster-7227-Val-IAC,full,tRNA
srp_Leis.infa._AY781792,full,srp
5s_Tetrahymena-pyriformis-1,full,5s
5s_Rhodobacter-capsulatus-2,full,5s
23s_S.aureus_domain3,full,23s
5s_Bacillus-thuringiensis-4,full,5s
grp1_a.I1.e.P.carinii.Pc1.C1.LSU.1921,full,grp1
5s_Euplotes-vannus-1,full,5s
tRNA_tdbR00000408-Saccharomyces_cerevisiae-4932-Ser-IGA,full,tRNA
RNaseP_ESH7-9,full,RNaseP
RNaseP_N.fulvus-KCTC9580,full,RNaseP
RNaseP_S.glauca-K202,full,RNaseP
srp_Popu.bals._GSP-73824,full,srp
tRNA_tdbR00000195-Rattus_norvegicus-10116-Lys-CUN,full,tRNA
tRNA_tdbR00000107-Haloferax_volcanii-2246-Gly-GCC,full,tRNA
5s_Escherichia-coli-3,full,5s
srp_Erwi.caro._BX950851,full,srp
5s_Candida-melibiosica-1,full,5s
srp_Gibb.zeae._GSP-229533,full,srp
RNaseP_CPA63,full,RNaseP
5s_Geobacillus-kaustophilus-3,full,5s
5s_Nocardia-asteroides-1,full,5s
RNaseP_LGW116,full,RNaseP
srp_Bras.napu._EE409827,full,srp
srp_Fran.tula._CP000439,full,srp
5s_Helix-pomatia-1,full,5s
16s_H.sapiens_domain4,full,16s
srp_Thei.annu._NW_001091934,full,srp
5s_Alcaligenes-sp.-1,full,5s
srp_Stre.pyog._CP000262,full,srp
5s_Bacillus-amyloliquefaciens-1,full,5s
tmRNA_Xant.camp._AM039952_1-397,full,tmRNA
srp_Myco.spec._CP000580,full,srp
5s_Corynebacterium-xerosis-2,full,5s
srp_Gibb.moni._GSP-334819,full,srp
RNaseP_C.paradoxa-cyanelle,full,RNaseP
telomerase_AF221929.92-517,full,telomerase
RNaseP_C.hydrogenoformans,full,RNaseP
srp_Nitr.mult._CP000103,full,srp
tRNA_tdbR00000244-Rattus_norvegicus-10116-Leu-UAG,full,tRNA
5s_Bacteroides-fragilis-3,full,5s
16s_P.occultum_domain4,full,16s
5s_Puccinia-poarum-1,full,5s
srp_Idio.loih._AE017340,full,srp
5s_Bacillus-subtilis-4,full,5s
tRNA_tdbR00000366-Rattus_norvegicus-10116-Arg-UCG,full,tRNA
tmRNA_Stre.uber._TRW-218495_1-350,full,tmRNA
tmRNA_Chla.trac._TRW-813-1_1-420,full,tmRNA
srp_Medi.trun._AC146941,full,srp
tRNA_tdbR00000556-Schizosaccharomyces_pombe-4896-Tyr-GPA,full,tRNA
RNaseP_A.laidlawii,full,RNaseP
16s_M.polymorpha_domain3,full,16s
srp_Sino.meli._AL591782,full,srp
srp_Cory.glut._BA000036,full,srp
srp_Cand.albi._GSP-237561,full,srp
RNaseP_SM-A1519,full,RNaseP
srp_Mann.succ._AE016827,full,srp
srp_Medi.trun._AC136507-2,full,srp
srp_Dict.disc._BJ360333,full,srp
tRNA_tdbR00000203-Loligo_bleekeri-6617-Lys-NUU,full,tRNA
tmRNA_uncu.bact._TRW-383630-1_1-364,full,tmRNA
5s_Mycobacterium-avium-1,full,5s
RNaseP_B.halodurans,full,RNaseP
5s_Mycobacterium-tuberculosis-3,full,5s
5s_Acanthamoeba-castellanii-1,full,5s
tRNA_tdbR00000364-Ascaris_suum-6253-Arg-ACG,full,tRNA
srp_Micr.lyso._M31831,full,srp
srp_Dein.radi._AE000513,full,srp
tmRNA_Dich.nodo._TRW-35819_1-352,full,tmRNA
tRNA_tdbR00000444-Saccharomyces_cerevisiae-4932-Thr-IGU,full,tRNA
srp_Baci.amyl._D11416,full,srp
5s_Thermotoga-petrophila-1,full,5s
RNaseP_Prochlorococcus-TATL2,full,RNaseP
5s_Filobasidium-floriforme-1,full,5s
tmRNA_Syne.spec._D90916_1-396,full,tmRNA
5s_Fusarium-lunulosporum-1,full,5s
srp_Bras.napu._EE411027,full,srp
5s_Clostridium-acetobutylicum-1,full,5s
RNaseP_Nostoc-PCC7413,full,RNaseP
5s_Euglena-gracilis-2,full,5s
RNaseP_C.psittaci-2,full,RNaseP
tmRNA_Chla.abor._CR848038_1-425,full,tmRNA
5s_Schizosaccharomyces-pombe-1,full,5s
5s_Mytilus-edulis-2,full,5s
srp_Geob.ther._CP000557,full,srp
tmRNA_Shew.frig._CP000447_1-356,full,tmRNA
tRNA_tdbR00000531-Phaseolus_vulgaris-3885-Ini-CAU,full,tRNA
srp_Acin.baum._CP000521,full,srp
srp_Homo.sapi._BF909438,full,srp
srp_Ther.mari._AE000512,full,srp
5s_Acetobacter-aceti-2,full,5s
RNaseP_SM-A1214,full,RNaseP
tRNA_tdbR00000098-Xenopus_laevis-8355-Phe-AA,full,tRNA
RNaseP_Anabaena-ATCC29413,full,RNaseP
srp_Noca.farc._AP006618,full,srp
tRNA_tdbR00000589-Aeropyrum_pernix-56636-Arg-UCU,full,tRNA
5s_Blakeslea-trispora-1,full,5s
tRNA_tdbR00000316-Bacillus_subtilis-1423-Pro-5GG,full,tRNA
srp_Pseu.ento._CT573326,full,srp
RNaseP_G.sulfurreducens,full,RNaseP
tmRNA_Chla.muri._AE002296_1-418,full,tmRNA
srp_List.mono._AL591984,full,srp
5s_Drosophila-sechellia-1,full,5s
srp_Neis.meni._AL157959,full,srp
srp_Tetr.ther._X56981,full,srp
tRNA_tdbR00000342-Bos_taurus-9913-Gln-CUG,full,tRNA
5s_Emplectonema-gracile-2,full,5s
16s_E.coli_domain2,full,16s
tmRNA_Xyle.fast._AE004078_1-355,full,tmRNA
16s_Z.mays_domain1,full,16s
srp_Arab.tha._X55111,full,srp
srp_Leis.guya._AY722728,full,srp
tmRNA_Shig.sonn._CP000038_1-363,full,tmRNA
srp_Aspe.flav._GSP-332952,full,srp
srp_Zea.mays._CF602412,full,srp
srp_Esch.coli._AE005174,full,srp
tRNA_tdbR00000576-Leishmania_tarentolae-5689-Asp-GUC,full,tRNA
srp_Cryp.parv._AA532232,full,srp
srp_Leis.dono._AY781794,full,srp
5s_Bacillus-cereus-10,full,5s
5s_Agaricostilbum-pulcherrimum-1,full,5s
RNaseP_S.carlsbergensis,full,RNaseP
5s_Thiomicrospira-sp.-1,full,5s
5s_Lethenteron-japonicum-1,full,5s
srp_Haem.infl._BD426631,full,srp
srp_Ther.volc._BA000011,full,srp
tmRNA_Myco.hyop._TRW-262719_1-433,full,tmRNA
5s_Symbiobacterium-thermophilum-4,full,5s
5s_Chlorella-pyrenoidosa-1,full,5s
5s_Atractiella-solani-1,full,5s
5s_Halocynthia-roretzi-1,full,5s
5s_Lethenteron-reissneri-1,full,5s
5s_Tilletiaria-anomala-1,full,5s
srp_Urea.parv._AE002112,full,srp
srp_Myco.geni._L43967,full,srp
16s_C.reinhardtii.chloro_domain1,full,16s
5s_Bacillus-cereus-7,full,5s
5s_Pseudomonas-fluorescens-2,full,5s
5s_Lingula-anatina-2,full,5s
srp_Volv.cart._GSP-51971-1,full,srp
tmRNA_Vibr.fisc._CP000020_1-367,full,tmRNA
RNaseP_CPB149,full,RNaseP
srp_Baci.thur._D11412,full,srp
srp_Myco.hyop._AE017243,full,srp
5s_Meloidogyne-artiellia-1,full,5s
srp_Dros.moja._GSP-7230,full,srp
RNaseP_P.hollandica,full,RNaseP
tRNA_tdbR00000450-Haloferax_volcanii-2246-Val-GAC,full,tRNA
tmRNA_Clos.diff._AM180355_1-350,full,tmRNA
23s_E.coli_domain3,full,23s
tmRNA_Sali.rube._CP000159_1-369,full,tmRNA
srp_Lact.lact._AM406671,full,srp
RNaseP_SM-A5888,full,RNaseP
srp_Ferr.acid._GSP-333146,full,srp
srp_Bras.napu._EE410150,full,srp
tmRNA_Dein.radi._AE001939_1-346,full,tmRNA
tmRNA_Prop.acne._TRW-1747-2_1-353,full,tmRNA
tmRNA_Clos.perf._CP000312_1-361,full,tmRNA
tRNA_tdbR00000389-Bacillus_subtilis-1423-Ser-GGA,full,tRNA
tRNA_tdbR00000159-Escherichia_coli-562-Ile-GAU,full,tRNA
tRNA_tdbR00000594-Ascaris_suum-6253-Leu-AA,full,tRNA
5s_Dryopteris-acuminata-1,full,5s
srp_Bruc.abor._AE017223,full,srp
5s_Methanosarcina-mazei-1,full,5s
tRNA_tdbR00000227-Geobacillus_stearothermophilus-1422-Leu-BAA,full,tRNA
RNaseP_E.coli-JM109,full,RNaseP
5s_Micrococcus-luteus-2,full,5s
tmRNA_Salm.ente._TRW-149539_1-363,full,tmRNA
5s_Planococcus-kocurii-1,full,5s
RNaseP_LGB21,full,RNaseP
telomerase_AF221908.136-584,full,telomerase
5s_Streptomyces-nodosus-2,full,5s
srp_Porp.yezo._AP006715,full,srp
tmRNA_Heli.pylo._AE001503_1-383,full,tmRNA
tRNA_tdbR00000059-Rattus_norvegicus-10116-Glu-3UC,full,tRNA
tmRNA_Emil.huxl._AY741371_1-291,full,tmRNA
tRNA_tdbR00000505-Mycoplasma_mycoides-2102-Ini-CAU,full,tRNA
5s_Halorubrum-distributum-7,full,5s
RNaseP_S.viridis-K197,full,RNaseP
RNaseP_C.diphtheriae,full,RNaseP
tmRNA_Stap.epid._TRW-1282-2_1-362,full,tmRNA
5s_Neurospora-intermedia-2,full,5s
5s_Pseudomonas-stutzeri-2,full,5s
RNaseP_M.fermentans,full,RNaseP
5s_Saccharopolyspora-gregorii-1,full,5s
srp_Xant.oryz._AP008229,full,srp
5s_Haemophilus-influenzae-1,full,5s
5s_Pseudonocardia-halophobica-1,full,5s
5s_Halobacterium-salinarum-2,full,5s
srp_Para.symb._BX908798,full,srp
tRNA_tdbR00000327-Enterobacteria_phage_T4-10665-Gln-NUG,full,tRNA
srp_Chla.pneu._AE001624,full,srp
tRNA_tdbR00000006-Mycoplasma_mycoides-2102-Ala-UGC,full,tRNA
5s_Bartonella-quintana-2,full,5s
srp_Proc.mari._BX572093,full,srp
srp_Leis.braz._AY722724,full,srp
5s_Kutzneria-albida-1,full,5s
srp_Yers.pest._AE009952,full,srp
RNaseP_WB3,full,RNaseP
5s_Arthrobacter-polychromogenes-1,full,5s
5s_Clavibacter-michiganensis-1,full,5s
16s_H.volcanii_domain3,full,16s
srp_Chla.pneu._AE002161,full,srp
tmRNA_Meth.caps._AE017282_1-356,full,tmRNA
tmRNA_Legi.pneu._CR628337_1-406,full,tmRNA
5s_Rhodobacter-sphaeroides-1,full,5s
5s_Fusarium-culmorum-5,full,5s
tmRNA_Xant.camp._AE012247_1-397,full,tmRNA
5s_Escherichia-coli-11,full,5s
RNaseP_SLC,full,RNaseP
srp_Trit.aest._CJ679223,full,srp
5s_Acidithiobacillus-ferrooxidans-1,full,5s
RNaseP_B.anthracis,full,RNaseP
srp_Myco.lepr._AL023596,full,srp
srp_Sphi.alas._CP000356,full,srp
RNaseP_T.aquaticus,full,RNaseP
5s_Kondoa-malvinella-1,full,5s
tRNA_tdbR00000245-Rattus_norvegicus-10116-Leu-UAG,full,tRNA
tmRNA_Haem.ducr._AE017143_1-367,full,tmRNA
srp_Yers.pest._CP000308,full,srp
srp_Trop.whip._AE014184,full,srp
srp_Rhod.balt._BX294144,full,srp
5s_Bacillus-thuringiensis-3,full,5s
srp_Stap.epid._AE015929,full,srp
tmRNA_Azoa.spec._TRW-62928_1-378,full,tmRNA
5s_Streptomyces-avermitilis-1,full,5s
5s_Wuchereria-bancrofti-1,full,5s
RNaseP_Prochlorococcus-TATL2-2,full,RNaseP
5s_Streptomyces-avermitilis-3,full,5s
16s_A.fulgidus_domain3,full,16s
5s_Bordetella-pertussis-1,full,5s
tmRNA_Myco.geni._TRW-243273_1-388,full,tmRNA
srp_Para.bras._CN240152,full,srp
srp_Clos.ther._CP000568,full,srp
RNaseP_Prochlorococcus-TAK9803-2,full,RNaseP
srp_Myco.aviu._AE017228,full,srp
5s_Azospirillum-lipoferum-1,full,5s
5s_Artemia-sp.-1,full,5s
5s_Bacillus-methanolicus-9,full,5s
tmRNA_List.inno._TRW-1642-2_1-370,full,tmRNA
grp1_a.I1.e.T.hyperangularis.C1.LSU.1925,full,grp1
RNaseP_Onchorhynchus-sp-2,full,RNaseP
RNaseP_B.bufo,full,RNaseP
5s_Corynebacterium-jeikeium-1,full,5s
tRNA_tdbR00000324-Saccharomyces_cerevisiae-4932-Pro-NGG,full,tRNA
tRNA_tdbR00000090-Lupinus_luteus-3873-Phe-AA,full,tRNA
tRNA_tdbR00000276-Escherichia_coli-562-Met-MAU,full,tRNA
5s_Bacillus-halodurans-2,full,5s
tRNA_tdbR00000537-Mus_musculus-10090-Ini-CAU,full,tRNA
srp_Pseu.syri._CP000075,full,srp
5s_Mannheimia-succiniciproducens-1,full,5s
5s_Ambystoma-salmoides-1,full,5s
srp_Myco.gall._AE015450,full,srp
5s_Sporosarcina-pasteurii-1,full,5s
srp_Rals.eutr._AM260479,full,srp
tRNA_tdbR00000356-Escherichia_coli-562-Arg-ICG,full,tRNA
srp_Rick.feli._CP000053,full,srp
RNaseP_SM-A2539,full,RNaseP
tmRNA_Cyan.cald._AF022186_1-254,full,tmRNA
RNaseP_CPB147,full,RNaseP
5s_Artemia-sp.-4,full,5s
srp_Meth.mari._BX957223,full,srp
grp1_a.I1.e.E.dermatitidis.C1.SSU.943,full,grp1
5s_Cystobacter-fuscus-1,full,5s
RNaseP_M.avium,full,RNaseP
srp_Dros.mela._AC002512,full,srp
tRNA_tdbR00000299-Asterias_amurensis-7602-Asn-GPU,full,tRNA
tRNA_tdbR00000053-Bos_taurus-9913-Glu-NUC,full,tRNA
RNaseP_SM-A2743,full,RNaseP
grp1_a.I1.e.C.ellipsoidea.211-1a.C1.SSU.1506,full,grp1
srp_Trep.pall._AE001187,full,srp
tmRNA_Thio.deni._CP000116_1-367,full,tmRNA
5s_Crypthecodinium-cohnii-1,full,5s
5s_Yersinia-pseudotuberculosis-3,full,5s
tRNA_tdbR00000412-Candida_cylindracea-44322-Ser-CGA,full,tRNA
tmRNA_Porp.ging._TRW-242619_1-407,full,tmRNA
5s_Caulobacter-sp.-6,full,5s
tmRNA_Myco.hyop._TRW-295358_1-424,full,tmRNA
RNaseP_B.pertussis,full,RNaseP
RNaseP_LGW17,full,RNaseP
srp_Hahe.chej._CP000155,full,srp
5s_Linderina-macrospora-1,full,5s
tRNA_tdbR00000054-Saccharomyces_cerevisiae-4932-Glu-3UC,full,tRNA
RNaseP_Z.florentinus,full,RNaseP
RNaseP_T.maritima,full,RNaseP
16s_T.gondii_domain4,full,16s
5s_Pyrococcus-woesei-1,full,5s
tmRNA_Shew.spec._CP000444_1-355,full,tmRNA
RNaseP_vHge2,full,RNaseP
tRNA_tdbR00000042-Haloferax_volcanii-2246-Glu-MUC,full,tRNA
srp_Ence.cuni._AL590449,full,srp
tmRNA_Chla.pneu._TRW-83558_1-426,full,tmRNA
RNaseP_T.album,full,RNaseP
tRNA_tdbR00000340-Nicotiana_rustica-4093-Gln-JUG,full,tRNA
tmRNA_List.gray._AF440336_1-321,full,tmRNA
srp_Fran.tula._CP000437,full,srp
5s_Neurospora-crassa-2,full,5s
tmRNA_Baci.cere._TRW-226900_1-355,full,tmRNA
5s_Bacillus-licheniformis-6,full,5s
RNaseP_SM-A1012,full,RNaseP
5s_Acidiphilium-acidophilum-1,full,5s
5s_Chlamydomonas-reinhardtii-1,full,5s
RNaseP_SM-A5382,full,RNaseP
srp_Fran.tula._CP000608,full,srp
srp_Plas.reic._GSP-5854,full,srp
tmRNA_Rubr.gela._TRW-279263_1-372,full,tmRNA
5s_Lactobacillus-plantarum-1,full,5s
tmRNA_Stre.aver._BA000030_1-389,full,tmRNA
5s_Haemophilus-influenzae-6,full,5s
5s_Chlamydophila-pneumoniae-1,full,5s
RNaseP_P.azotoformans,full,RNaseP
srp_Yarr.lipo._M20837,full,srp
srp_Ther.koda._AP006878,full,srp
5s_Neurospora-intermedia-3,full,5s
srp_Eime.tene._GSP-413949,full,srp
tmRNA_Burk.thai._CP000086_1-370,full,tmRNA
tmRNA_Exig.sibi._TRW-262543_1-359,full,tmRNA
tmRNA_Camp.jeju._CP000025_1-359,full,tmRNA
srp_Asco.apis._GSP-392613,full,srp
tRNA_tdbR00000132-Lupinus_luteus-3873-Gly-GCC,full,tRNA
tmRNA_Baci.subt._Z99121_1-360,full,tmRNA
srp_Camp.jeju._AL139074,full,srp
5s_Chlamydia-muridarum-2,full,5s
5s_Finegoldia-magna-1,full,5s
RNaseP_P.abyssi,full,RNaseP
tmRNA_Neis.meni._AE002452_1-360,full,tmRNA
srp_Xant.camp._AM039952,full,srp
tmRNA_Burk.mall._CP000010_1-370,full,tmRNA
5s_Ascaris-lumbricoides-1,full,5s
5s_Vibrio-cholerae-3,full,5s
5s_Lactococcus-lactis-2,full,5s
tmRNA_Stre.pneu._AE008453_1-348,full,tmRNA
srp_Wolb.endo._AE017196,full,srp
tRNA_tdbR00000455-Escherichia_coli-562-Val-GAC,full,tRNA
RNaseP_PS31,full,RNaseP
5s_Vitreoscilla-filiformis-1,full,5s
srp_Dani.reri._CR854846,full,srp
srp_Aspe.oryz._AP007169,full,srp
5s_Phaffia-rhodozyma-1,full,5s
RNaseP_D.desulfuricans,full,RNaseP
tRNA_tdbR00000330-Haloferax_volcanii-2246-Gln-MUG,full,tRNA
5s_Streptomyces-sp.-1,full,5s
telomerase_AF221917.99-542,full,telomerase
5s_Caenorhabditis-briggsae-1,full,5s
RNaseP_SMB-B2,full,RNaseP
5s_Rhodococcus-fascians-1,full,5s
srp_Zymo.mobi._AF203881,full,srp
srp_Homo.sapi._BF908693,full,srp
srp_Para.bras._CN241909,full,srp
5s_Bacillus-firmus-1,full,5s
tmRNA_Lact.lact._AF176556_1-359,full,tmRNA
5s_Ureaplasma-urealyticum-1,full,5s
RNaseP_LGA1,full,RNaseP
RNaseP_SM-A1726,full,RNaseP
RNaseP_M.vannielli,full,RNaseP
srp_Stap.aure._AC025951,full,srp
tmRNA_Fuso.nucl._TRW-393480_1-344,full,tmRNA
5s_Thermotoga-neapolitana-2,full,5s
srp_Chae.glob._GSP-306901,full,srp
tRNA_tdbR00000223-Salmonella_typhimurium-602-Leu-CAG,full,tRNA
tRNA_tdbR00000280-Saccharomyces_cerevisiae-4932-Met-CAU,full,tRNA
tRNA_tdbR00000080-Bos_taurus-9913-Phe-GAA,full,tRNA
tRNA_tdbR00000061-Mus_musculus-10090-Glu-CUC,full,tRNA
tmRNA_Stre.pyog._AE010048_1-348,full,tmRNA
RNaseP_B.thetaiotaomicron,full,RNaseP
5s_Methanothermobacter-thermautotrophicus-2,full,5s
5s_Tetrahymena-thermophila-1,full,5s
5s_Beggiatoa-alba-1,full,5s
5s_Penicillium-chrysogenum-1,full,5s
5s_Salmonella-enterica-4,full,5s
srp_Lact.john._AX926712,full,srp
5s_Bacteroides-thetaiotaomicron-1,full,5s
5s_Streptomyces-ambofaciens-1,full,5s
tRNA_tdbR00000328-Enterobacteria_phage_T5-10726-Gln-UUG,full,tRNA
RNaseP_E.coli,full,RNaseP
tRNA_tdbR00000585-Aeropyrum_pernix-56636-Thr-CGU,full,tRNA
tmRNA_Esch.coli._CP000247_1-363,full,tmRNA
srp_Leis.aeth._AY722730,full,srp
5s_Corynebacterium-glutamicum-1,full,5s
5s_Amycolatopsis-methanolica-1,full,5s
RNaseP_P.strasburgensis,full,RNaseP
tmRNA_Esch.coli._AE005491_1-363,full,tmRNA
srp_Wolb.endo._AB080664,full,srp
tRNA_tdbR00000295-Escherichia_coli-562-Asn-QUU,full,tRNA
16s_H.sapiens.mito_domain2,full,16s
5s_Methylophilus-methylotrophus-1,full,5s
RNaseP_ERE,full,RNaseP
RNaseP_T.littoralis,full,RNaseP
5s_Brevibacterium-helvolum-1,full,5s
5s_Hyphomicrobium-sp.-5,full,5s
tRNA_tdbR00000067-Escherichia_coli-562-Phe-GAA,full,tRNA
tRNA_tdbR00000085-Schizosaccharomyces_pombe-4896-Phe-AA,full,tRNA
5s_Burkholderia-cepacia-3,full,5s
srp_Meth.maze._AE008384,full,srp
grp1_a.I1.e.C.grayi.UNK.SSU.1516,full,grp1
tRNA_tdbR00000397-Saccharomyces_cerevisiae-4932-Ser-UGA,full,tRNA
5s_Arthrobacter-globiformis-2,full,5s
srp_Thal.pseu._EF067921,full,srp
16s_G.intestinalis_domain4,full,16s
tmRNA_Clos.teta._AE015927_1-355,full,tmRNA
16s_M.polymorpha_domain4,full,16s
5s_Bacteroides-fragilis-1,full,5s
5s_Shigella-flexneri-2,full,5s
srp_Pseu.syri._AE016853,full,srp
5s_Vibrio-alginolyticus-1,full,5s
5s_Listeria-monocytogenes-3,full,5s
5s_Fusarium-pseudograminearum-4,full,5s
5s_Vibrio-parahaemolyticus-6,full,5s
tRNA_tdbR00000430-Halobacterium_salinarum-2242-Thr-GGU,full,tRNA
tRNA_tdbR00000048-Synechocystis_sp.-1143-Glu-NUC,full,tRNA
tRNA_tdbR00000157-Thermus_thermophilus-274-Ile-GAU,full,tRNA
srp_Stap.aure._CP000703,full,srp
srp_Ther.ther._AP008226,full,srp
tRNA_tdbR00000336-Aedes_albopictus-7160-Gln-NUG,full,tRNA
tmRNA_Meso.viri._AF166114_1-359,full,tmRNA
srp_Homo.sapi._BE083383,full,srp
srp_Tric.spir._GSP-6334,full,srp
srp_Stre.pyog._CP000260,full,srp
5s_Lethenteron-japonicum-2,full,5s
tmRNA_Alka.meta._TRW-293826_1-355,full,tmRNA
tRNA_tdbR00000622-Nicotiana_rustica-4093-Cys-GCA,full,tRNA
RNaseP_S.polymorpha,full,RNaseP
5s_Lactobacillus-delbrueckii-1,full,5s
srp_Oryc.cuni._AB021174,full,srp
srp_Sacc.eryt._AM420293,full,srp
srp_Leis.infa._AM502223,full,srp
tmRNA_Stre.pyog._TRW-1314-1_1-348,full,tmRNA
RNaseP_CPB72,full,RNaseP
5s_Alcaligenes-faecalis-2,full,5s
5s_Gelidium-amansii-2,full,5s
tRNA_tdbR00000011-Neurospora_crassa-5141-Ala-UGC,full,tRNA
5s_Mytilus-edulis-1,full,5s
srp_Lact.case._CP000423,full,srp
tRNA_tdbR00000003-Haloferax_volcanii-2246-Ala-GGC,full,tRNA
tRNA_tdbR00000559-Triticum_aestivum-4565-Tyr-GPA,full,tRNA
srp_Homo.sapi._BF909563,full,srp
5s_Dicyema-misakiense-1,full,5s
tRNA_tdbR00000187-Loligo_bleekeri-6617-Lys-CUU,full,tRNA
5s_Rhodopirellula-baltica-1,full,5s
srp_Halo.spec._AE004437,full,srp
tRNA_tdbR00000105-Halobacterium_salinarum-2242-Gly-GCC,full,tRNA
telomerase_AF221935.112-602,full,telomerase
5s_Bacillus-methanolicus-8,full,5s
tRNA_tdbR00000575-Leishmania_tarentolae-5689-Thr-CGU,full,tRNA
tRNA_tdbR00000522-Bos_taurus-9913-Ini-AU,full,tRNA
srp_Baci.subt._X12642,full,srp
srp_Desu.psyc._CR522870,full,srp
5s_Curtobacterium-citreum-1,full,5s
tRNA_tdbR00000117-Escherichia_coli-562-Gly-CCC,full,tRNA
5s_Prauserella-rugosa-1,full,5s
5s_Thermoplasma-acidophilum-1,full,5s
RNaseP_S.uvarum,full,RNaseP
5s_Thermomyces-lanuginosus-1,full,5s
tRNA_tdbR00000587-Aeropyrum_pernix-56636-Met-CAU,full,tRNA
tRNA_tdbR00000222-Escherichia_coli-562-Leu-GAG,full,tRNA
tRNA_tdbR00000614-Nanoarchaeum_equitans-160232-Ini-CAU,full,tRNA
16s_B.burgdorferi_domain3,full,16s
srp_Baci.cere._D11413,full,srp
tmRNA_Mann.haem._TRW-272629_1-367,full,tmRNA
5s_Gnetum-gnemon-1,full,5s
srp_Stap.aure._AP009351,full,srp
5s_Fusarium-cerealis-8,full,5s
5s_Rumex-acetosa-1,full,5s
RNaseP_S.putrefaciens,full,RNaseP
tmRNA_Myco.geni._U39713_1-385,full,tmRNA
5s_Streptomyces-rimosus-2,full,5s
RNaseP_L.japonicus-IFO15385,full,RNaseP
srp_Clos.acet._AE007525,full,srp
tRNA_tdbR00000428-Homo_sapiens-9606-Ser-UGA,full,tRNA
RNaseP_Synechococcus-PCC6717,full,RNaseP
tRNA_tdbR00000334-Hordeum_vulgare-4513-Gln-UG,full,tRNA
srp_Stap.epid._AE016751,full,srp
5s_Cryptococcus-laurentii-1,full,5s
RNaseP_B.burgdorferi,full,RNaseP
5s_Bifidobacterium-longum-1,full,5s
tmRNA_Baci.lich._CP000002_1-356,full,tmRNA
5s_Enchytraeus-albidus-1,full,5s
5s_Xenopus-laevis-3,full,5s
srp_Rhod.spha._CP000577,full,srp
srp_Sacc.para._BN000251,full,srp
tmRNA_Erwi.chry._TRW-198628_1-381,full,tmRNA
5s_Chlamydophila-abortus-1,full,5s
srp_Enta.terr._GSP-110771,full,srp
5s_Listeria-monocytogenes-2,full,5s
srp_Prun.arme._CV045835,full,srp
tRNA_tdbR00000012-Saccharomyces_cerevisiae-4932-Ala-IGC,full,tRNA
5s_Bacillus-subtilis-6,full,5s
tRNA_tdbR00000155-Mycoplasma_mycoides-2102-Ile-GAU,full,tRNA
tmRNA_Neis.gono._TRW-242231_1-363,full,tmRNA
tmRNA_Ente.faec._BD193796_1-367,full,tmRNA
tRNA_tdbR00000039-Oryctolagus_cuniculus-9986-Asp-8UC,full,tRNA
srp_Coxi.burn._AE016828,full,srp
RNaseP_M.fervidus,full,RNaseP
5s_Trichostrongylus-colubriformis-1,full,5s
tRNA_tdbR00000352-Mycoplasma_capricolum-2095-Arg-ICG,full,tRNA
5s_Bacillus-halodurans-1,full,5s
grp1_s.I1.e.T.thermophila.C1.LSU.1925.schem,full,grp1
5s_Streptococcus-pneumoniae-2,full,5s
tmRNA_Geob.stea._TRW-1422_1-352,full,tmRNA
5s_Comamonas-testosteroni-1,full,5s
tRNA_tdbR00000172-Lupinus_luteus-3873-Ile-IAU,full,tRNA
tRNA_tdbR00000439-Spinacia_oleracea-3562-Thr-GGU,full,tRNA
srp_Shew.balt._CP000563,full,srp
RNaseP_S.cerevisiae,full,RNaseP
srp_Buch.aphi._AE014017,full,srp
srp_Camp.jeju._AL111168,full,srp
srp_Mari.aqua._CP000514,full,srp
tRNA_tdbR00000431-Haloferax_volcanii-2246-Thr-CGU,full,tRNA
tRNA_tdbR00000094-Bombyx_mori-7091-Phe-AA,full,tRNA
tmRNA_uncu.bact._TRW-80840-2_1-379,full,tmRNA
tmRNA_Odon.sine._TRW-2839_1-371,full,tmRNA
srp_Esch.coli._AE016756,full,srp
5s_Anaplasma-phagocytophilum-1,full,5s
5s_Ustilago-hordei-1,full,5s
srp_Cion.inte._BW230361,full,srp
tmRNA_Esch.coli._TRW-331111_1-363,full,tmRNA
RNaseP_ESH183A,full,RNaseP
5s_Rickettsia-moozeri-1,full,5s
RNaseP_R.norvegicus,full,RNaseP
5s_Fusarium-lunulosporum-7,full,5s
5s_Bugula-neritina-1,full,5s
tRNA_tdbR00000497-Bos_taurus-9913-Trp-BCA,full,tRNA
tmRNA_List.inno._TRW-1642-1_1-370,full,tmRNA
23s_H.pylori_domain4,full,23s
5s_Empedobacter-brevis-1,full,5s
tRNA_tdbR00000411-Candida_cylindracea-44322-Ser-IGA,full,tRNA
srp_Meth.jann._L77117,full,srp
5s_Cancer-pagurus-1,full,5s
srp_Rick.prow._AJ235273,full,srp
5s_Mycoplasma-pulmonis-1,full,5s
5s_Spirogyra-sp.-1,full,5s
RNaseP_P131,full,RNaseP
tRNA_tdbR00000092-Oryctolagus_cuniculus-9986-Phe-AA,full,tRNA
RNaseP_N.meningtidis-MC58,full,RNaseP
srp_Kleb.pneu._CP000647,full,srp
5s_Cellulosimicrobium-cellulans-1,full,5s
grp1_a.I1.e.C.ellipsoidea.IAMC-87.C1.SSU.1506,full,grp1
5s_Gossypium-hirsutum-1,full,5s
srp_Spra.loph._GSP-51541,full,srp
5s_Hyphomonas-polymorpha-1,full,5s
RNaseP_L.ferrooxidans-MK,full,RNaseP
tRNA_tdbR00000208-Mus_musculus-10090-Lys-CUN,full,tRNA
RNaseP_S.equi,full,RNaseP
tmRNA_Rals.sola._AL646061_1-357,full,tmRNA
srp_Lyco.escu._Z29107,full,srp
srp_Myco.gall._AE016968,full,srp
RNaseP_CPB69,full,RNaseP
5s_Chlamydia-muridarum-1,full,5s
tRNA_tdbR00000116-Bacillus_subtilis-1423-Gly-CC,full,tRNA
RNaseP_S.aureus-2,full,RNaseP
srp_Sphi.witt._CP000699,full,srp
tRNA_tdbR00000136-Homo_sapiens-9606-Gly-GCC,full,tRNA
5s_Moritella-marina-1,full,5s
tRNA_tdbR00000285-Triticum_aestivum-4565-Met-BAU,full,tRNA
RNaseP_A.ferrooxidans,full,RNaseP
tRNA_tdbR00000210-Enterobacteria_phage_T5-10726-Leu-UAG,full,tRNA
tmRNA_Noca.farc._AP006618_1-368,full,tmRNA
5s_Vibrio-vulnificus-2,full,5s
tRNA_tdbR00000346-Homo_sapiens-9606-Gln-NUG,full,tRNA
srp_Tryp.bruc._X57047,full,srp
5s_Arthrobacter-luteus-1,full,5s
tRNA_tdbR00000190-Bos_taurus-9913-Lys-NUU,full,tRNA
5s_Tremella-mesenterica-2,full,5s
srp_Stre.pneu._AE007319,full,srp
srp_Fran.tula._AJ749949,full,srp
5s_Terrapene-carolina-1,full,5s
5s_Colwellia-psychrerythraea-2,full,5s
tRNA_tdbR00000197-Rattus_norvegicus-10116-Lys-3UU,full,tRNA
tRNA_tdbR00000074-Tetrahymena_pyriformis-5908-Phe-GAA,full,tRNA
5s_Sinorhizobium-meliloti-1,full,5s
5s_Halorubrum-distributum-6,full,5s
5s_Cryptococcus-albidus-1,full,5s
tmRNA_Salm.bong._TRW-218493_1-363,full,tmRNA
5s_Streptomyces-roseoverticillatus-1,full,5s
5s_Plagiomnium-trichomanes-1,full,5s
5s_Streptomyces-cinereus-1,full,5s
srp_Ajel.caps._CV620298,full,srp
grp1_a.I1.e.B.ciliata.JCM6865.C1.SSU.1506,full,grp1
srp_Chla.muri._AE002160,full,srp
tmRNA_Desu.psyc._CR522870_1-366,full,tmRNA
5s_Listonella-anguillarum-1,full,5s
tRNA_tdbR00000143-Asterias_amurensis-7602-His-QUG,full,tRNA
telomerase_AF221919.107-614,full,telomerase
RNaseP_SL2D,full,RNaseP
tRNA_tdbR00000608-Lupinus_luteus-3873-Leu-UAA,full,tRNA
5s_Bacillus-cereus-9,full,5s
tRNA_tdbR00000216-Mycoplasma_capricolum-2095-Leu-BAA,full,tRNA
tmRNA_Yers.pseu._AR948532_1-364,full,tmRNA
srp_Gall.gall._AB073218,full,srp
5s_Fusarium-cerealis-2,full,5s
tRNA_tdbR00000446-Halobacterium_salinarum-2242-Val-CAC,full,tRNA
5s_Methanobrevibacter-ruminantium-1,full,5s
tRNA_tdbR00000029-Asterias_amurensis-7602-Asp-QUC,full,tRNA
5s_Bartonella-henselae-2,full,5s
5s_Arthrobacter-oxydans-1,full,5s
tRNA_tdbR00000068-Rhodospirillum_rubrum-1085-Phe-GAA,full,tRNA
tmRNA_Baci.cere._AE017194_1-355,full,tmRNA
tmRNA_Burk.ceno._CP000378_1-370,full,tmRNA
5s_Fusarium-cerealis-5,full,5s
srp_Ento.sulc._AF095839,full,srp
5s_Sargassum-fulvellum-1,full,5s
srp_Lyco.escu._Z29103,full,srp
5s_Samia-cynthia-ricini-1,full,5s
5s_Anthoceros-punctatus-1,full,5s
srp_Pseu.stut._CP000304,full,srp
RNaseP_LGB23,full,RNaseP
5s_Candida-albicans-1,full,5s
srp_Odon.sine._Z67753,full,srp
5s_Streptomyces-diastaticus-1,full,5s
5s_Thiomonas-intermedia-1,full,5s
tRNA_tdbR00000264-Caenorhabditis_elegans-6239-Leu-IAG,full,tRNA
tRNA_tdbR00000196-Rattus_norvegicus-10116-Lys-CUN,full,tRNA
srp_Heli.pylo._AE000511,full,srp
5s_Fellomyces-penicillatus-1,full,5s
tRNA_tdbR00000560-Lupinus_luteus-3873-Tyr-GPA,full,tRNA
5s_Zymomonas-mobilis-1,full,5s
RNaseP_SM-A3048,full,RNaseP
5s_Clostridium-pasteurianum-1,full,5s
srp_Esch.coli._U82664,full,srp
srp_Clos.botu._CP000726,full,srp
srp_Tryp.bruc._AC159431,full,srp
srp_Cryp.parv._XM_626716,full,srp
tRNA_tdbR00000495-Triticum_aestivum-4565-Trp-BCA,full,tRNA
srp_Camp.jeju._CP000538,full,srp
srp_Stap.aure._BA000017,full,srp
5s_Salmonella-enterica-3,full,5s
srp_Myco.pneu._AE000044,full,srp
5s_Streptococcus-mutans-1,full,5s
tmRNA_Ocea.ihey._BA000028_1-364,full,tmRNA
5s_Mycobacterium-leprae-2,full,5s
tRNA_tdbR00000335-Nicotiana_rustica-4093-Gln-NUG,full,tRNA
srp_Neis.meni._AM421808,full,srp
srp_Clos.botu._AM412317,full,srp
5s_Andrias-japonicus-1,full,5s
5s_Coxiella-burnetii-2,full,5s
srp_Shew.onei._AE014299,full,srp
srp_Schi.japo._GSP-402676,full,srp
srp_Cocc.posa._GSP-222929,full,srp
5s_Coemansia-mojavensis-1,full,5s
5s_Vibrio-diazotrophicus-1,full,5s
grp1_a.I1.e.A.capsulatus.FLs1.C1.SSU,full,grp1
5s_Emericella-nidulans-4,full,5s
srp_Humu.lupu._AJ236706,full,srp
5s_Bacillus-sp.-2,full,5s
tmRNA_Cyan.mero._TRW-45157_1-236,full,tmRNA
tmRNA_Kleb.pneu._TRW-272620_1-363,full,tmRNA
5s_Sulfurococcus-mirabilis-1,full,5s
tRNA_tdbR00000217-Mycoplasma_capricolum-2095-Leu-AA,full,tRNA
srp_Proc.mari._CP000551,full,srp
srp_Chro.viol._AE016918,full,srp
tRNA_tdbR00000283-Gallus_gallus-9031-Met-AU,full,tRNA
5s_Bacillus-halodurans-5,full,5s
5s_Hydrurus-foetidus-1,full,5s
5s_Ephedra-kokanica-1,full,5s
srp_Pyro.abys._AJ248283,full,srp
tmRNA_Synt.acid._CP000252_1-356,full,tmRNA
tmRNA_Baci.clau._AP006627_1-355,full,tmRNA
5s_Brucella-suis-2,full,5s
tRNA_tdbR00000540-Homo_sapiens-9606-Ini-CAU,full,tRNA
5s_Buchnera-aphidicola-3,full,5s
telomerase_AF221912.98-564,full,telomerase
tmRNA_envi.sequ._TRW-204433_1-356,full,tmRNA
5s_Hyphomicrobium-sp.-7,full,5s
tmRNA_Myco.arth._TRW-243272_1-394,full,tmRNA
tmRNA_Cyan.mero._AY286123_1-236,full,tmRNA
5s_Tuberoidobacter-mutans-1,full,5s
srp_Pseu.fluo._CP000076,full,srp
tmRNA_Salm.typh._AY319520_1-363,full,tmRNA
16s_C.elegans_domain3,full,16s
grp1_b.I1.e.T.thermophila.C1.LSU.1925,full,grp1
5s_Anaplasma-marginale-1,full,5s
srp_List.mono._U15684,full,srp
tRNA_tdbR00000419-Nicotiana_rustica-4093-Ser-IGA,full,tRNA
srp_Yarr.lipo._CR382127,full,srp
5s_Staphylococcus-haemolyticus-2,full,5s
5s_Halococcus-morrhuae-1,full,5s
tRNA_tdbR00000338-Tetrahymena_thermophila-5911-Gln-JUA,full,tRNA
srp_Zygo.roux._BN000170,full,srp
srp_Enta.hist._AF487684,full,srp
tRNA_tdbR00000485-Nicotiana_tabacum-4097-Trp-BCA,full,tRNA
srp_Caul.cres._AE005673,full,srp
srp_Pyro.occu._M21085,full,srp
tRNA_tdbR00000131-Triticum_aestivum-4565-Gly-GCC,full,tRNA
RNaseP_P.aerogenes,full,RNaseP
tmRNA_Pseu.syri._CP000058_1-388,full,tmRNA
tRNA_tdbR00000443-Saccharomyces_cerevisiae-4932-Thr-IGU,full,tRNA
tRNA_tdbR00000520-Aedes_albopictus-7160-Ini-CAU,full,tRNA
tRNA_tdbR00000349-Haloferax_volcanii-2246-Arg-CCG,full,tRNA
tRNA_tdbR00000261-Cucumis_sativus-3659-Leu-NAA,full,tRNA
RNaseP_H.chlorum,full,RNaseP
tRNA_tdbR00000511-Escherichia_coli-562-Ini-CAU,full,tRNA
tmRNA_Pseu.atla._CP000388_1-357,full,tmRNA
tRNA_tdbR00000093-Bombyx_mori-7091-Phe-AA,full,tRNA
5s_Candidatus-Fritschea-bemisiae-1,full,5s
5s_Salmonella-enterica-7,full,5s
RNaseP_Prochlorococcus-PAC1A,full,RNaseP
RNaseP_S.equi-g,full,RNaseP
5s_Emericella-nidulans-3,full,5s
tRNA_tdbR00000024-Mycoplasma_capricolum-2095-Asp-GUC,full,tRNA
5s_Meloidogyne-arenaria-2,full,5s
5s_Thiobacillus-sp.-2,full,5s
srp_Kine.radi._CP000750,full,srp
5s_Crossiella-cryophila-1,full,5s
5s_Bacillus-halodurans-3,full,5s
grp1_a.I1.c.G.prostrata.C3.tLEU,full,grp1
5s_Vibrio-cincinnatiensis-1,full,5s
5s_Shewanella-oneidensis-2,full,5s
5s_Rana-catesbeiana-1,full,5s
tRNA_tdbR00000153-Mycoplasma_capricolum-2095-Ile-AU,full,tRNA
tmRNA_Aste.yell._CP000061_1-426,full,tmRNA
tmRNA_Magn.spec._CP000471_1-366,full,tmRNA
tRNA_tdbR00000621-Nicotiana_rustica-4093-Cys-GCA,full,tRNA
grp1_a.I1.e.T.pigmentosa.C1.LSU.1925,full,grp1
5s_Legionella-longbeachae-1,full,5s
srp_Lott.giga._GSP-225164,full,srp
srp_Clos.diff._AM180355,full,srp
srp_Xant.camp._DQ256493,full,srp
5s_Kluyveromyces-delphensis-1,full,5s
5s_Staphylococcus-aureus-2,full,5s
tmRNA_Myco.pneu._AE000035_1-384,full,tmRNA
RNaseP_H.aurantiacus,full,RNaseP
RNaseP_M.sedula,full,RNaseP
srp_List.wels._AM263198,full,srp
tRNA_tdbR00000162-Spinacia_oleracea-3562-Ile-GAU,full,tRNA
5s_Bifidobacterium-longum-3,full,5s
RNaseP_LGB32,full,RNaseP
5s_Fusarium-culmorum-6,full,5s
srp_Phyt.infe._CV911012,full,srp
5s_Spirogyra-grevilleana-1,full,5s
srp_Buch.aphi._BA000003,full,srp
RNaseP_P.furiosus-2,full,RNaseP
srp_Stre.muta._AF132127,full,srp
5s_Misgurnus-fossilis-1,full,5s
5s_Helicobacter-pylori-3,full,5s
srp_Neis.gono._AF482014,full,srp
5s_Legionella-pneumophila-2,full,5s
telomerase_AF221911.104-513,full,telomerase
srp_Schi.pomb._X15220,full,srp
5s_Eurypelma-californica-1,full,5s
5s_Cryptosporidium-parvum-2,full,5s
srp_Shew.putr._CP000681,full,srp
5s_Gastrotheca-riobambae-1,full,5s
srp_Vibr.harv._CP000789,full,srp
5s_Fusarium-cerealis-4,full,5s
RNaseP_S.liquefaciens,full,RNaseP
tmRNA_Phot.lumi._BX571870_1-364,full,tmRNA
16s_A.pyrophilus_domain2,full,16s
tmRNA_Syne.spec._TRW-1131_1-399,full,tmRNA
5s_Exidia-glandulosa-1,full,5s
5s_Bacillus-halodurans-4,full,5s
srp_Prop.acne._AE017283,full,srp
srp_Symb.ther._AP006840,full,srp
5s_Pyrococcus-abyssi-1,full,5s
srp_Chla.pneu._AE001363,full,srp
tRNA_tdbR00000176-Haloferax_volcanii-2246-Lys-MUU,full,tRNA
srp_Homo.sapi._BF908765,full,srp
srp_Legi.pneu._CR628336,full,srp
srp_Gluc.oxyd._CP000009,full,srp
srp_Plas.gall._GSP-5849,full,srp
5s_Shewanella-putrefaciens-1,full,5s
tmRNA_envi.sequ._TRW-32045-1_1-355,full,tmRNA
srp_Lact.delb._CP000412,full,srp
5s_Lemna-minor-1,full,5s
tRNA_tdbR00000620-Toxoplasma_gondii-5811-Ini-CAU,full,tRNA
RNaseP_T.neapolitana,full,RNaseP
RNaseP_T.tumescens,full,RNaseP
5s_Prosthecochloris-aestuarii-1,full,5s
tRNA_tdbR00000413-Candida_cylindracea-44322-Ser-GCU,full,tRNA
RNaseP_CPB86,full,RNaseP
srp_Baci.spha._D11418,full,srp
5s_Photorhabdus-luminescens-3,full,5s
RNaseP_C.aurantiacus,full,RNaseP
5s_Methanothermococcus-thermolithotrophicus-1,full,5s
srp_Syne.spec._BX569693,full,srp
srp_Chla.abor._CR848038,full,srp
grp1_a.I1.b.Dermocarpa.sp.ATCC29371.C3.tMET,full,grp1
tRNA_tdbR00000253-Candida_cylindracea-44322-Leu-BAA,full,tRNA
5s_Dictyostelium-discoideum-1,full,5s
srp_Homo.sapi._AL139099,full,srp
5s_Brassica-napus-1,full,5s
RNaseP_C.trachomatis,full,RNaseP
srp_Myco.spec._CP000384,full,srp
tRNA_tdbR00000045-Escherichia_coli-562-Glu-SUC,full,tRNA
tRNA_tdbR00000452-Mycoplasma_mycoides-2102-Val-UAC,full,tRNA
srp_Stre.pyog._AE004092,full,srp
5s_Xylella-fastidiosa-2,full,5s
16s_C.reinhardtii.mito_domain1,full,16s
tRNA_tdbR00000289-Homo_sapiens-9606-Met-BAU,full,tRNA
tRNA_tdbR00000211-Haloferax_volcanii-2246-Leu-CAA,full,tRNA
5s_Bacillus-cereus-8,full,5s
srp_Lyco.escu._X13958,full,srp
16s_B.subtilis_domain2,full,16s
tRNA_tdbR00000010-Escherichia_coli-562-Ala-VGC,full,tRNA
5s_Pseudomonas-aeruginosa-2,full,5s
tRNA_tdbR00000588-Aeropyrum_pernix-56636-Asp-GUC,full,tRNA
tRNA_tdbR00000266-Bos_taurus-9913-Leu-AA,full,tRNA
srp_Lyco.escu._Z29106,full,srp
5s_Comamonas-terrigena-2,full,5s
23s_S.aureus_domain6,full,23s
5s_Brucella-melitensis-2,full,5s
srp_Plas.chab._GSP-31271,full,srp
16s_P.staleyi_domain3,full,16s
tmRNA_Heli.pylo._AE000511_1-386,full,tmRNA
srp_Bloc.flor._BX248583,full,srp
16s_H.sapiens.mito_domain1,full,16s
5s_Mycobacterium-smegmatis-2,full,5s
5s_Thraustochytrium-visurgense-1,full,5s
tRNA_tdbR00000325-Pichia_jadinii-4903-Pro-GG,full,tRNA
5s_Cryptococcus-bacillisporus-1,full,5s
5s_Azotobacter-vinelandii-1,full,5s
5s_Moniliella-acetoabutans-1,full,5s
tRNA_tdbR00000220-Escherichia_coli-562-Leu-HAA,full,tRNA
5s_Caulobacter-sp.-2,full,5s
5s_Wolbachia-endosymbiont-of-D.-melanogaster-1,full,5s
srp_Lyco.escu._Z46746,full,srp
tmRNA_Baci.thur._AE017355_1-355,full,tmRNA
16s_T.maritima_domain4,full,16s
RNaseP_M.bovis,full,RNaseP
tmRNA_Ente.faec._TRW-1352_1-367,full,tmRNA
srp_Dros.will._GSP-7260,full,srp
tRNA_tdbR00000386-Mycoplasma_mycoides-2102-Ser-UGA,full,tRNA
5s_Seliberia-stellata-1,full,5s
srp_Homo.sapi._AA559987,full,srp
5s_Chlorobium-tepidum-1,full,5s
RNaseP_ESH26-4,full,RNaseP
5s_Pneumocystis-carinii-2,full,5s
5s_Paracoccus-denitrificans-1,full,5s
5s_Alcaligenes-faecalis-1,full,5s
srp_Leis.trop._AY781789,full,srp
RNaseP_ESH7-16,full,RNaseP
5s_Rickettsia-conorii-1,full,5s
srp_Baci.subt._X14796,full,srp
RNaseP_S.bovis,full,RNaseP
5s_Arion-rufus-1,full,5s
5s_Fusarium-pseudograminearum-2,full,5s
5s_Fusarium-culmorum-1,full,5s
srp_Xyle.fast._AE009442,full,srp
srp_Popu.trem._DN489028,full,srp
tmRNA_Baci.cere._TRW-288681_1-355,full,tmRNA
srp_Psyc.ingr._CP000510,full,srp
5s_Ureaplasma-urealyticum-3,full,5s
srp_Esch.coli._BA000007,full,srp
5s_Coxiella-burnetii-1,full,5s
tmRNA_Myco.aviu._TRW-243243_1-368,full,tmRNA
5s_Branchiostoma-belcheri-1,full,5s
tRNA_tdbR00000610-Caulobacter_crescentus_CB15-190650-His-GUG,full,tRNA
5s_Perinereis-brevicirris-1,full,5s
tmRNA_Porp.purp._TRW-2787_1-323,full,tmRNA
5s_Entosiphon-sulcatum-1,full,5s
RNaseP_CPB144,full,RNaseP
5s_Candida-rugosa-1,full,5s
tRNA_tdbR00000234-Spinacia_oleracea-3562-Leu-UA7,full,tRNA
srp_Arch.fulg._X17237,full,srp
16s_E.coli_domain3,full,16s
5s_Fusarium-asiaticum-8,full,5s
srp_Carb.hydr._CP000141,full,srp
srp_Sacc.cere._U18916,full,srp
tRNA_tdbR00000616-Nanoarchaeum_equitans-160232-Lys-CUU,full,tRNA
5s_Streptococcus-pyogenes-2,full,5s
srp_Ente.faec._AE016953,full,srp
RNaseP_SM-A2237,full,RNaseP
RNaseP_C.muridarum-g,full,RNaseP
tmRNA_List.wels._AF440351_1-321,full,tmRNA
srp_Heli.hepa._AE017149,full,srp
5s_Dirofilaria-immitis-1,full,5s
RNaseP_A.eutrophus,full,RNaseP
5s_Fusarium-cerealis-6,full,5s
srp_Clos.teta._AE015927,full,srp
5s_Streptomyces-coelicolor-4,full,5s
srp_Baci.cere._AE016877,full,srp
tmRNA_Acti.pleu._TRW-228399_1-366,full,tmRNA
grp1_a.I1.e.L.dispersa.UNK.SSU.1516,full,grp1
srp_Bras.napu._EE400505,full,srp
srp_Schi.pomb._Z99259,full,srp
tmRNA_Stap.epid._AF375586_1-311,full,tmRNA
5s_Gluconobacter-oxydans-3,full,5s
tmRNA_Cyan.para._TRW-2762_1-294,full,tmRNA
srp_Rhiz.legu._AM236080,full,srp
RNaseP_LGB27,full,RNaseP
tmRNA_Lact.gass._CP000413_1-366,full,tmRNA
srp_Para.bras._EH655308,full,srp
tRNA_tdbR00000052-Aedes_albopictus-7160-Glu-NUC,full,tRNA
tRNA_tdbR00000009-Escherichia_coli-562-Ala-VGC,full,tRNA
srp_Lact.plan._AL935253,full,srp
srp_Homo.sapi._BF909425,full,srp
RNaseP_SMB-B3,full,RNaseP
srp_Sus.scro._BP459377,full,srp
tRNA_tdbR00000563-Lupinus_albus-3870-Tyr-GPA,full,tRNA
srp_Bloc.flor._BX248585,full,srp
srp_Lyco.escu._Z29109,full,srp
grp1_a.I1.e.S.paniceum.UNK.SSU.1052,full,grp1
tmRNA_Stre.scab._TRW-1883_1-402,full,tmRNA
srp_Stap.aure._CP000046,full,srp
tmRNA_Clos.perf._CP000246_1-361,full,tmRNA
5s_Halichondria-panicea-1,full,5s
5s_Ectothiorhodospira-shaposhnikovii-1,full,5s
tRNA_tdbR00000274-Bacillus_subtilis-1423-Met-CAU,full,tRNA
tmRNA_Myco.mari._TRW-1781-1_1-368,full,tmRNA
tmRNA_Salm.ente._AL627276_1-363,full,tmRNA
tRNA_tdbR00000293-Methanobacterium_thermaggregans-83982-Asn-UU,full,tRNA
srp_Cion.savi._BW520975,full,srp
tmRNA_Pseu.aeru._AE004091_1-353,full,tmRNA
tRNA_tdbR00000432-Haloferax_volcanii-2246-Thr-GGU,full,tRNA
tRNA_tdbR00000623-Escherichia_coli-562-Pro-CGG,full,tRNA
5s_Emericella-nidulans-1,full,5s
5s_Pseudonocardia-thermophila-1,full,5s
RNaseP_ESH167E,full,RNaseP
5s_Haloarcula-marismortui-1,full,5s
5s_Pseudomonas-syringae-4,full,5s
5s_Pseudomonas-putida-1,full,5s
srp_Fran.tula._CP000803,full,srp
srp_Call.jacc._GSP-9483,full,srp
5s_Rubrivivax-gelatinosus-1,full,5s
srp_Meth.ferv._M32222,full,srp
srp_Vibr.para._BA000031,full,srp
tmRNA_Stre.pyog._TRW-1314-2_1-350,full,tmRNA
5s_Rhodococcus-fascians-2,full,5s
16s_B.subtilis_domain3,full,16s
tRNA_tdbR00000508-Thermus_thermophilus-274-Ini-CAU,full,tRNA
5s_Erythrobacter-longus-1,full,5s
tRNA_tdbR00000564-Drosophila_melanogaster-7227-Tyr-QPA,full,tRNA
5s_Chlamydomonas-sp.-1,full,5s
tmRNA_Pelo.carb._CP000142_1-358,full,tmRNA
RNaseP_M.capricolum,full,RNaseP
srp_Phyt.soja._GSP-67593,full,srp
tRNA_tdbR00000538-Asterina_amurensis-69830-Ini-CAU,full,tRNA
tRNA_tdbR00000499-Halobacterium_salinarum-2242-Ini-CAU,full,tRNA
5s_Tremella-encephala-1,full,5s
tmRNA_Chro.viol._AE016825_1-365,full,tmRNA
srp_Gloe.viol._BA000045,full,srp
tmRNA_Acti.pleu._TRW-44294_1-366,full,tmRNA
tRNA_tdbR00000204-Loligo_bleekeri-6617-Lys-CUU,full,tRNA
23s_H.pylori_domain3,full,23s
srp_Sene.crue._SDB-189209,full,srp
5s_Paramecium-tetraurelia-1,full,5s
5s_Buchnera-aphidicola-2,full,5s
5s_Halorhodospira-halophila-1,full,5s
RNaseP_SM-A4065,full,RNaseP
5s_Mycoplasma-gallisepticum-2,full,5s
srp_Lyco.escu._Z29111,full,srp
5s_Homo-sapiens-1,full,5s
srp_Dech.arom._CP000089,full,srp
RNaseP_Onchorhynchus-1,full,RNaseP
5s_Leifsonia-aquatica-1,full,5s
tRNA_tdbR00000345-Homo_sapiens-9606-Gln-NUG,full,tRNA
RNaseP_L.japonicus-IFO12422,full,RNaseP
srp_Lyco.escu._Z29110,full,srp
5s_Sporolactobacillus-nakayamae-1,full,5s
grp1_a.I1.b.Phormidium.sp.N182.C3.tLEU,full,grp1
tmRNA_Myco.afri._TRW-33894_1-368,full,tmRNA
tmRNA_Shew.spec._CP000469_1-355,full,tmRNA
srp_Burk.mall._CP000526,full,srp
5s_Methanolobus-tindarius-1,full,5s
5s_Ancylobacter-aquaticus-1,full,5s
tmRNA_Bloc.penn._CP000016_1-392,full,tmRNA
5s_Hyphomonas-oligotropha-1,full,5s
tmRNA_Fuso.nucl._AE009951_1-344,full,tmRNA
tRNA_tdbR00000122-Codium_fragile-3133-Gly-UCC,full,tRNA
tmRNA_Deha.ethe._CP000027_1-352,full,tmRNA
srp_Pyro.furi._AE010126,full,srp
tmRNA_Ther.elon._BA000039_1-386,full,tmRNA
tRNA_tdbR00000036-Euglena_gracilis-3039-Asp-GUC,full,tRNA
srp_Arab.thal._X69901,full,srp
srp_Meso.flor._AE017263,full,srp
5s_Hemicentrotus-sp.-1,full,5s
5s_Oryza-sativa-2,full,5s
16s_C.psittaci_domain2,full,16s
tmRNA_Phot.prof._CR378665_1-368,full,tmRNA
5s_Drosophila-mauritiana-1,full,5s
tmRNA_Heli.pylo._TRW-85963_1-386,full,tmRNA
RNaseP_M.maripaludus,full,RNaseP
tmRNA_Heli.must._DQ250625_1-366,full,tmRNA
srp_Medi.trun._CX540689,full,srp
5s_Pichia-angusta-1,full,5s
5s_Alcaligenes-faecalis-3,full,5s
5s_Mycoplasma-gallisepticum-3,full,5s
RNaseP_M.barkeri,full,RNaseP
srp_Homo.sapi._BF875598,full,srp
srp_Clos.teta._AE015936,full,srp
tRNA_tdbR00000101-Mus_musculus-10090-Phe-AA,full,tRNA
tRNA_tdbR00000358-Escherichia_coli-562-Arg-CU,full,tRNA
tmRNA_Camp.fetu._AY211269_1-361,full,tmRNA
5s_Bacillus-licheniformis-5,full,5s
tmRNA_Urea.parv._AE002154_1-413,full,tmRNA
srp_Leis.majo._SDB-347515,full,srp
tRNA_tdbR00000118-Escherichia_coli-562-Gly-GCC,full,tRNA
srp_Fran.spec._CP000249,full,srp
tRNA_tdbR00000555-Saccharomyces_cerevisiae-4932-Tyr-GPA,full,tRNA
srp_Proc.spec._AJ011025,full,srp
16s_G.intestinalis_domain1,full,16s
RNaseP_SM-A1932,full,RNaseP
tRNA_tdbR00000546-Escherichia_coli-562-Tyr-QUA,full,tRNA
tRNA_tdbR00000378-Mus_musculus-10090-Arg-ICG,full,tRNA
5s_Haloferax-volcanii-2,full,5s
5s_Menoidium-pellucidum-1,full,5s
5s_Streptomyces-coelicolor-3,full,5s
5s_Streptomyces-sp.-3,full,5s
tRNA_tdbR00000164-Saccharomyces_cerevisiae-4932-Ile-GAU,full,tRNA
tRNA_tdbR00000221-Escherichia_coli-562-Leu-CAG,full,tRNA
srp_Cion.inte._BW223536,full,srp
5s_Neurospora-intermedia-1,full,5s
RNaseP_SM-A2642,full,RNaseP
5s_Vibrio-gazogenes-1,full,5s
5s_Pichia-jadinii-2,full,5s
RNaseP_M.pneumoniae,full,RNaseP
srp_Dani.reri._BX649540,full,srp
tmRNA_Tric.eryt._CP000393_1-398,full,tmRNA
5s_Legionella-pneumophila-3,full,5s
tmRNA_Cory.diph._BX248356_1-385,full,tmRNA
srp_Ratt.norv._AA923995,full,srp
grp1_a.I1.c.A.cherimola.C3.tLEU,full,grp1
5s_Homarus-gammarus-1,full,5s
5s_Marchantia-polymorpha-1,full,5s
tRNA_tdbR00000167-Aedes_albopictus-7160-Ile-GAU,full,tRNA
5s_Asterina-pectinifera-1,full,5s
tmRNA_Desu.desu._CP000112_1-360,full,tmRNA
5s_Chlamydophila-pneumoniae-2,full,5s
tmRNA_Syne.spec._TRW-32049_1-396,full,tmRNA
tRNA_tdbR00000277-Codium_fragile-3133-Met-CAU,full,tRNA
RNaseP_B.megaterium,full,RNaseP
tmRNA_Yers.pest._AE017042_1-364,full,tmRNA
tmRNA_Yers.pest._AE009952_1-364,full,tmRNA
tRNA_tdbR00000120-Salmonella_typhimurium-602-Gly-CCC,full,tRNA
tRNA_tdbR00000169-Homo_sapiens-9606-Ile-GAU,full,tRNA
srp_Homo.sapi._BF908767,full,srp
tmRNA_Myco.lepr._AL583919_1-366,full,tmRNA
srp_Medi.trun._AC136507-1,full,srp
16s_H.volcanii_domain1,full,16s
5s_Streptomyces-lividans-1,full,5s
srp_Oryz.sati._AP008207,full,srp
srp_Buch.aphi._AE013218,full,srp
tmRNA_Borr.gari._CP000013_1-363,full,tmRNA
tRNA_tdbR00000317-Salmonella_typhimurium-602-Pro-CGG,full,tRNA
5s_Sterkiella-nova-1,full,5s
5s_Streptomyces-coelicolor-5,full,5s
5s_Streptomyces-nodosus-1,full,5s
srp_Myco.syno._AE017245,full,srp
5s_Wolbachia-pipientis-1,full,5s
tRNA_tdbR00000332-Escherichia_coli-562-Gln-CUG,full,tRNA
5s_Leifsonia-xyli-1,full,5s
tRNA_tdbR00000128-Halocynthia_roretzi-7729-Gly-GCU,full,tRNA
srp_Sulf.solf._Y08257,full,srp
RNaseP_F.yabuuchiae,full,RNaseP
tRNA_tdbR00000347-Enterobacteria_phage_T4-10665-Arg-NCU,full,tRNA
RNaseP_ESH30-3,full,RNaseP
tmRNA_Lact.brev._CP000416_1-372,full,tmRNA
RNaseP_CPB141,full,RNaseP
5s_Streptomyces-coelicolor-2,full,5s
5s_Cyanidium-caldarium-1,full,5s
tRNA_tdbR00000313-Haloferax_volcanii-2246-Pro-UGG,full,tRNA
srp_Bras.napu._EE411418,full,srp
tmRNA_Myco.tube._TRW-164513_1-368,full,tmRNA
RNaseP_DU1,full,RNaseP
srp_Pseu.puti._AE016790,full,srp
5s_Mycoplasma-genitalium-1,full,5s
tRNA_tdbR00000468-Lupinus_luteus-3873-Val-IAC,full,tRNA
5s_Planocera-reticulata-1,full,5s
5s_Caulobacter-sp.-7,full,5s
5s_Ascobolus-immersus-1,full,5s
srp_Heli.hepa._AE017125,full,srp
tmRNA_Clos.perf._AP003190_1-358,full,tmRNA
srp_Heli.pylo._BD010626,full,srp
srp_Clos.perf._D49784,full,srp
5s_Aspergillus-versicolor-1,full,5s
RNaseP_UK2,full,RNaseP
tRNA_tdbR00000165-Solanum_tuberosum-4113-Ile-AU,full,tRNA
5s_Spinacia-oleracea-1,full,5s
grp1_a.I1.e.S.sclerotiorum_1837.C1.LSU.798,full,grp1
5s_Clostridium-butyricum-1,full,5s
srp_Haem.somn._CP000436,full,srp
5s_Sporolactobacillus-inulinus-1,full,5s
srp_Shig.flex._CP000266,full,srp
tRNA_tdbR00000292-Haloferax_volcanii-2246-Asn-GUU,full,tRNA
5s_Mytilus-galloprovincialis-3,full,5s
5s_Asterias-vulgaris-1,full,5s
srp_Clos.beij._CP000721,full,srp
tRNA_tdbR00000435-Mycoplasma_mycoides-2102-Thr-UGU,full,tRNA
5s_Basidiobolus-magnus-1,full,5s
5s_Gemm_obscuB,full,5s
RNaseP_SM-A06,full,RNaseP
16s_C.reinhardtii.mito_domain2,full,16s
srp_Scle.scle._GSP-325569,full,srp
tmRNA_Yers.fred._TRW-349966_1-363,full,tmRNA
RNaseP_SL1-1,full,RNaseP
srp_Leis.dono._AY781795,full,srp
tmRNA_Nitr.ocea._CP000127_1-361,full,tmRNA
5s_Trichosporonoides-oedocephalis-1,full,5s
5s_Fusobacterium-varium-1,full,5s
5s_Methanolobus-tindarius-2,full,5s
srp_Aede.aegy._GSP-7159,full,srp
srp_Myco.capr._CP000123,full,srp
srp_Haem.ducr._U32175,full,srp
srp_Anap.marg._CP000030,full,srp
tmRNA_Buch.aphi._AE016826_1-367,full,tmRNA
RNaseP_vHge3-5,full,RNaseP
5s_Pimelobacter-simplex-1,full,5s
tmRNA_Nost.punc._TRW-63737_1-390,full,tmRNA
tmRNA_Rals.eutr._CP000090_1-360,full,tmRNA
5s_Vibrio-cholerae-1,full,5s
5s_Rhodopseudomonas-palustris-2,full,5s
srp_Lact.delb._AF496545,full,srp
5s_Zea-mays-1,full,5s
tmRNA_Shew.spec._CP000446_1-355,full,tmRNA
5s_Calyptogena-magnifica-1,full,5s
5s_Bartonella-bacilliformis-1,full,5s
RNaseP_S.viridis-K73T,full,RNaseP
srp_Trop.whip._BX251412,full,srp
tmRNA_Ther.fusc._CP000088_1-372,full,tmRNA
5s_Natronomonas-pharaonis-1,full,5s
tRNA_tdbR00000394-Escherichia_coli-562-Ser-VGA,full,tRNA
5s_Phascolopsis-gouldii-1,full,5s
tmRNA_Croc.wats._TRW-165597_1-386,full,tmRNA
tmRNA_Shig.flex._CP000266_1-363,full,tmRNA
5s_Myxococcus-coralloides-1,full,5s
RNaseP_B.subtilis-g,full,RNaseP
grp1_a.I1.e.P.clavariiformis.C1.SSU.943,full,grp1
5s_Zygoascus-hellenicus-1,full,5s
tmRNA_Xyle.fast._TRW-155919_1-355,full,tmRNA
tRNA_tdbR00000583-Aeropyrum_pernix-56636-Cys-GCA,full,tRNA
srp_Brad.spec._CP000494,full,srp
5s_Neurospora-crassa-14,full,5s
tmRNA_Lept.spec._TRW-261386_1-359,full,tmRNA
grp1_a.I1.e.G.planctonica.C1.SSU.943,full,grp1
5s_Fusarium-asiaticum-1,full,5s
5s_Streptomyces-nodosus-4,full,5s
5s_Mycoplasma-penetrans-1,full,5s
srp_Gynu.aura._SDB-109565,full,srp
5s_Desulfurococcus-mobilis-1,full,5s
5s_Oceanobacillus-iheyensis-4,full,5s
5s_Lentinula-edodes-2,full,5s
tRNA_tdbR00000270-Avian_myeloblastosis_virus-11866-Met-BAU,full,tRNA
16s_C.psittaci_domain3,full,16s
srp_Plas.yoel._GSP-352914,full,srp
srp_Trit.aest._X13915,full,srp
RNaseP_SM-A2033,full,RNaseP
5s_Paracentrotus-lividus-2,full,5s
23s_T.thermophilus_domain3,full,23s
tRNA_tdbR00000236-Neurospora_crassa-5141-Leu-UAG,full,tRNA
RNaseP_C.tepidum,full,RNaseP
RNaseP_T.delbrueckii,full,RNaseP
5s_Candidatus-Tremblaya-princeps-3,full,5s
RNaseP_N.plantarum,full,RNaseP
tRNA_tdbR00000229-Glycine_max-3847-Leu-JAA,full,tRNA
srp_Stre.pyog._AE006489,full,srp
tRNA_tdbR00000466-Saccharomyces_cerevisiae-4932-Val-AC,full,tRNA
tRNA_tdbR00000031-Rattus_norvegicus-10116-Asp-QUC,full,tRNA
5s_Hyphomicrobium-sp.-6,full,5s
RNaseP_M.thermoautotrophicumDH-2,full,RNaseP
tmRNA_List.seel._AF440350_1-321,full,tmRNA
telomerase_AF147806.247-692,full,telomerase
tRNA_tdbR00000407-Saccharomyces_cerevisiae-4932-Ser-IGA,full,tRNA
grp1_a.I1.e.P.carinii.Pc3.C1.LSU.1921,full,grp1
srp_Baci.clau._AP006627,full,srp
tmRNA_Shew.deni._CP000302_1-355,full,tmRNA
5s_Trimorphomyces-papilionaceus-1,full,5s
srp_Lotu.corn._AP006123,full,srp
tRNA_tdbR00000108-Haloferax_volcanii-2246-Gly-GCC,full,tRNA
srp_Haem.ducr._AE017143,full,srp
RNaseP_CPA62,full,RNaseP
5s_Vibrio-cyclosites-1,full,5s
tmRNA_Pseu.halo._CR954246_1-357,full,tmRNA
tRNA_tdbR00000506-Streptomyces_griseus-1911-Ini-CAU,full,tRNA
RNaseP_S.diastaticus,full,RNaseP
grp1_b.I1.e.C.saccharophila.C1.SSU.156,full,grp1
16s_T.maritima_domain2,full,16s
16s_M.polymorpha_domain2,full,16s
tmRNA_Aqui.aeol._AE000749_1-344,full,tmRNA
tRNA_tdbR00000066-Thermus_thermophilus-274-Phe-GAA,full,tRNA
tRNA_tdbR00000056-Hordeum_vulgare-4513-Glu-UPC,full,tRNA
srp_Leis.trop._AY722722,full,srp
5s_Bacillus-anthracis-4,full,5s
tRNA_tdbR00000504-Mycoplasma_capricolum-2095-Ini-CAU,full,tRNA
5s_Rhodobacter-capsulatus-3,full,5s
5s_Fusarium-lunulosporum-9,full,5s
5s_Saccoglossus-kowalevskii-1,full,5s
srp_Bras.oler._GSP-109376,full,srp
16s_A.pyrophilus_domain4,full,16s
tmRNA_Leuc.mese._AF375574_1-307,full,tmRNA
tRNA_tdbR00000339-Tetrahymena_thermophila-5911-Gln-JUG,full,tRNA
5s_Bacillus-clausii-1,full,5s
srp_Plas.falc._AE014819,full,srp
5s_Lycopodium-clavatum-1,full,5s
grp1_a.I1.e.U.maydis.C1.SSU.943,full,grp1
tRNA_tdbR00000375-Bos_taurus-9913-Arg-CCU,full,tRNA
5s_Acetobacter-sp.-1,full,5s
srp_Crit.fasc._AY781797,full,srp
5s_Acidovorax-facilis-1,full,5s
5s_Haemophilus-influenzae-4,full,5s
5s_Mycoplasma-flocculare-1,full,5s
5s_Salmonella-typhimurium-2,full,5s
5s_Eisenia-bicyclis-1,full,5s
5s_Halobacterium-salinarum-1,full,5s
tmRNA_Burk.ceno._TRW-216591_1-370,full,tmRNA
srp_Ehrl.cani._CP000107,full,srp
tRNA_tdbR00000126-Halocynthia_roretzi-7729-Gly-NCU,full,tRNA
srp_Chla.trac._AE001298,full,srp
5s_Methanothermobacter-thermautotrophicus-4,full,5s
srp_Vibr.fisc._CP000020,full,srp
tRNA_tdbR00000152-Haloferax_volcanii-2246-Ile-NAU,full,tRNA
5s_Clostridium-acetobutylicum-5,full,5s
tRNA_tdbR00000044-Mycoplasma_capricolum-2095-Glu-UC,full,tRNA
srp_Stre.pneu._AE008386,full,srp
5s_Capniomyces-stellatus-1,full,5s
RNaseP_Saccharomonospora-K180,full,RNaseP
5s_Neurospora-crassa-13,full,5s
tRNA_tdbR00000301-Lupinus_luteus-3873-Asn-UU,full,tRNA
grp1_a.I1.c.S.bicolor.C3.tLEU,full,grp1
5s_Hyphomicrobium-vulgare-1,full,5s
5s_Amoebidium-parasiticum-1,full,5s
5s_Xenopus-borealis-1,full,5s
srp_Proc.mari._BX572096,full,srp
5s_Acremonium-persicinum-1,full,5s
5s_Ureaplasma-parvum-2,full,5s
srp_Brad.japo._BA000040,full,srp
5s_Emericella-heterothallica-1,full,5s
5s_Vibrio-fluvialis-1,full,5s
5s_Rhabdomonas-costata-1,full,5s
tRNA_tdbR00000376-Bos_taurus-9913-Arg-3CP,full,tRNA
tRNA_tdbR00000231-Phaseolus_vulgaris-3885-Leu-BAA,full,tRNA
srp_Dros.mela._AE001572,full,srp
srp_Leis.braz._AY722725,full,srp
5s_Planobispora-longispora-1,full,5s
srp_Baci.lich._AE017333,full,srp
RNaseP_D.radiodurans-g,full,RNaseP
5s_Nannocystis-exedens-1,full,5s
5s_Aquaspirillum-serpens-1,full,5s
5s_Rhodococcus-erythropolis-2,full,5s
srp_Toxo.gond._GSP-398031,full,srp
5s_Efibulobasidium-albescens-1,full,5s
tmRNA_Borr.burg._TRW-224326_1-362,full,tmRNA
RNaseP_C.psittaci,full,RNaseP
RNaseP_N.albus,full,RNaseP
tRNA_tdbR00000173-Bombyx_mori-7091-Ile-IAU,full,tRNA
srp_Chla.cavi._AE016995,full,srp
5s_Emericella-nidulans-7,full,5s
5s_Artemia-sp.-3,full,5s
tRNA_tdbR00000496-Nicotiana_tabacum-4097-Trp-BCA,full,tRNA
srp_Arab.thal._AF069442,full,srp
5s_Pyrococcus-horikoshii-1,full,5s
5s_Herpetosiphon-aurantiacus-1,full,5s
tRNA_tdbR00000020-Escherichia_coli-562-Cys-GCA,full,tRNA
tRNA_tdbR00000205-Loligo_bleekeri-6617-Lys-NUU,full,tRNA
srp_Zea.mays._AY108846,full,srp
srp_Haem.ducr._AE017154,full,srp
5s_Distigma-proteus-1,full,5s
srp_Caen.eleg._Z30973,full,srp
srp_Yers.pest._CP000668,full,srp
tmRNA_Myco.myco._BX842642_1-411,full,tmRNA
RNaseP_SMB-A3,full,RNaseP
tRNA_tdbR00000353-Mycoplasma_capricolum-2095-Arg-CU,full,tRNA
srp_Lotu.corn._AP006364,full,srp
tRNA_tdbR00000194-Triticum_aestivum-4565-Lys-CUU,full,tRNA
5s_Streptomyces-coelicolor-1,full,5s
5s_Andrias-davidianus-1,full,5s
5s_Aeromonas-salmonicida-1,full,5s
5s_Clostridium-acetobutylicum-3,full,5s
srp_Pyro.cali._CP000561,full,srp
RNaseP_L.acidophilus,full,RNaseP
tmRNA_Trem.prin._AF481102_1-264,full,tmRNA
grp1_a.I1.e.G.spirotaenia.C1.SSU.1506,full,grp1
5s_Xenopus-laevis-9,full,5s
srp_Psyc.cryo._CP000323,full,srp
tRNA_tdbR00000543-Bacillus_subtilis-1423-Tyr-QUA,full,tRNA
tRNA_tdbR00000275-Thermus_thermophilus-274-Met-CAU,full,tRNA
tmRNA_Haem.somn._CP000436_1-367,full,tmRNA
5s_Brevibacterium-linens-1,full,5s
5s_Vibrio-logei-1,full,5s
16s_C.reinhardtii.chloro_domain4,full,16s
grp1_a.I1.e.A.capsulatus.G186B.C1.SSU,full,grp1
tmRNA_Prot.mira._TRW-584_1-367,full,tmRNA
tRNA_tdbR00000607-Lupinus_luteus-3873-Leu-IAG,full,tRNA
srp_Burk.cepa._CP000440,full,srp
RNaseP_S.japonicus,full,RNaseP
srp_Pedi.pent._CP000422,full,srp
5s_Spirochaeta-aurantia-1,full,5s
srp_Myco.myco._BX842642,full,srp
tRNA_tdbR00000016-Homo_sapiens-9606-Ala-IGC,full,tRNA
srp_Nect.haem._GSP-71109,full,srp
5s_Ganoderma-applanatum-1,full,5s
5s_Listonella-pelagia-1,full,5s
16s_P.occultum_domain2,full,16s
5s_Bacillus-anthracis-5,full,5s
5s_Vibrio-harveyi-1,full,5s
srp_Aede.aegy._DW714815,full,srp
tRNA_tdbR00000440-Neurospora_crassa-5141-Thr-UGU,full,tRNA
srp_Bord.aviu._AM167904,full,srp
5s_Escherichia-coli-8,full,5s
srp_Myco.capr._D00560,full,srp
RNaseP_L.weilii,full,RNaseP
5s_Taphrina-deformans-1,full,5s
5s_Mycoplasma-mycoides-2,full,5s
5s_Streptomyces-nodosus-3,full,5s
RNaseP_E.eschscholtzii-1,full,RNaseP
tmRNA_Stap.epid._TRW-1282-1_1-361,full,tmRNA
RNaseP_B.subtilis,full,RNaseP
RNaseP_S.castellii,full,RNaseP
srp_Guil.thet._AF041468,full,srp
RNaseP_X.fastidiosa,full,RNaseP
srp_Chro.viol._AE016825,full,srp
RNaseP_E.coli-g,full,RNaseP
tmRNA_uncu.bact._TRW-72274-1_1-359,full,tmRNA
tRNA_tdbR00000251-Saccharomyces_cerevisiae-4932-Leu-UAA,full,tRNA
srp_Baci.thur._AE017355,full,srp
srp_Pseu.puti._CP000712,full,srp
5s_Vibrio-vulnificus-1,full,5s
tRNA_tdbR00000002-Haloferax_volcanii-2246-Ala-CGC,full,tRNA
tRNA_tdbR00000089-Brassica_napus-3708-Phe-AA,full,tRNA
tRNA_tdbR00000013-Pichia_jadinii-4903-Ala-IGC,full,tRNA
5s_Onchocerca-volvulus-1,full,5s
tRNA_tdbR00000477-Avian_myeloblastosis_virus-11866-Trp-BCA,full,tRNA
5s_Neurospora-crassa-6,full,5s
5s_Mus-musculus-1,full,5s
5s_Fusarium-pseudograminearum-7,full,5s
tRNA_tdbR00000096-Bos_taurus-9913-Phe-AA,full,tRNA
srp_Stap.epid._AF269831,full,srp
srp_Caen.eleg._AY948607,full,srp
5s_Enterococcus-faecalis-2,full,5s
5s_Streptomyces-griseus-2,full,5s
5s_Acholeplasma-laidlawii-3,full,5s
tRNA_tdbR00000541-Haloferax_volcanii-2246-Tyr-GUA,full,tRNA
tRNA_tdbR00000252-Pichia_jadinii-4903-Leu-BAA,full,tRNA
5s_Xenopus-laevis-1,full,5s
5s_Bacillus-anthracis-8,full,5s
tRNA_tdbR00000384-Mycoplasma_capricolum-2095-Ser-GCU,full,tRNA
srp_Zymo.mobi._AE008692,full,srp
5s_Gallus-gallus-2,full,5s
tmRNA_Bifi.long._TRW-206672_1-397,full,tmRNA
tRNA_tdbR00000202-Drosophila_melanogaster-7227-Lys-UU,full,tRNA
5s_Bacillus-halodurans-6,full,5s
srp_Dasy.nove._GSP-9361,full,srp
grp1_a.I1.m.M.grisea.B2.ND1,full,grp1
srp_Meso.loti._BA000012,full,srp
tmRNA_Colw.psyc._CP000083_1-350,full,tmRNA
srp_Geob.uran._CP000698,full,srp
tmRNA_Cory.glut._BX927150_1-377,full,tmRNA
tmRNA_Xyle.fast._TRW-155920_1-355,full,tmRNA
tmRNA_Vibr.para._BA000031_1-368,full,tmRNA
5s_Saccharomyces-cerevisiae-5,full,5s
5s_Brachionus-plicatilis-1,full,5s
tmRNA_Chla.trac._AE001276_1-417,full,tmRNA
srp_Sacc.degr._CP000282,full,srp
5s_Euplotes-aediculatus-1,full,5s
5s_Fusarium-asiaticum-2,full,5s
grp1_a.I1.e.C.saxonicum.C1.SSU.1506,full,grp1
srp_Mus.musc._DQ285765,full,srp
5s_Ustilago-maydis-1,full,5s
telomerase_AF221939.99-544,full,telomerase
5s_Thermomicrobium-roseum-1,full,5s
telomerase_U85256.1-451,full,telomerase
srp_Stre.pyog._CP000056,full,srp
5s_Staphylococcus-aureus-3,full,5s
5s_Methanosarcina-acetivorans-2,full,5s
telomerase_AF221923.106-554,full,telomerase
tmRNA_List.mono._TRW-169963_1-370,full,tmRNA
5s_Listeria-innocua-2,full,5s
tRNA_tdbR00000584-Aeropyrum_pernix-56636-Pro-GGG,full,tRNA
grp1_a.I1.e.D.parva.C1.SSU.943,full,grp1
RNaseP_purpleX,full,RNaseP
tRNA_tdbR00000321-Saccharomyces_cerevisiae-4932-Pro-UGG,full,tRNA
RNaseP_S.typhimurium,full,RNaseP
RNaseP_CPA59,full,RNaseP
5s_Xenopus-laevis-4,full,5s
RNaseP_SMB-A5,full,RNaseP
srp_Neis.gono._DD110233,full,srp
tmRNA_Tann.fors._TRW-203275_1-400,full,tmRNA
RNaseP_M.formicicum,full,RNaseP
5s_Russula-cyanoxantha-1,full,5s
tRNA_tdbR00000206-Loligo_bleekeri-6617-Lys-UUU,full,tRNA
RNaseP_P.horikoshi,full,RNaseP
5s_Geobacillus-kaustophilus-7,full,5s
tRNA_tdbR00000341-Rattus_norvegicus-10116-Gln-CUG,full,tRNA
tmRNA_Yers.moll._TRW-349967_1-381,full,tmRNA
tmRNA_Mari.aqua._TRW-351348_1-366,full,tmRNA
srp_Vibr.chol._CP000627,full,srp
5s_Renibacterium-salmoninarum-1,full,5s
srp_Para.deni._CP000489,full,srp
srp_Bart.hens._BX897699,full,srp
tmRNA_Esch.coli._U00096_1-363,full,tmRNA
tmRNA_Chla.trac._TRW-272561_1-420,full,tmRNA
RNaseP_Z.bailii,full,RNaseP
5s_Calanus-finmarchicus-1,full,5s
tmRNA_Fran.tula._CP000437_1-421,full,tmRNA
5s_Ureaplasma-parvum-3,full,5s
5s_Pasteurella-multocida-1,full,5s
5s_Pyrococcus-furiosus-1,full,5s
5s_Fusarium-cerealis-1,full,5s
tRNA_tdbR00000474-Drosophila_melanogaster-7227-Val-NAC,full,tRNA
5s_Methanopyrus-kandleri-1,full,5s
tmRNA_Spir.citr._AM285321_1-424,full,tmRNA
tRNA_tdbR00000519-Phaseolus_vulgaris-3885-Ini-CAU,full,tRNA
srp_Myco.hyop._AE017244,full,srp
grp1_a.I1.e.T.malaccensis.C1.LSU.1925,full,grp1
tmRNA_Salm.ente._TRW-59204_1-363,full,tmRNA
5s_Pseudomonas-putida-2,full,5s
tmRNA_Meso.flor._AE017263_1-408,full,tmRNA
tmRNA_Shew.putr._TRW-319224_1-356,full,tmRNA
RNaseP_N.europaea,full,RNaseP
tRNA_tdbR00000448-Halobacterium_salinarum-2242-Val-GAC,full,tRNA
5s_Mycoplasma-haemofelis-1,full,5s
RNaseP_S.kluyveri,full,RNaseP
srp_Lact.gass._CP000413,full,srp
5s_Brevibacterium-casei-1,full,5s
tRNA_tdbR00000457-Geobacillus_stearothermophilus-1422-Val-GAC,full,tRNA
RNaseP_S.glauca-K194,full,RNaseP
5s_Rhizoctonia-globularis-1,full,5s
tRNA_tdbR00000372-Triticum_aestivum-4565-Arg-CCG,full,tRNA
5s_Corynebacterium-jeikeium-2,full,5s
srp_Leis.trop._AY722723,full,srp
5s_Blastocladiella-simplex-1,full,5s
5s_Saccharomyces-pastorianus-1,full,5s
tmRNA_Borr.burg._AE001118_1-359,full,tmRNA
srp_Bifi.long._AX492782,full,srp
srp_Bras.napu._EE416873,full,srp
5s_Neurospora-crassa-10,full,5s
srp_Baci.pumi._D11415,full,srp
5s_Saccharomonospora-cyanea-1,full,5s
tmRNA_List.ivan._AF440342_1-321,full,tmRNA
tmRNA_Stre.gord._TRW-29390_1-349,full,tmRNA
5s_Weissella-viridescens-1,full,5s
5s_Methanosarcina-barkeri-1,full,5s
5s_Symbiobacterium-thermophilum-1,full,5s
5s_Streptococcus-thermophilus-2,full,5s
RNaseP_PS6,full,RNaseP
5s_Phaseolus-vulgaris-2,full,5s
5s_Rhodococcus-erythropolis-1,full,5s
srp_Zea.mays._CK700970,full,srp
5s_Photobacterium-damselae-1,full,5s
srp_Dein.geot._CP000359,full,srp
tmRNA_Psyc.cryo._CP000323_1-359,full,tmRNA
telomerase_AF221924.105-538,full,telomerase
5s_Campylobacter-jejuni-3,full,5s
tmRNA_Anab.vari._CP000117_1-390,full,tmRNA
5s_Sandaracinobacter-sibiricus-1,full,5s
tRNA_tdbR00000178-Mycoplasma_capricolum-2095-Lys-UU,full,tRNA
5s_Nadsonia-fulvescens-1,full,5s
RNaseP_T.thermophilus,full,RNaseP
5s_Vitreoscilla-stercoraria-1,full,5s
grp1_a.I1.e.S.paniceum.UNK.SSU.1210,full,grp1
tmRNA_Trop.whip._BX251411_1-369,full,tmRNA
tmRNA_Prop.acne._TRW-1747-1_1-371,full,tmRNA
tmRNA_Haem.infl._TRW-262728_1-366,full,tmRNA
srp_Oxyt.trif._GSP-99928,full,srp
tmRNA_Neis.meni._TRW-272831_1-363,full,tmRNA
5s_Protomyces-inundatus-1,full,5s
16s_G.intestinalis_domain2,full,16s
srp_Rhiz.etli._CP000133,full,srp
23s_E.coli_domain6,full,23s
tmRNA_Ther.comm._TRW-289377_1-355,full,tmRNA
RNaseP_R.capsulatus,full,RNaseP
5s_Bartonella-henselae-1,full,5s
srp_Cion.savi._BW551179,full,srp
RNaseP_A.macrocytogenes123,full,RNaseP
RNaseP_SM-A03,full,RNaseP
srp_Cion.inte._GSP-7719,full,srp
5s_Mycobacterium-smegmatis-3,full,5s
5s_Bursaphelenchus-mucronatus-1,full,5s
RNaseP_B.burgdorferi-g,full,RNaseP
srp_Stre.pneu._CP000410,full,srp
srp_Lact.john._AE017201,full,srp
srp_Zea.mays._X14661,full,srp
srp_Lact.sali._CP000233,full,srp
tmRNA_Acid.ferr._TRW-243159_1-364,full,tmRNA
5s_Deinococcus-radiodurans-2,full,5s
5s_Mycobacterium-smegmatis-1,full,5s
srp_Leis.majo._AY722715,full,srp
RNaseP_M.phosphovorus-JCM9380,full,RNaseP
grp1_a.I1.e.T.cosmopolitanis.C1.LSU.1925,full,grp1
tmRNA_Stre.pyog._AE006568_1-345,full,tmRNA
16s_T.maritima_domain3,full,16s
srp_Chlo.tepi._AE006470,full,srp
5s_Rhodobacter-sphaeroides-2,full,5s
srp_Pich.stip._CP000502,full,srp
5s_Cunninghamella-elegans-1,full,5s
srp_Stre.pyog._CP000259,full,srp
tmRNA_Syne.spec._AB003477_1-394,full,tmRNA
RNaseP_S.glauca-L169T,full,RNaseP
5s_Lactococcus-lactis-5,full,5s
5s_Thermotoga-sp.-1,full,5s
tRNA_tdbR00000551-Saccharomyces_cerevisiae-4932-Tyr-GUA,full,tRNA
tmRNA_Chla.cavi._AE015925_1-425,full,tmRNA
5s_Photobacterium-damselae-2,full,5s
5s_Palmaria-palmata-1,full,5s
srp_Mari.mari._CP000449,full,srp
tRNA_tdbR00000070-Geobacillus_stearothermophilus-1422-Phe-AA,full,tRNA
srp_Thei.parv._GSP-333668,full,srp
srp_Sulf.solf._X17239,full,srp
srp_Stre.pneu._AE005672,full,srp
5s_Bombyx-mori-4,full,5s
5s_Bradyrhizobium-japonicum-1,full,5s
5s_Vibrio-parahaemolyticus-4,full,5s
tRNA_tdbR00000146-Lupinus_luteus-3873-His-GUG,full,tRNA
RNaseP_S.caesia-K76T,full,RNaseP
RNaseP_M.thermolithotrophicus,full,RNaseP
srp_Homo.sapi._AB061847,full,srp
5s_Photobacterium-profundum-1,full,5s
16s_H.sapiens.mito_domain4,full,16s
tRNA_tdbR00000433-Mycoplasma_capricolum-2095-Thr-AGU,full,tRNA
5s_Nitrobacter-winogradskyi-1,full,5s
5s_Thiobacillus-sp.-1,full,5s
5s_Pichia-membranifaciens-1,full,5s
tRNA_tdbR00000087-Hordeum_vulgare-4513-Phe-AA,full,tRNA
5s_Saccharomonospora-sp.-1,full,5s
RNaseP_LGA10,full,RNaseP
5s_Blastopirellula-marina-1,full,5s
5s_Fusarium-pseudograminearum-3,full,5s
tRNA_tdbR00000082-Neurospora_crassa-5141-Phe-AA,full,tRNA
5s_Vibrio-proteolyticus-1,full,5s
srp_Dros.viri._GSP-7244,full,srp
grp1_a.I1.e.P.macrosporus.C1.SSU.943,full,grp1
5s_Xanthomonas-axonopodis-1,full,5s
tRNA_tdbR00000617-Nanoarchaeum_equitans-160232-Gln-UUG,full,tRNA
5s_Acyrthosiphon-magnoliae-1,full,5s
5s_Bacillus-anthracis-1,full,5s
RNaseP_SM-A4977,full,RNaseP
RNaseP_SM1,full,RNaseP
grp1_a.I1.e.L.dispersa.UNK.SSU.516,full,grp1
5s_Vibrio-mediterranei-1,full,5s
5s_Lycopersicon-esculentum-1,full,5s
RNaseP_A.brierleyi,full,RNaseP
telomerase_AF221930.94-546,full,telomerase
tmRNA_Pseu.fluo._TRW-216595_1-397,full,tmRNA
telomerase_AF221910.112-554,full,telomerase
RNaseP_Dermocarpa-PCC7437,full,RNaseP
5s_Pseudomonas-syringae-3,full,5s
srp_Gald.sulp._GSP-130081,full,srp
5s_Caulobacter-sp.-1,full,5s
srp_Myco.geni._U39706,full,srp
tRNA_tdbR00000022-Enterobacteria_phage_T5-10726-Asp-GUC,full,tRNA
5s_Thermococcus-kodakarensis-1,full,5s
tRNA_tdbR00000337-Tetrahymena_thermophila-5911-Gln-CUA,full,tRNA
tRNA_tdbR00000250-Saccharomyces_cerevisiae-4932-Leu-UAG,full,tRNA
tRNA_tdbR00000403-Bos_taurus-9913-Ser-UGA,full,tRNA
5s_Ascobolus-immersus-2,full,5s
srp_Rals.sola._AL646052,full,srp
grp1_a.I1.e.P.pachydermus.C1.SSU.943,full,grp1
srp_Baci.anth._AE016879,full,srp
5s_Coprinopsis-radiata-1,full,5s
RNaseP_PS1,full,RNaseP
5s_Fusarium-lunulosporum-8,full,5s
RNaseP_PS33,full,RNaseP
srp_Chla.pneu._BA000008,full,srp
srp_Para.bras._CN240538,full,srp
5s_Hyphomicrobium-sp.-2,full,5s
tRNA_tdbR00000134-Bombyx_mori-7091-Gly-CC,full,tRNA
5s_Neurospora-crassa-12,full,5s
5s_Natronococcus-occultus-1,full,5s
srp_Myco.myco._BX293980,full,srp
srp_Trit.aest._CJ572413,full,srp
tRNA_tdbR00000348-Halobacterium_salinarum-2242-Arg-GCG,full,tRNA
srp_Desu.vulg._AE017311,full,srp
srp_Borr.gari._CP000013,full,srp
srp_Anae.sp.._CP000769,full,srp
RNaseP_Onchorhynchus-sp-1,full,RNaseP
5s_Thermus-thermophilus-1,full,5s
srp_Cion.inte._BW088710,full,srp
5s_Brucella-abortus-1,full,5s
RNaseP_L.muta-1,full,RNaseP
tRNA_tdbR00000425-Drosophila_melanogaster-7227-Ser-IGA,full,tRNA
srp_Lyco.escu._Z29099,full,srp
RNaseP_A.chroococcum,full,RNaseP
tRNA_tdbR00000547-Geobacillus_stearothermophilus-1422-Tyr-QUA,full,tRNA
tRNA_tdbR00000385-Mycoplasma_capricolum-2095-Ser-UGA,full,tRNA
srp_Picr.torr._AE017261,full,srp
5s_Emericella-nidulans-8,full,5s
tRNA_tdbR00000488-Tetrahymena_thermophila-5911-Trp-CA,full,tRNA
srp_Tryp.bruc._AF047723,full,srp
5s_Pneumocystis-carinii-1,full,5s
tmRNA_Buch.aphi._AE013218_1-376,full,tmRNA
RNaseP_SM2,full,RNaseP
5s_Proasellus-coxalis-1,full,5s
tRNA_tdbR00000100-Mus_musculus-10090-Phe-AA,full,tRNA
5s_Filobasidium-capsuligenum-1,full,5s
srp_Ther.teng._AE012978,full,srp
srp_Myco.myco._X53678,full,srp
srp_Trit.aest._CD897082,full,srp
grp1_a.I1.e.B.yamatoana.JCM2896.C1.SSU.943,full,grp1
RNaseP_A.fulgidus,full,RNaseP
5s_Chlamydophila-pneumoniae-3,full,5s
5s_Haloferax-volcanii-3,full,5s
tRNA_tdbR00000086-Euglena_gracilis-3039-Phe-AA,full,tRNA
tmRNA_Prev.inte._TRW-246198_1-400,full,tmRNA
grp1_a.I1.e.A.capsulatus.G184B.C1.SSU,full,grp1
5s_Actinomadura-madurae-1,full,5s
srp_Shew.deni._CP000302,full,srp
srp_Haem.infl._CP000671,full,srp
srp_Lyco.escu._Z29101,full,srp
srp_Shew.spec._CP000446,full,srp
srp_Lact.lact._AE006305,full,srp
srp_Myco.mobi._AE017308,full,srp
5s_Brugia-malayi-1,full,5s
5s_Clostridium-carnis-1,full,5s
srp_Geob.kaus._BA000043,full,srp
5s_Triticum-aestivum-1,full,5s
RNaseP_S.negevensis,full,RNaseP
5s_Eimeria-tenella-1,full,5s
RNaseP_A.nidulans,full,RNaseP
srp_Tryp.bruc._M80262,full,srp
tRNA_tdbR00000381-Haloferax_volcanii-2246-Ser-GCU,full,tRNA
RNaseP_T.celerAL1,full,RNaseP
tmRNA_Stre.equi._TRW-40041_1-349,full,tmRNA
tmRNA_Xyle.fast._AE003849_1-355,full,tmRNA
RNaseP_PS4,full,RNaseP
RNaseP_EF,full,RNaseP
5s_Microtetraspora-glauca-1,full,5s
5s_Burkholderia-caryophylli-1,full,5s
5s_Saccharopolyspora-hirsuta-1,full,5s
srp_Stre.pyog._BA000034,full,srp
RNaseP_VSDW,full,RNaseP
5s_Symbiobacterium-thermophilum-3,full,5s
srp_Arth.sp.._CP000454,full,srp
tmRNA_Rubr.xyla._CP000386_1-360,full,tmRNA
srp_Stre.agal._CP000114,full,srp
5s_Locusta-migratoria-1,full,5s
5s_Grimontia-hollisae-1,full,5s
srp_Geob.sulf._AE017180,full,srp
5s_Staphylococcus-haemolyticus-1,full,5s
RNaseP_S.bikiniensis,full,RNaseP
srp_Thal.pseu._GSP-296543,full,srp
5s_Vibrio-mimicus-1,full,5s
RNaseP_Synechococcus-MINOS1,full,RNaseP
RNaseP_K.pneumoniae,full,RNaseP
srp_Plas.viva._GSP-31273,full,srp
tmRNA_Pseu.puti._AE015451_1-399,full,tmRNA
srp_Myco.lepr._AL583925,full,srp
5s_Secale-cereale-2,full,5s
tRNA_tdbR00000079-Rattus_norvegicus-10116-Phe-GAA,full,tRNA
5s_Caulobacter-spinosum-1,full,5s
tmRNA_Baci.anth._AE016879_1-355,full,tmRNA
srp_Leis.dono._AY722734,full,srp
RNaseP_M.tuberculosis,full,RNaseP
5s_Clavispora-opuntiae-1,full,5s
srp_Vibr.chol._AE004188,full,srp
tRNA_tdbR00000026-Escherichia_coli-562-Asp-QUC,full,tRNA
tRNA_tdbR00000416-Nicotiana_rustica-4093-Ser-CGA,full,tRNA
tmRNA_Stre.equi._TRW-1336_1-349,full,tmRNA
tmRNA_Bord.bron._TRW-257310_1-387,full,tmRNA
grp1_a.I1.e.B.ciliata.JCM6865.C1.SSU.943,full,grp1
5s_Bifidobacterium-longum-2,full,5s
RNaseP_SM-A07,full,RNaseP
tRNA_tdbR00000528-Pichia_jadinii-4903-Ini-CAU,full,tRNA
5s_Mycoplasma-sp.-1,full,5s
srp_Stre.muta._AE014133,full,srp
srp_Synt.wolf._CP000448,full,srp
RNaseP_W.fluorescens,full,RNaseP
5s_Corynebacterium-glutamicum-2,full,5s
5s_Pseudocentrotus-depressus-1,full,5s
tRNA_tdbR00000263-Rattus_norvegicus-10116-Leu-AA,full,tRNA
RNaseP_Halobacterium-NRC1,full,RNaseP
5s_Drosophila-takahashii-1,full,5s
tmRNA_Sacc.degr._CP000282_1-389,full,tmRNA
tRNA_tdbR00000198-Oryctolagus_cuniculus-9986-Lys-CUU,full,tRNA
5s_Streptococcus-pyogenes-4,full,5s
RNaseP_Wolbachia-sp,full,RNaseP
tRNA_tdbR00000060-Drosophila_melanogaster-7227-Glu-2UC,full,tRNA
5s_Dipsacomyces-acuminosporus-1,full,5s
tRNA_tdbR00000318-Salmonella_typhimurium-602-Pro-GGG,full,tRNA
tRNA_tdbR00000021-Saccharomyces_cerevisiae-4932-Cys-GCA,full,tRNA
5s_Bacillus-thuringiensis-6,full,5s
RNaseP_K.thermotolerans,full,RNaseP
tRNA_tdbR00000047-Escherichia_coli-562-Glu-SUC,full,tRNA
5s_Photobacterium-sp.-1,full,5s
tRNA_tdbR00000392-Escherichia_coli-562-Ser-GGA,full,tRNA
tRNA_tdbR00000612-Sinorhizobium_meliloti-382-Trp-CCA,full,tRNA
5s_Neisseria-gonorrhoeae-1,full,5s
RNaseP_M.hyopneumoniae,full,RNaseP
5s_Thermus-thermophilus-2,full,5s
srp_Stre.livi._AY081854,full,srp
5s_Methanococcus-vannielii-2,full,5s
5s_Salmonella-typhimurium-4,full,5s
RNaseP_S.aureus,full,RNaseP
tRNA_tdbR00000175-Haloferax_volcanii-2246-Lys-NUU,full,tRNA
5s_Vibrio-adaptatus-1,full,5s
5s_Actinokineospora-riparia-1,full,5s
5s_Bacteroides-fragilis-2,full,5s
tmRNA_Cyan.para._U30821_1-291,full,tmRNA
tmRNA_Vibr.spec._TRW-345075_1-368,full,tmRNA
5s_Gelidium-amansii-1,full,5s
srp_Esch.coli._X01074,full,srp
5s_Penicillium-griseofulvum-1,full,5s
srp_Burk.mall._CP000546,full,srp
srp_Lyco.escu._Z29105,full,srp
grp1_a.I1.e.C.merochlorophea.UNK.SSU.1210,full,grp1
tRNA_tdbR00000049-Chlamydomonas_reinhardtii-3055-Glu-NUC,full,tRNA
tmRNA_Stre.suis._TRW-286604_1-348,full,tmRNA
5s_Aspergillus-flavus-1,full,5s
tmRNA_uncu.mari._TRW-363180_1-347,full,tmRNA
5s_Methanosarcina-mazei-2,full,5s
tRNA_tdbR00000179-Bacillus_subtilis-1423-Lys-UU,full,tRNA
tRNA_tdbR00000038-Rattus_norvegicus-10116-Asp-8UC,full,tRNA
5s_Mycobacterium-flavescens-1,full,5s
5s_Uthatobasidium-fusisporum-1,full,5s
srp_Leif.xyli._AE016822,full,srp
srp_Dict.disc._AJ699381,full,srp
tRNA_tdbR00000184-Asterias_amurensis-7602-Lys-CUU,full,tRNA
tmRNA_Aero.hydr._AY442269_1-360,full,tmRNA
RNaseP_PS27,full,RNaseP
srp_Citr.sine._CN181543,full,srp
tmRNA_Rals.sola._AL646052_1-360,full,tmRNA
RNaseP_S.fibuligera,full,RNaseP
tmRNA_Soli.usit._CP000473_1-352,full,tmRNA
srp_Leis.aeth._AY722731,full,srp
srp_Phot.prof._CR378666,full,srp
5s_Methanococcus-voltae-1,full,5s
5s_Photorhabdus-luminescens-2,full,5s
tmRNA_Burk.spec._CP000151_1-370,full,tmRNA
srp_Shew.balt._CP000753,full,srp
tmRNA_Bact.mari._TRW-97084_1-385,full,tmRNA
srp_Para.bras._CN238860,full,srp
srp_Stre.ther._CP000024,full,srp
srp_Mus.musc._AC126244,full,srp
5s_Aeromonas-hydrophila-1,full,5s
tRNA_tdbR00000254-Candida_cylindracea-44322-Leu-IAG,full,tRNA
tmRNA_Ther.ther._TRW-300852_1-349,full,tmRNA
RNaseP_R.palustris,full,RNaseP
srp_Hypo.jeco._GSP-334564-2,full,srp
5s_Leptospira-interrogans-1,full,5s
5s_Pyrococcus-furiosus-2,full,5s
5s_Lactobacillus-acidophilus-1,full,5s
tmRNA_Myco.capr._S67602_1-408,full,tmRNA
tRNA_tdbR00000035-Saccharomyces_cerevisiae-4932-Asp-GUC,full,tRNA
5s_Rhodobacter-capsulatus-1,full,5s
5s_Emericella-nidulans-6,full,5s
grp1_b.I1.e.M.anisopliae.3.C1.LSU.1921,full,grp1
RNaseP_H.pylori-48K,full,RNaseP
5s_Mycoplasma-capricolum-1,full,5s
RNaseP_C.opuntiae,full,RNaseP
16s_P.occultum_domain3,full,16s
5s_Samia-cynthia-ricini-x-Bombyx-mori-1,full,5s
RNaseP_A.salinestris-184,full,RNaseP
srp_Stre.pyog._AE014139,full,srp
5s_Pasteurella-multocida-2,full,5s
5s_Vibrio-parahaemolyticus-5,full,5s
5s_Auricularia-auricula-judae-1,full,5s
srp_Leis.dono._AY722733,full,srp
srp_Stre.pyog._CP000003,full,srp
tmRNA_Kine.radi._TRW-266940_1-366,full,tmRNA
5s_Saccharothrix-mutabilis-1,full,5s
grp1_a.I1.e.P.sarcinoidea.C1.SSU.943,full,grp1
srp_Sili.spec._CP000377,full,srp
5s_Aurelia_aurita-1,full,5s
srp_Dros.mela._AE014297,full,srp
srp_Enta.inva._GSP-370355,full,srp
5s_Streptomyces-sp.-2,full,5s
tmRNA_Acid.caps._TRW-240015_1-352,full,tmRNA
5s_Propionibacterium-acnes-1,full,5s
5s_Porphyra-umbilicalis-1,full,5s
5s_Weissella-viridescens-2,full,5s
tRNA_tdbR00000281-Phaseolus_vulgaris-3885-Met-CAU,full,tRNA
srp_Burk.spec._CP000151,full,srp
tRNA_tdbR00000434-Mycoplasma_capricolum-2095-Thr-UGU,full,tRNA
srp_Baci.amyl._D13041,full,srp
5s_Saccharopolyspora-rectivirgula-1,full,5s
tmRNA_Stap.aure._TRW-1280_1-362,full,tmRNA
RNaseP_P.vulgaris,full,RNaseP
grp1_a.I1.e.P.macrosporus.C1.SSU.1506,full,grp1
srp_Borr.burg._AE000783,full,srp
srp_Soda.glos._AP008232,full,srp
tRNA_tdbR00000265-Bos_taurus-9913-Leu-IAG,full,tRNA
5s_Fusarium-asiaticum-7,full,5s
5s_Escherichia-coli-1,full,5s
srp_Baci.cere._CP000001,full,srp
RNaseP_B.brevis,full,RNaseP
5s_P_cynthiaE,full,5s
tRNA_tdbR00000463-Bos_taurus-9913-Val-UAC,full,tRNA
5s_Halichondria-japonica-1,full,5s
5s_Lactobacillus-plantarum-2,full,5s
tRNA_tdbR00000493-Bos_taurus-9913-Trp-NCA,full,tRNA
tmRNA_Salm.ente._TRW-295319_1-363,full,tmRNA
5s_Thermus-sp.-1,full,5s
tRNA_tdbR00000453-Bacillus_subtilis-1423-Val-5AC,full,tRNA
5s_Erysipelothrix-rhusiopathiae-2,full,5s
srp_Rals.eutr._CP000090,full,srp
RNaseP_PS24,full,RNaseP
tRNA_tdbR00000267-Bos_taurus-9913-Leu-IAG,full,tRNA
RNaseP_M.leprae,full,RNaseP
RNaseP_SM-A3761,full,RNaseP
5s_Asellus-aquaticus-1,full,5s
5s_Streptococcus-mutans-3,full,5s
tRNA_tdbR00000383-Haloferax_volcanii-2246-Ser-GGA,full,tRNA
tmRNA_Yers.pest._AL590842_1-364,full,tmRNA
srp_Stre.pyog._CP000261,full,srp
tmRNA_Citr.rode._TRW-67825_1-365,full,tmRNA
tRNA_tdbR00000574-Leishmania_tarentolae-5689-Trp-CCA,full,tRNA
srp_Lact.brev._CP000416,full,srp
srp_Cocc.immi._GSP-396776,full,srp
5s_Fusarium-asiaticum-6,full,5s
5s_Bombyx-mori-1,full,5s
srp_Pseu.fluo._CP000094,full,srp
5s_Pythium-hydnosporum-1,full,5s
5s_Acanthamoeba-castellanii-2,full,5s
tRNA_tdbR00000516-Spinacia_oleracea-3562-Ini-CAU,full,tRNA
tmRNA_Rumi.albu._TRW-246199_1-354,full,tmRNA
srp_List.mono._AE017331,full,srp
5s_Schizochytrium-aggregatum-1,full,5s
tmRNA_Lact.acid._CP000033_1-369,full,tmRNA
tmRNA_Camp.upsa._TRW-306264_1-359,full,tmRNA
5s_Shigella-flexneri-1,full,5s
srp_Cani.spec._SDB-9616,full,srp
srp_Myco.aviu._AE016958,full,srp
5s_Tinca-tinca-1,full,5s
srp_Stre.agal._AL766845,full,srp
tRNA_tdbR00000088-Triticum_aestivum-4565-Phe-AA,full,tRNA
RNaseP_A.pernix,full,RNaseP
tmRNA_Guil.thet._AF041468_1-327,full,tmRNA
tRNA_tdbR00000580-Aeropyrum_pernix-56636-Lys-UUU,full,tRNA
5s_Schizosaccharomyces-pombe-4,full,5s
tRNA_tdbR00000083-Saccharomyces_cerevisiae-4932-Phe-AA,full,tRNA
srp_Proc.mari._AJ237851,full,srp
5s_Corynebacterium-variabile-1,full,5s
srp_Bras.napu._EE411352,full,srp
5s_Idiomarina-loihiensis-2,full,5s
tmRNA_Nitr.euro._BX321865_1-360,full,tmRNA
5s_Mytilus-galloprovincialis-2,full,5s
5s_Yersinia-pestis-1,full,5s
tRNA_tdbR00000191-Mesocricetus_auratus-10036-Lys-NUU,full,tRNA
RNaseP_CPB73,full,RNaseP
srp_Myco.geni._BD439871,full,srp
tRNA_tdbR00000449-Haloferax_volcanii-2246-Val-CAC,full,tRNA
tmRNA_Chla.trac._TRW-813-2_1-420,full,tmRNA
RNaseP_S.viridis-K185,full,RNaseP
5s_Thermotoga-neapolitana-1,full,5s
srp_Baci.cere._AE017194,full,srp
tRNA_tdbR00000142-Saccharomyces_cerevisiae-4932-His-GUG,full,tRNA
srp_Tetr.rost._SDB-5909,full,srp
srp_Nitr.wino._CP000115,full,srp
RNaseP_E.asper,full,RNaseP
5s_Thermotoga-sp.-2,full,5s
srp_Bras.napu._EE412262,full,srp
5s_Photobacterium-profundum-2,full,5s
srp_Zea.mays._CF919998,full,srp
srp_Myco.tube._AE000516,full,srp
5s_Porphyromonas-gingivalis-1,full,5s
5s_Acinetospora-crinita-1,full,5s
tRNA_tdbR00000243-Rattus_norvegicus-10116-Leu-UAG,full,tRNA
5s_Thiomicrospira-pelophila-1,full,5s
5s_Saccharopolyspora-hordei-1,full,5s
srp_Salm.ente._AE017220,full,srp
5s_Vibrio-sp.-1,full,5s
RNaseP_U.urealyticum,full,RNaseP
tRNA_tdbR00000326-Lupinus_luteus-3873-Pro-IGG,full,tRNA
5s_Bacillus-clausii-2,full,5s
RNaseP_CPB75,full,RNaseP
5s_Paenibacillus-popilliae-1,full,5s
srp_Stre.dysg._AJ489606,full,srp
5s_Klebsormidium-flaccidum-1,full,5s
tRNA_tdbR00000311-Haloferax_volcanii-2246-Pro-MGG,full,tRNA
srp_Arab.thal._AC005275,full,srp
16s_Z.mays_domain4,full,16s
tRNA_tdbR00000110-Methanobacterium_thermaggregans-83982-Gly-GCC,full,tRNA
tRNA_tdbR00000224-Rhodospirillum_rubrum-1085-Leu-CAA,full,tRNA
RNaseP_Buchnera-APS,full,RNaseP
srp_Aspe.clav._GSP-344612,full,srp
tRNA_tdbR00000544-Bacillus_subtilis-1423-Tyr-QUA,full,tRNA
RNaseP_L.ferrooxidans-CF,full,RNaseP
tRNA_tdbR00000409-Candida_cylindracea-44322-Ser-CAG,full,tRNA
5s_Bacillus-cereus-1,full,5s
tRNA_tdbR00000518-Saccharomyces_cerevisiae-4932-Ini-CAU,full,tRNA
srp_Neph.oliv._AF137379,full,srp
srp_Legi.pneu._CR628337,full,srp
srp_Leis.dono._AY781793,full,srp
tRNA_tdbR00000097-Bos_taurus-9913-Phe-AA,full,tRNA
srp_Ther.ther._AE017221,full,srp
tmRNA_Syne.elon._TRW-32046_1-394,full,tmRNA
srp_Xyle.fast._AE012554,full,srp
RNaseP_ERH,full,RNaseP
5s_Mycoplasma-gallisepticum-1,full,5s
5s_Amycolatopsis-mediterranei-1,full,5s
tmRNA_Cyto.hutc._CP000383_1-404,full,tmRNA
RNaseP_V.cholera,full,RNaseP
5s_Kibdelosporangium-aridum-1,full,5s
5s_Drosophila-teissieri-1,full,5s
5s_Crithidia-fasciculata-1,full,5s
srp_Ocea.ihey._BA000028,full,srp
tRNA_tdbR00000619-Toxoplasma_gondii-5811-Met-CAU,full,tRNA
5s_Colwellia-psychrerythraea-3,full,5s
5s_Caulobacter-sp.-3,full,5s
tmRNA_Cald.sacc._TRW-351627_1-368,full,tmRNA
srp_Homo.sapi._BF909560,full,srp
23s_T.thermophilus_domain6,full,23s
16s_C.reinhardtii.mito_domain3,full,16s
telomerase_AF221926.103-507,full,telomerase
RNaseP_S.caesia-K200,full,RNaseP
5s_Fusarium-culmorum-2,full,5s
tmRNA_Pola.spec._CP000316_1-387,full,tmRNA
tRNA_tdbR00000578-Leishmania_tarentolae-5689-Glu-3UC,full,tRNA
RNaseP_S.cyanea-K168T,full,RNaseP
5s_Vibrio-cholerae-4,full,5s
tRNA_tdbR00000308-Moloney_murine_leukemia_virus-11801-Pro-NGG,full,tRNA
5s_Streptosporangium-roseum-1,full,5s
5s_Saccharothrix-australiensis-1,full,5s
telomerase_AY312571.605-1069,full,telomerase
srp_Chla.trac._CP000051,full,srp
srp_Esch.coli._AP009048,full,srp
5s_Scenedesmus-obliquus-1,full,5s
srp_Humu.lupu._X65984,full,srp
tRNA_tdbR00000424-Drosophila_melanogaster-7227-Ser-GCU,full,tRNA
tRNA_tdbR00000533-Drosophila_melanogaster-7227-Ini-CAU,full,tRNA
tRNA_tdbR00000158-Escherichia_coli-562-Ile-GAU,full,tRNA
tmRNA_List.mono._AL591983_1-370,full,tmRNA
5s_Ureaplasma-parvum-1,full,5s
RNaseP_N.flavus,full,RNaseP
grp1_a.I1.e.S.paniceum.UNK.SSU.287,full,grp1
srp_Wigg.glos._BA000021,full,srp
RNaseP_N.gregoryi,full,RNaseP
tRNA_tdbR00000566-Homo_sapiens-9606-Tyr-9PA,full,tRNA
5s_Aeromonas-media-1,full,5s
5s_Vibrio-vulnificus-4,full,5s
srp_Pseu.aeru._M31829,full,srp
tmRNA_Aqui.aeol._TRW-63363_1-347,full,tmRNA
srp_Desu.vulg._AE017285,full,srp
telomerase_AF221918.97-547,full,telomerase
srp_Stap.aure._BX571857,full,srp
5s_Bacillus-anthracis-2,full,5s
tmRNA_Emil.huxl._TRW-280463_1-291,full,tmRNA
5s_Mycoplasma-pneumoniae-1,full,5s
tRNA_tdbR00000135-Homo_sapiens-9606-Gly-CCC,full,tRNA
5s_Thiothrix-nivea-1,full,5s
srp_List.mono._AE017262,full,srp
tRNA_tdbR00000127-Halocynthia_roretzi-7729-Gly-UCU,full,tRNA
5s_Vicia-faba-1,full,5s
5s_Wolbachia-endosymbiont-of-B.-malayi-1,full,5s
srp_Maca.mula._GSP-9544,full,srp
5s_Arabidopsis-thaliana-1,full,5s
5s_Ectothiorhodospira-mobilis-1,full,5s
tmRNA_Aste.yell._TRW-322098_1-426,full,tmRNA
srp_Chla.pneu._AE002198,full,srp
5s_Erwinia-carotovora-1,full,5s
tmRNA_Esch.coli._U36840_1-363,full,tmRNA
tRNA_tdbR00000138-Haloferax_volcanii-2246-His-GUG,full,tRNA
5s_Escherichia-coli-13,full,5s
srp_Dani.rrer._BX470258,full,srp
srp_Esch.coli._AE014075,full,srp
srp_Anop.gamb._CD747410,full,srp
tmRNA_Prop.acne._TRW-1747-3_1-353,full,tmRNA
RNaseP_C.pneumoniae-AR39,full,RNaseP
5s_Treponema-denticola-1,full,5s
srp_Clav.lusi._GSP-306902,full,srp
tRNA_tdbR00000398-Ascaris_suum-6253-Ser-UCU,full,tRNA
srp_Phak.meib._GSP-169999,full,srp
tRNA_tdbR00000170-Saccharomyces_cerevisiae-4932-Ile-IAU,full,tRNA
tRNA_tdbR00000422-Rattus_norvegicus-10116-Ser-GCU,full,tRNA
5s_Acidithiobacillus-ferrooxidans-2,full,5s
5s_Corynebacterium-efficiens-1,full,5s
RNaseP_C.trachomatis-D,full,RNaseP
grp1_a.I1.e.S.paniceum.UNK.SSU.114,full,grp1
srp_Baci.poly._D11421,full,srp
srp_Arab.thal._X72229,full,srp
srp_Ther.mela._CP000716,full,srp
5s_Geobacillus-stearothermophilus-2,full,5s
srp_Pseu.aeru._X12644,full,srp
5s_Erysipelothrix-rhusiopathiae-3,full,5s
RNaseP_P.maris,full,RNaseP
srp_Xeno.laev._X01055,full,srp
srp_Cory.glut._BX927148,full,srp
5s_Vibrio-fischeri-3,full,5s
5s_Salmonella-typhimurium-1,full,5s
16s_Z.mays_domain3,full,16s
5s_Filobasidiella-neoformans-1,full,5s
tRNA_tdbR00000464-Saccharomyces_cerevisiae-4932-Val-IAC,full,tRNA
srp_Salm.ente._AL627266,full,srp
5s_Pythium-torulosum-1,full,5s
tRNA_tdbR00000484-Escherichia_coli-562-Trp-CCA,full,tRNA
srp_Heli.annu._AJ828095,full,srp
tmRNA_Clos.perf._TRW-195102_1-361,full,tmRNA
5s_Bacillus-subtilis-5,full,5s
srp_Bras.napu._EE416381,full,srp
5s_Bacillus-anthracis-9,full,5s
5s_Silicibacter-pomeroyi-1,full,5s
5s_Coprinopsis-cinerea-1,full,5s
srp_Oryz.sati._AP003333,full,srp
RNaseP_SM-A3254,full,RNaseP
tmRNA_Nitr.mult._CP000103_1-362,full,tmRNA
tmRNA_Burk.fung._TRW-266265_1-370,full,tmRNA
5s_Tremella-mesenterica-1,full,5s
srp_Shew.loih._CP000606,full,srp
tRNA_tdbR00000562-Nicotiana_rustica-4093-Tyr-GPA,full,tRNA
RNaseP_K.polysporus,full,RNaseP
srp_Vibr.chol._AE003852,full,srp
tRNA_tdbR00000001-Halobacterium_salinarum-2242-Ala-CGC,full,tRNA
srp_Cand.glab._CR380957,full,srp
grp1_a.I1.e.P.inouyei.C1.SSU.1506,full,grp1
srp_Haem.infl._CP000672,full,srp
5s_Tricholoma-matsutake-1,full,5s
srp_Bras.napu._EE537348,full,srp
RNaseP_SM-A04,full,RNaseP
RNaseP_Rr327,full,RNaseP
tRNA_tdbR00000380-Halobacterium_salinarum-2242-Ser-MGA,full,tRNA
tRNA_tdbR00000410-Candida_cylindracea-44322-Ser-GA,full,tRNA
srp_Cory.jeik._CR931997,full,srp
srp_Lyco.escu._Z29260,full,srp
tmRNA_Baci.subt._TRW-1423_1-363,full,tmRNA
srp_Proc.mari._AE017165,full,srp
srp_Stap.aure._E36052,full,srp
5s_Shewanella-hanedai-1,full,5s
5s_Fusarium-pseudograminearum-6,full,5s
5s_Legionella-dumoffii-1,full,5s
5s_Antheraea-pernyi-1,full,5s
5s_Neurospora-africana-1,full,5s
tRNA_tdbR00000171-Pichia_jadinii-4903-Ile-IAU,full,tRNA
srp_Stap.aure._CP000736,full,srp
tRNA_tdbR00000064-Mycoplasma_capricolum-2095-Phe-GAA,full,tRNA
tmRNA_Salm.ente._AE017220_1-363,full,tmRNA
5s_Comamonas-terrigena-1,full,5s
RNaseP_ESH212C,full,RNaseP
5s_Xenopus-borealis-2,full,5s
5s_Filobasidium-floriforme-2,full,5s
5s_Flavobacterium-johnsoniae-1,full,5s
tRNA_tdbR00000423-Rattus_norvegicus-10116-Ser-IGA,full,tRNA
tmRNA_Neis.meni._AL162755_1-360,full,tmRNA
5s_Methanosarcina-vacuolata-1,full,5s
srp_Stap.aure._AF368293,full,srp
RNaseP_T.syrichta,full,RNaseP
tmRNA_Lept.spec._TRW-261385_1-359,full,tmRNA
tRNA_tdbR00000114-Staphylococcus_epidermidis-1282-Gly-UCC,full,tRNA
tmRNA_Acid.ferr._TRW-133824_1-364,full,tmRNA
srp_Clos.perf._CP000312,full,srp
tRNA_tdbR00000390-Escherichia_coli-562-Ser-CGA,full,tRNA
tRNA_tdbR00000573-Leishmania_tarentolae-5689-Gln-3UG,full,tRNA
5s_Misgurnus-fossilis-14,full,5s
srp_Sacc.cere._U18917,full,srp
tRNA_tdbR00000479-Mycoplasma_capricolum-2095-Trp-BCA,full,tRNA
srp_Hype.buty._CP000493,full,srp
RNaseP_A.obstetricans,full,RNaseP
srp_Plas.berg._DC223490,full,srp
5s_Paracoccus-sp.-1,full,5s
tRNA_tdbR00000181-Escherichia_coli-562-Lys-SUU,full,tRNA
srp_Phak.pach._GSP-170000-1,full,srp
srp_Ther.elon._BA000039,full,srp
RNaseP_E.eschscholtzii-2,full,RNaseP
RNaseP_S.caesia-SB22,full,RNaseP
srp_Meth.ferv._S49762,full,srp
srp_Fran.alni._CT573213,full,srp
tmRNA_Erwi.caro._BX950851_1-363,full,tmRNA
5s_Burkholderia-pseudomallei-1,full,5s
5s_Saccharomyces-cerevisiae-7,full,5s
srp_Yers.pest._CP000305,full,srp
tRNA_tdbR00000069-Synechococcus_sp._PCC_7002-32049-Phe-GAA,full,tRNA
5s_Lactobacillus-johnsonii-1,full,5s
tmRNA_Shig.boyd._CP000036_1-363,full,tmRNA
5s_Clostridium-acetobutylicum-2,full,5s
tRNA_tdbR00000017-Homo_sapiens-9606-Ala-IGC,full,tRNA
tmRNA_envi.sequ._TRW-300695-2_1-345,full,tmRNA
tmRNA_envi.sequ._TRW-363179_1-348,full,tmRNA
srp_Lact.lact._CP000425,full,srp
srp_Plas.berg._DC223613,full,srp
tRNA_tdbR00000201-Drosophila_melanogaster-7227-Lys-CUU,full,tRNA
RNaseP_Prochlorococcus-NATL1,full,RNaseP
5s_Micrococcus-luteus-4,full,5s
5s_Vibrio-fischeri-1,full,5s
5s_Vibrio-harveyi-2,full,5s
5s_Agrobacterium-tumefaciens-2,full,5s
tRNA_tdbR00000262-Rattus_norvegicus-10116-Leu-AA,full,tRNA
tmRNA_Haem.infl._TRW-262727_1-366,full,tmRNA
5s_Thiomonas-perometabolis-1,full,5s
srp_Yarr.lipo._CR382130,full,srp
tRNA_tdbR00000426-Drosophila_melanogaster-7227-Ser-CGA,full,tRNA
tmRNA_Sulf.azor._TRW-204536_1-351,full,tmRNA
tmRNA_Vibr.chol._AE004170_1-367,full,tmRNA
grp1_b.I1.e.M.anisopliae.2.C1.LSU.1921,full,grp1
srp_Oryz.sati._AP003253,full,srp
tmRNA_Lact.sake._AF400065_1-370,full,tmRNA
5s_Lingula-anatina-1,full,5s
tRNA_tdbR00000465-Saccharomyces_cerevisiae-4932-Val-CAC,full,tRNA
srp_Pris.paci._GSP-54126,full,srp
srp_Stap.epid._AX145149,full,srp
srp_Pyro.isla._CP000504,full,srp
RNaseP_S.dairensis,full,RNaseP
tRNA_tdbR00000314-Mycoplasma_capricolum-2095-Pro-UGG,full,tRNA
5s_Caulobacter-sp.-5,full,5s
5s_Arthrobacter-globiformis-1,full,5s
tRNA_tdbR00000360-Codium_fragile-3133-Arg-ICG,full,tRNA
5s_Streptococcus-agalactiae-2,full,5s
5s_Limulus-polyphemus-1,full,5s
tmRNA_Fran.tula._AM286280_1-421,full,tmRNA
5s_Ustilago-longissima-1,full,5s
tRNA_tdbR00000382-Haloferax_volcanii-2246-Ser-MGA,full,tRNA
5s_Pichia-jadinii-1,full,5s
tmRNA_Stap.aure._BA000017_1-362,full,tmRNA
tRNA_tdbR00000445-Bos_taurus-9913-Thr-IGU,full,tRNA
5s_Clostridium-innocuum-1,full,5s
srp_Stre.agal._AE014209,full,srp
5s_Halorubrum-distributum-4,full,5s
5s_Hyphomicrobium-sp.-1,full,5s
srp_Lept.coll._AF006750,full,srp
5s_Toxoplasma-gondii-1,full,5s
5s_Bacteroides-fragilis-4,full,5s
5s_Spirobolus-sp-1,full,5s
5s_Wolinella-succinogenes-1,full,5s
srp_Humu.lupu._AJ236703,full,srp
RNaseP_T.maritima-g,full,RNaseP
RNaseP_Mxa1,full,RNaseP
srp_Schm.medi._GSP-79327,full,srp
5s_Proteus-vulgaris-1,full,5s
srp_Ther.ther._X12643,full,srp
5s_Oryctolagus-cuniculus-1,full,5s
5s_Haliclona-oculata-1,full,5s
16s_H.volcanii_domain2,full,16s
tmRNA_Stap.aure._AC074317_1-359,full,tmRNA
5s_Gluconacetobacter-xylinus-1,full,5s
tRNA_tdbR00000609-Chlamydomonas_reinhardtii-3055-Leu-UA7,full,tRNA
srp_Baci.anth._AE017334,full,srp
tRNA_tdbR00000091-Pisum_sativum-3888-Phe-AA,full,tRNA
tmRNA_uncu.bact._TRW-72274-2_1-359,full,tmRNA
srp_Lyco.escu._Z46744,full,srp
srp_Arab.thal._AL161496,full,srp
tRNA_tdbR00000160-Escherichia_coli-562-Ile-AU,full,tRNA
tRNA_tdbR00000315-Mycoplasma_mycoides-2102-Pro-UGG,full,tRNA
5s_Halorubrum-distributum-3,full,5s
5s_Pleurodeles-waltl-1,full,5s
tRNA_tdbR00000065-Bacillus_subtilis-1423-Phe-AA,full,tRNA
5s_Cryptococcus-neoformans-1,full,5s
tRNA_tdbR00000393-Escherichia_coli-562-Ser-GGA,full,tRNA
5s_Saccharomyces-cerevisiae-6,full,5s
tmRNA_Myco.aviu._AE016958_1-368,full,tmRNA
tmRNA_Chlo.aura._AY040836_1-361,full,tmRNA
5s_Thermotoga-sp.-3,full,5s
RNaseP_L.borgpetersenii,full,RNaseP
tRNA_tdbR00000051-Triticum_aestivum-4565-Glu-SPC,full,tRNA
tmRNA_Prop.acne._AE017283_1-371,full,tmRNA
tRNA_tdbR00000041-Xenopus_laevis-8355-Asp-8UC,full,tRNA
5s_Prosthecomicrobium-enhydrum-1,full,5s
srp_Yers.pest._AJ414155,full,srp
tmRNA_Haem.infl._L42023_1-366,full,tmRNA
tmRNA_Esch.coli._BA000007_1-363,full,tmRNA
tRNA_tdbR00000577-Leishmania_tarentolae-5689-Glu-CUC,full,tRNA
RNaseP_S.viridis-K191,full,RNaseP
srp_Baci.circ._D11419,full,srp
5s_Coleosporium-tussilaginis-1,full,5s
5s_Euplotes-octocarinatus-1,full,5s
5s_Brucella-suis-1,full,5s
5s_Candida-glabrata-1,full,5s
5s_Agrobacterium-tumefaciens-6,full,5s
16s_C.psittaci_domain4,full,16s
5s_Harpalus-rufipes-1,full,5s
5s_Methanothermus-fervidus-1,full,5s
5s_Rhodosporidium-toruloides-1,full,5s
5s_Thiobacillus-thioparus-1,full,5s
RNaseP_F.antarctica,full,RNaseP
5s_Fusarium-sporotrichioides-1,full,5s
tRNA_tdbR00000129-Saccharomyces_cerevisiae-4932-Gly-GCC,full,tRNA
5s_Ceratobasidium-cornigerum-1,full,5s
5s_Porphyra-yezoensis-1,full,5s
5s_Vibrio-parahaemolyticus-2,full,5s
srp_Fuso.nucl._AE009951,full,srp
srp_Homo.sapi._X02067,full,srp
srp_Rals.meta._CP000352,full,srp
5s_Rhcoc_fas1B,full,5s
5s_Phacus-curvicauda-1,full,5s
5s_Nocardioides-albus-1,full,5s
tRNA_tdbR00000300-Saccharomyces_cerevisiae-4932-Asn-GUU,full,tRNA
RNaseP_ESH183D,full,RNaseP
tmRNA_Phot.asym._TRW-291112_1-364,full,tmRNA
srp_Myco.smeg._CP000480,full,srp
srp_Zea.mays._CF974802,full,srp
tRNA_tdbR00000399-Aedes_albopictus-7160-Ser-GCU,full,tRNA
16s_C.reinhardtii.mito_domain4,full,16s
RNaseP_M.flocculare,full,RNaseP
tmRNA_Clos.diff._TRW-367459_1-350,full,tmRNA
srp_Dros.mela._AC095014,full,srp
srp_Baci.subt._X06803,full,srp
5s_Drosophila-melanogaster-2,full,5s
srp_Salm.typh._AE008717,full,srp
16s_F.ananassa_domain4,full,16s
5s_Neurospora-crassa-11,full,5s
5s_Vibrio-ordalii-1,full,5s
5s_Rhodopseudomonas-palustris-3,full,5s
tmRNA_Bact.frag._TRW-817_1-398,full,tmRNA
srp_Kluy.lact._CR382126,full,srp
tmRNA_uncu.bact._TRW-80840-3_1-379,full,tmRNA
16s_S.cerevisiae_domain4,full,16s
5s_Bartonella-quintana-1,full,5s
tRNA_tdbR00000192-Saccharomyces_cerevisiae-4932-Lys-CUU,full,tRNA
RNaseP_LGA6,full,RNaseP
5s_Pseudonocardia-hydrocarbonoxydans-1,full,5s
grp1_a.I1.e.A.adeninivorans.C1.LSU.2449,full,grp1
tRNA_tdbR00000193-Saccharomyces_cerevisiae-4932-Lys-UU,full,tRNA
tmRNA_Esch.coli._AP009048_1-363,full,tmRNA
srp_Aero.pern._BA000002,full,srp
tRNA_tdbR00000436-Bacillus_subtilis-1423-Thr-5GU,full,tRNA
srp_Salm.ente._CP000026,full,srp
srp_Phae.nodo._GSP-321614,full,srp
srp_Pyro.aero._AE009852,full,srp
srp_Ther.petr._CP000702,full,srp
tRNA_tdbR00000233-Phaseolus_vulgaris-3885-Leu-UA7,full,tRNA
tRNA_tdbR00000232-Phaseolus_vulgaris-3885-Leu-NAA,full,tRNA
5s_Mycobacterium-bovis-3,full,5s
RNaseP_C.innocuum,full,RNaseP
RNaseP_U.stansburiana,full,RNaseP
tmRNA_Neph.oliv._AF137379-2_1-327,full,tmRNA
tRNA_tdbR00000486-Phaseolus_vulgaris-3885-Trp-BCA,full,tRNA
5s_Wigglesworthia-glossinidia-1,full,5s
5s_Magnolia-stellata-1,full,5s
tmRNA_Leuc.mese._CP000414_1-358,full,tmRNA
RNaseP_P.purpurea-chloroplast,full,RNaseP
5s_Meloidogyne-chitwoodi-1,full,5s
RNaseP_Anabaena-PCC7120,full,RNaseP
srp_Ente.faec._AE016830,full,srp
tmRNA_Stre.agal._TRW-1311_1-350,full,tmRNA
tRNA_tdbR00000605-Lupinus_luteus-3873-Leu-CAG,full,tRNA
tmRNA_Mann.succ._AE016827_1-367,full,tmRNA
5s_Colacogloea-peniophorae-1,full,5s
srp_Trit.aest._CA694528,full,srp
5s_Caenorhabditis-elegans-1,full,5s
srp_Dani.rrer._CU179657,full,srp
tRNA_tdbR00000387-Bacillus_subtilis-1423-Ser-5GA,full,tRNA
tmRNA_Pseu.ento._CT573326_1-392,full,tmRNA
tmRNA_Salm.typh._AY316313_1-363,full,tmRNA
tRNA_tdbR00000027-Hordeum_vulgare-4513-Asp-GUC,full,tRNA
5s_Colwellia-psychrerythraea-1,full,5s
tmRNA_Stre.pneu._TRW-1313_1-348,full,tmRNA
tRNA_tdbR00000095-Drosophila_melanogaster-7227-Phe-AA,full,tRNA
5s_Ralstonia-pickettii-1,full,5s
16s_P.staleyi_domain4,full,16s
5s_Methylobacterium-extorquens-1,full,5s
tmRNA_Pseu.aeru._CP000438_1-353,full,tmRNA
5s_Bacillus-anthracis-10,full,5s
tRNA_tdbR00000212-Haloferax_volcanii-2246-Leu-CAG,full,tRNA
RNaseP_T.pallidum,full,RNaseP
5s_Burkholderia-cepacia-1,full,5s
tmRNA_Grac.tenu._AY673996_1-396,full,tmRNA
tRNA_tdbR00000297-Azospirillum_lipoferum-193-Asn-QUU,full,tRNA
srp_Chla.muri._AE002321,full,srp
5s_Delftia-acidovorans-1,full,5s
tRNA_tdbR00000521-Bos_taurus-9913-Ini-CAU,full,tRNA
srp_Pseu.mend._CP000680,full,srp
srp_Baci.lich._CP000002,full,srp
tRNA_tdbR00000343-Mus_musculus-10090-Gln-CUG,full,tRNA
RNaseP_C.sporogenes,full,RNaseP
5s_Parachlamydia-sp.-1,full,5s
srp_Onch.volv._BF727619,full,srp
srp_Sola.tube._DR037646,full,srp
RNaseP_T.thioparus,full,RNaseP
srp_Camp.curv._CP000767,full,srp
tmRNA_Myco.mobi._TRW-267748_1-376,full,tmRNA
5s_Chlorobium-limicola-2,full,5s
srp_Arab.thal._AC005311,full,srp
5s_Pseudomonas-syringae-1,full,5s
srp_Leis.braz._AY781791,full,srp
tRNA_tdbR00000582-Aeropyrum_pernix-56636-Tyr-GUA,full,tRNA
srp_Burk.mall._CP000548,full,srp
srp_Yarr.lipo._X51658,full,srp
srp_Myco.spec._CP000518,full,srp
srp_Humu.japo._X65991,full,srp
RNaseP_C.acetobutylicum,full,RNaseP
5s_Mycobacterium-bovis-2,full,5s
5s_Acidithiobacillus-ferrooxidans-3,full,5s
5s_Erysipelothrix-tonsillarum-1,full,5s
srp_Dein.radi._AE002056,full,srp
RNaseP_Prochlorococcus-PAC1B,full,RNaseP
5s_Geobacillus-stearothermophilus-3,full,5s
5s_Bresslaua-vorax-1,full,5s
5s_Drosophila-erecta-1,full,5s
tmRNA_Stap.aure._BA000018_1-362,full,tmRNA
5s_Mycobacterium-tuberculosis-1,full,5s
5s_Methylococcus-capsulatus-1,full,5s
srp_Myco.hyop._AE017332,full,srp
5s_Cryptomonas-paramecium-1,full,5s
5s_Tulasnella-violea-1,full,5s
tRNA_tdbR00000529-Triticum_aestivum-4565-Ini-CAU,full,tRNA
RNaseP_TP1,full,RNaseP
5s_Helicobacter-pylori-2,full,5s
5s_Methanococcus-vannielii-1,full,5s
tmRNA_Neis.meni._TRW-122587_1-363,full,tmRNA
RNaseP_CPA58,full,RNaseP
5s_Roseococcus-thiosulfatophilus-2,full,5s
tmRNA_Acti.succ._TRW-339671_1-367,full,tmRNA
telomerase_AF221914.112-589,full,telomerase
5s_Helicobacter-hepaticus-1,full,5s
srp_Cory.diph._BX248354,full,srp
RNaseP_SM-A1621,full,RNaseP
tmRNA_Stap.aure._BX571857_1-362,full,tmRNA
srp_Meth.kand._AE010387,full,srp
5s_Bacillus-megaterium-1,full,5s
5s_Bufo-americanus-1,full,5s
RNaseP_SM-A2135,full,RNaseP
RNaseP_C.trachomatis-2,full,RNaseP
RNaseP_CPA49,full,RNaseP
5s_T_cruziE,full,5s
5s_Fusarium-sporotrichioides-3,full,5s
srp_Shew.spec._CP000444,full,srp
srp_Vibr.vuln._AE016807,full,srp
tmRNA_Camp.jeju._AL139078_1-356,full,tmRNA
tRNA_tdbR00000033-Didelphis_virginiana-9267-Asp-QUC,full,tRNA
5s_Bacteroides-fragilis-5,full,5s
tRNA_tdbR00000062-Homo_sapiens-9606-Glu-CUC,full,tRNA
5s_Oerskovia-turbata-1,full,5s
tmRNA_envi.sequ._TRW-2-1_1-365,full,tmRNA
5s_Saprolegnia-ferax-1,full,5s
tmRNA_Desu.vulg._AE017285_1-352,full,tmRNA
5s_Thermus-thermophilus-3,full,5s
RNaseP_S.lividans,full,RNaseP
srp_Heli.exil._EE659686,full,srp
srp_Heli.pylo._AE001441,full,srp
5s_Candida-antarctica-1,full,5s
5s_Scyliorhinus-canicula-1,full,5s
srp_Baci.anth._AE017024,full,srp
srp_Sili.pome._CP000031,full,srp
5s_Bacillus-anthracis-7,full,5s
tmRNA_Psyc.arct._CP000082_1-359,full,tmRNA
tRNA_tdbR00000102-Bos_taurus-9913-Phe-AA,full,tRNA
tRNA_tdbR00000032-Rattus_norvegicus-10116-Asp-GUC,full,tRNA
5s_Fusarium-culmorum-7,full,5s
5s_Caulobacter-sp.-4,full,5s
telomerase_AF221937.99-545,full,telomerase
RNaseP_CPB7776,full,RNaseP
RNaseP_SM-A4674,full,RNaseP
tRNA_tdbR00000151-Haloferax_volcanii-2246-Ile-GAU,full,tRNA
5s_Methanosarcina-acetivorans-1,full,5s
RNaseP_P.alcalifaciens,full,RNaseP
5s_Perkinsus-andrewsi-2,full,5s
5s_Neurospora-crassa-9,full,5s
5s_Daphnia-magna-1,full,5s
5s_Vibrio-fischeri-2,full,5s
srp_Caen.brig._AC084446,full,srp
srp_Burk.pseu._CP000124,full,srp
grp1_a.I1.e.C.merochlorophea.UNK.SSU.1389,full,grp1
srp_Fran.tula._AM286280,full,srp
5s_Asellus-aquaticus-2,full,5s
5s_Methanospirillum-hungatei-1,full,5s
5s_Verrucomicrobium-spinosum-1,full,5s
RNaseP_A.tumefaciens,full,RNaseP
5s_Acidithiobacillus-thiooxidans-1,full,5s
5s_Fusobacterium-nucleatum-2,full,5s
srp_Haem.infl._U32795,full,srp
RNaseP_A.fastidiosum,full,RNaseP
5s_Corynebacterium-xerosis-1,full,5s
grp1_a.I1.e.L.dispersa.UNK.SSU.114,full,grp1
srp_Leis.braz._AM494942,full,srp
tmRNA_Yers.berc._TRW-349968_1-381,full,tmRNA
5s_Aplysia-kurodai-1,full,5s
RNaseP_H.mobilis,full,RNaseP
RNaseP_M.thermoautotrophicumDH-g,full,RNaseP
srp_Plas.falc._EF690554,full,srp
srp_Lact.john._AE017198,full,srp
5s_Saccharomyces-cerevisiae-4,full,5s
tRNA_tdbR00000437-Escherichia_coli-562-Thr-GGU,full,tRNA
tmRNA_Lact.delb._TRW-321956_1-362,full,tmRNA
5s_Achromobacter-xylosoxidans-1,full,5s
5s_Pirellula-sp.-2,full,5s
srp_Neis.meni._AE002098,full,srp
RNaseP_PF101,full,RNaseP
tmRNA_Myco.Bxz1._AY129337_1-437,full,tmRNA
tRNA_tdbR00000145-Saccharomyces_cerevisiae-4932-His-GUG,full,tRNA
16s_B.burgdorferi_domain2,full,16s
RNaseP_C.difficile,full,RNaseP
RNaseP_SMB-B1,full,RNaseP
grp1_a.I1.m.S.luteus.A1.LSU.2504,full,grp1
5s_Thermococcus-celer-1,full,5s
RNaseP_WA1,full,RNaseP
srp_Neis.meni._AL162755,full,srp
RNaseP_CPB70,full,RNaseP
5s_Metasequoia-glyptostroboides-1,full,5s
5s_Natronomonas-pharaonis-2,full,5s
srp_Tric.rees._GSP-334564-1,full,srp
tRNA_tdbR00000288-Mus_musculus-10090-Met-BAU,full,tRNA
5s_Pleurodeles-waltl-3,full,5s
5s_Ascaris-suum-1,full,5s
srp_Lyco.escu._Z29112,full,srp
RNaseP_D.radiodurans,full,RNaseP
tRNA_tdbR00000611-Sinorhizobium_meliloti-382-His-GUG,full,tRNA
5s_Fusarium-lunulosporum-4,full,5s
tRNA_tdbR00000147-Drosophila_melanogaster-7227-His-GUG,full,tRNA
5s_Natrinema-sp.-1,full,5s
srp_Dich.nodo._CP000513,full,srp
tRNA_tdbR00000513-Synechococcus_elongatus_PCC_6301-269084-Ini-CAU,full,tRNA
srp_Humu.japo._X65990,full,srp
RNaseP_LGA2,full,RNaseP
srp_Para.bras._CN239248,full,srp
5s_Chlorobium-limicola-1,full,5s
5s_E_glandulE,full,5s
tmRNA_Copr.prot._TRW-351627_1-353,full,tmRNA
5s_Vitreoscilla-beggiatoides-1,full,5s
tmRNA_Rubr.xyla._TRW-266117_1-360,full,tmRNA
5s_Pseudomonas-aeruginosa-3,full,5s
tRNA_tdbR00000249-Saccharomyces_cerevisiae-4932-Leu-CAA,full,tRNA
tmRNA_Bord.para._TRW-257311_1-387,full,tmRNA
5s_Bacillus-licheniformis-2,full,5s
RNaseP_E.faecalis-2,full,RNaseP
5s_Bacillus-cereus-2,full,5s
5s_Neisseria-meningitidis-1,full,5s
srp_Homo.sapi._BU566619,full,srp
5s_Cyanophora-paradoxa-1,full,5s
5s_Corynebacterium-diphtheriae-2,full,5s
srp_Anab.vari._CP000117,full,srp
tmRNA_Dein.geot._CP000359_1-348,full,tmRNA
5s_Mycobacterium-phlei-2,full,5s
5s_Haloferax-volcanii-1,full,5s
telomerase_AF221925.98-540,full,telomerase
RNaseP_SM-A4876,full,RNaseP
tRNA_tdbR00000046-Escherichia_coli-562-Glu-SUC,full,tRNA
5s_Chlorobium-phaeobacteroides-1,full,5s
RNaseP_Z.rouxii,full,RNaseP
srp_Meth.caps._AE017282,full,srp
5s_Streptomyces-griseus-3,full,5s
5s_Sporosarcina-ureae-1,full,5s
RNaseP_M.genitalium,full,RNaseP
tmRNA_uncu.bact._TRW-45456_1-408,full,tmRNA
tmRNA_List.mono._TRW-1639-1_1-370,full,tmRNA
tmRNA_Acti.naes._TRW-240017_1-371,full,tmRNA
5s_Oryza-sativa-1,full,5s
5s_Schizosaccharomyces-pombe-3,full,5s
5s_Carpopeltis-crispata-1,full,5s
5s_Mycoplasma-mycoides-1,full,5s
5s_Spiroplasma-melliferum-1,full,5s
RNaseP_P.stutzeri,full,RNaseP
tmRNA_Clav.mich._TRW-31964_1-376,full,tmRNA
5s_Acholeplasma-laidlawii-2,full,5s
5s_Porphyra-tenera-1,full,5s
tmRNA_Heli.pylo._AE000590_1-383,full,tmRNA
RNaseP_SM-A1315,full,RNaseP
srp_Ashb.goss._AE016819,full,srp
5s_Thiovulum-sp.-1,full,5s
RNaseP_SMB-B4,full,RNaseP
tmRNA_Burk.xeno._CP000270_1-370,full,tmRNA
5s_Actinia-equina-1,full,5s
5s_Lactobacillus-delbrueckii-2,full,5s
RNaseP_G.gorilla,full,RNaseP
5s_Xenopus-tropicalis-2,full,5s
5s_Bacillus-cereus-11,full,5s
5s_Methanothermobacter-thermautotrophicus-1,full,5s
5s_Candidatus-Pelagibacter-ubique-1,full,5s
5s_Taxus-baccata-1,full,5s
RNaseP_Oscillatoria-PCC7515,full,RNaseP
tmRNA_Acti.acti._TRW-272556_1-366,full,tmRNA
srp_Syne.spec._BA000022,full,srp
5s_uncultured-euryarchaeote-37F11-1,full,5s
srp_Hist.caps._GSP-278162,full,srp
RNaseP_Prochlorococcus-PCC9511,full,RNaseP
5s_Emericella-nidulans-2,full,5s
5s_Thermoactinomyces-vulgaris-1,full,5s
srp_Moor.ther._CP000232,full,srp
srp_Trit.aest._CA718249,full,srp
16s_H.volcanii_domain4,full,16s
tRNA_tdbR00000323-Saccharomyces_cerevisiae-4932-Pro-NGG,full,tRNA
23s_E.coli_domain4,full,23s
tmRNA_Camp.jeju._AX048472_1-359,full,tmRNA
5s_Clavispora-opuntiae-3,full,5s
tmRNA_Pedi.pent._CP000422_1-369,full,tmRNA
5s_Escherichia-coli-15,full,5s
tRNA_tdbR00000367-Bos_taurus-9913-Arg-UCG,full,tRNA
srp_Leis.braz._AY722726,full,srp
srp_Ferv.nodo._CP000771,full,srp
5s_Methylococcus-capsulatus-3,full,5s
RNaseP_UK5,full,RNaseP
srp_Arab.thal._AC005662,full,srp
srp_Rhod.palu._CP000301,full,srp
srp_Mono.dome._GSP-13616,full,srp
5s_Isosphaera-pallida-1,full,5s
5s_Shigella-flexneri-3,full,5s
5s_Haloarcula-marismortui-2,full,5s
srp_Nema.vect._GSP-45351,full,srp
RNaseP_EM14b-9,full,RNaseP
5s_Psilotum-nudum-1,full,5s
srp_Bruc.meli._AE009624,full,srp
grp1_a.I1.e.L.dispersa.UNK.SSU.287,full,grp1
5s_Pseudomonas-fluorescens-4,full,5s
5s_Physarum-polycephalum-1,full,5s
telomerase_AF221920.99-541,full,telomerase
telomerase_AF221921.98-548,full,telomerase
RNaseP_M.jannaschii,full,RNaseP
tmRNA_Shew.onei._AX048560_1-355,full,tmRNA
tmRNA_Carb.hydr._CP000141_1-359,full,tmRNA
tRNA_tdbR00000219-Bacillus_subtilis-1423-Leu-CAG,full,tRNA
tRNA_tdbR00000309-Enterobacteria_phage_T4-10665-Pro-NGG,full,tRNA
5s_Nicotiana-tabacum-1,full,5s
tRNA_tdbR00000351-Haloferax_volcanii-2246-Arg-NCG,full,tRNA
srp_Stro.purp._GSP-7668,full,srp
tmRNA_Lact.case._CP000423_1-364,full,tmRNA
grp1_a.I1.e.P.carinii.Pc2.C1.LSU.1921,full,grp1
srp_Myco.capr._S67588,full,srp
RNaseP_P126,full,RNaseP
tRNA_tdbR00000007-Bacillus_subtilis-1423-Ala-5GC,full,tRNA
RNaseP_Onchorhynchus-2,full,RNaseP
srp_Cyan.mero._AB002583,full,srp
tmRNA_Chro.sale._CP000285_1-380,full,tmRNA
tRNA_tdbR00000218-Mycoplasma_capricolum-2095-Leu-UAG,full,tRNA
srp_Cyan.mero._AY286123,full,srp
srp_Brad.spec._CU234118,full,srp
telomerase_AF221906.96-545,full,telomerase
tmRNA_Nost.spec._BA000019_1-390,full,tmRNA
telomerase_AF221936.98-540,full,telomerase
RNaseP_S.faciem,full,RNaseP
5s_Erysipelothrix-rhusiopathiae-1,full,5s
5s_Graphiola-phoenicis-1,full,5s
srp_Ther.fusc._CP000088,full,srp
tmRNA_Haem.infl._U32808_1-366,full,tmRNA
5s_Ginkgo-biloba-1,full,5s
5s_Methylomicrobium-clara-1,full,5s
5s_Thiothrix-sp.-1,full,5s
srp_Homo.sapi._AL627171,full,srp
5s_Streptomyces-coelicolor-6,full,5s
5s_Acremonium-chrysogenum-1,full,5s
5s_Kutzneria-viridogrisea-1,full,5s
RNaseP_P.putida,full,RNaseP
5s_Lineus-geniculatus-1,full,5s
RNaseP_Synechococcus-PCC7001,full,RNaseP
5s_Fusarium-asiaticum-4,full,5s
5s_Borrelia-burgdorferi-1,full,5s
5s_Xanthobacter-viscosus-1,full,5s
tmRNA_Vibr.vuln._AE016795_1-367,full,tmRNA
5s_Cyclidiopsis-acus-1,full,5s
tmRNA_Stre.aure._AY616521_1-382,full,tmRNA
tRNA_tdbR00000161-Zea_mays-4577-Ile-GAU,full,tRNA
srp_Baci.subt._X06802,full,srp
5s_Christiansenia-pallida-1,full,5s
srp_Aede.aegy._DW714804,full,srp
RNaseP_E1B,full,RNaseP
16s_S.cerevisiae_domain3,full,16s
5s_Tilletia-controversa-1,full,5s
srp_Bruc.meli._AM040264,full,srp
tRNA_tdbR00000373-Triticum_aestivum-4565-Arg-ICG,full,tRNA
srp_Sola.tube._DR037645,full,srp
RNaseP_Synechococcus-PCC7942,full,RNaseP
srp_Nitr.euro._AL954747,full,srp
srp_Aqui.aeol._AE000657,full,srp
5s_Vibrio-vulnificus-3,full,5s
5s_Amycolatopsis-orientalis-1,full,5s
5s_Geodermatophilus-obscurus-1,full,5s
srp_Stre.suis._CP000408,full,srp
tRNA_tdbR00000057-Hordeum_vulgare-4513-Glu-CPC,full,tRNA
tmRNA_Esch.coli._D12501_1-363,full,tmRNA
srp_Popu.trem._BU866844,full,srp
srp_Volv.cart._GSP-51971-2,full,srp
tRNA_tdbR00000524-Scenedesmus_obliquus-3088-Ini-CAU,full,tRNA
RNaseP_S.marcescens,full,RNaseP
srp_Meth.bark._CP000099,full,srp
srp_Pseu.syri._CP000058,full,srp
5s_Geobacillus-kaustophilus-6,full,5s
tRNA_tdbR00000228-Glycine_max-3847-Leu-BAA,full,tRNA
srp_Baci.cere._AE016998,full,srp
srp_Meso.viri._AF166114,full,srp
tmRNA_Trep.pall._TRW-243276_1-354,full,tmRNA
5s_Halobacterium-salinarum-3,full,5s
srp_Stap.haem._AP006716,full,srp
5s_Flectobacillus-major-1,full,5s
tRNA_tdbR00000322-Phaseolus_vulgaris-3885-Pro-UGG,full,tRNA
5s_Drosophila-yakuba-1,full,5s
5s_Vibrio-parahaemolyticus-1,full,5s
tmRNA_Odon.sine._Z67753_1-368,full,tmRNA
5s_Aspergillus-niger-1,full,5s
5s_Paracentrotus-lividus-1,full,5s
tmRNA_Burk.viet._TRW-269482_1-370,full,tmRNA
tRNA_tdbR00000586-Aeropyrum_pernix-56636-Met-CAU,full,tRNA
srp_Leis.aeth._AY722732,full,srp
5s_Blepharisma-japonicum-1,full,5s
5s_Fusarium-cerealis-7,full,5s
5s_Staphylococcus-aureus-1,full,5s
grp1_a.I1.e.D.salina.C1.SSU.943,full,grp1
5s_Streptococcus-salivarius-1,full,5s
5s_Candida-parapsilosis-1,full,5s
srp_Clos.perf._CP000246,full,srp
5s_Acidovorax-temperans-1,full,5s
5s_Nanoarchaeum-equitans-1,full,5s
srp_Esch.coli._U00096,full,srp
RNaseP_SM-A3355,full,RNaseP
RNaseP_CPA54,full,RNaseP
tmRNA_Oeno.oeni._TRW-203123_1-350,full,tmRNA
5s_Bacillus-thuringiensis-2,full,5s
grp1_a.I1.e.P.carinii.C1.SSU.1506,full,grp1
srp_Meth.ther._X15364,full,srp
RNaseP_V.spinosum,full,RNaseP
srp_Clos.kluy._CP000673,full,srp
5s_Caulobacter-crescentus-2,full,5s
srp_Heli.pylo._CP000241,full,srp
5s_Thiomonas-cuprina-1,full,5s
5s_Equisetum-arvense-1,full,5s
tRNA_tdbR00000073-Spinacia_oleracea-3562-Phe-GAA,full,tRNA
tRNA_tdbR00000123-Saccharomyces_cerevisiae-4932-Gly-NCC,full,tRNA
tRNA_tdbR00000420-Spinacia_oleracea-3562-Ser-IGA,full,tRNA
5s_Beta-vulgaris-1,full,5s
srp_Homo.sapi._M20910,full,srp
srp_Chro.sale._CP000285,full,srp
srp_Phot.lumi._BX571872,full,srp
srp_Mono.brev._GSP-81824,full,srp
5s_Septobasidium-carestianum-1,full,5s
RNaseP_Synechocystis-PCC6803,full,RNaseP
5s_Mycobacterium-phlei-1,full,5s
srp_Desu.vulg._CP000527,full,srp
16s_Z.mays_domain2,full,16s
tRNA_tdbR00000296-Azospirillum_lipoferum-193-Asn-QUU,full,tRNA
srp_Syne.elon._AP008231,full,srp
srp_Meth.ther._AE000666,full,srp
5s_Bordetella-bronchiseptica-1,full,5s
tRNA_tdbR00000456-Escherichia_coli-562-Val-VAC,full,tRNA
5s_Yersinia-pestis-5,full,5s
RNaseP_N.pyridinolyticus,full,RNaseP
srp_Stap.aure._CP000255,full,srp
RNaseP_ESH20b-1,full,RNaseP
srp_Leis.majo._AY722713,full,srp
5s_Tenebrio-molitor-1,full,5s
5s_Bombyx-mori-3,full,5s
tRNA_tdbR00000469-Rattus_norvegicus-10116-Val-IAC,full,tRNA
16s_D.melanogaster_domain4,full,16s
tmRNA_Pant.stew._TRW-66269_1-363,full,tmRNA
RNaseP_C.pneumoniae-CWL029,full,RNaseP
5s_Tinca-tinca-2,full,5s
tmRNA_Neis.meni._TRW-122586_1-363,full,tmRNA
srp_Chla.rein._SDB-3055,full,srp
RNaseP_S.malidevorans,full,RNaseP
5s_Acremonium-persicinum-2,full,5s
5s_Clostridium-butyricum-2,full,5s
tRNA_tdbR00000591-Ascaris_suum-6253-Lys-UU,full,tRNA
srp_Stre.aver._BA000030,full,srp
5s_Fusarium-culmorum-8,full,5s
5s_Mycoplasma-hyopneumoniae-2,full,5s
5s_Nocardiopsis-dassonvillei-1,full,5s
5s_Scytosiphon-lomentaria-1,full,5s
telomerase_AF221927.113-556,full,telomerase
5s_Paracoccus-versutus-1,full,5s
tmRNA_Clos.ther._TRW-203119_1-387,full,tmRNA
srp_Pseu.aeru._AE004091,full,srp
RNaseP_H.pylori-26695,full,RNaseP
srp_Sacc.kluy._AJ550805,full,srp
5s_Calliphora-vicina-1,full,5s
5s_Achromobacter-denitrificans-1,full,5s
5s_Salmonella-typhi-1,full,5s
5s_Meloidogyne-arenaria-3,full,5s
5s_Xenopus-borealis-3,full,5s
tmRNA_Clos.botu._TRW-36826_1-355,full,tmRNA
5s_Rhodobacter-sphaeroides-3,full,5s
5s_Hyphomicrobium-vulgare-2,full,5s
tRNA_tdbR00000459-Neurospora_crassa-5141-Val-UAC,full,tRNA
5s_Planctomyces-brasiliensis-1,full,5s
5s_Streptomyces-sp.-4,full,5s
srp_Crit.luci._AY781798,full,srp
srp_Geob.meta._CP000148,full,srp
5s_Drosophila-simulans-1,full,5s
srp_Baci.mace._D11420,full,srp
srp_Trit.aest._CA626434,full,srp
5s_Staphylococcus-epidermidis-2,full,5s
tmRNA_Thio.crun._CP000109_1-358,full,tmRNA
5s_Renobacter-vaculatum-1,full,5s
5s_Corynebacterium-diphtheriae-1,full,5s
srp_Leis.infa._SDB-5671,full,srp
tRNA_tdbR00000447-Halobacterium_salinarum-2242-Val-CAC,full,tRNA
5s_Cerastoderma-edule-1,full,5s
RNaseP_P.mississippiensis,full,RNaseP
5s_Oenococcus-oeni-1,full,5s
tRNA_tdbR00000058-Lupinus_luteus-3873-Glu-CUC,full,tRNA
srp_Neur.cras._AL669999,full,srp
RNaseP_P.aeruginosa,full,RNaseP
5s_Fusarium-sporotrichioides-4,full,5s
srp_Nost.spec._BA000019,full,srp
5s_Hyphomicrobium-sp.-3,full,5s
5s_Clostridium-tyrobutyricum-4,full,5s
RNaseP_SM-A4775,full,RNaseP
5s_Gymnosporangium-sabinae-1,full,5s
srp_Trit.aest._BQ167677,full,srp
srp_Sacc.kluy._SKAA0027M04.b1,full,srp
srp_Nitr.eutr._CP000450,full,srp
5s_Amycolatopsis-lactamdurans-1,full,5s
5s_Brevibacillus-brevis-1,full,5s
srp_Dros.mela._X00952,full,srp
srp_Baci.mega._D11414,full,srp
tmRNA_Wigg.glos._BA000021_1-365,full,tmRNA
tmRNA_envi.sequ._TRW-32045-3_1-350,full,tmRNA
5s_Rhabditis-tokai-1,full,5s
tmRNA_Stap.aure._BX571856_1-362,full,tmRNA
5s_Chlorella-sp.-1,full,5s
tRNA_tdbR00000207-Mus_musculus-10090-Lys-CUU,full,tRNA
5s_Desulfovibrio-vulgaris-1,full,5s
tRNA_tdbR00000287-Oryctolagus_cuniculus-9986-Met-BAU,full,tRNA
5s_Anthopleura-japonica-1,full,5s
5s_Halobacterium-sp.-1,full,5s
RNaseP_S.pyogenes,full,RNaseP
srp_Legi.pneu._M31830,full,srp
5s_Cycas-revoluta-1,full,5s
srp_Halo.halo._X01698,full,srp
5s_Perkinsus-olseni-1,full,5s
RNaseP_BH145,full,RNaseP
tRNA_tdbR00000550-Neurospora_crassa-5141-Tyr-GUA,full,tRNA
tRNA_tdbR00000025-Thermus_thermophilus-274-Asp-GUC,full,tRNA
RNaseP_S.solfataricus-P2,full,RNaseP
5s_Vibrio-tubiashii-1,full,5s
tRNA_tdbR00000320-Spinacia_oleracea-3562-Pro-NGG,full,tRNA
srp_Azoa.spec._CR555306,full,srp
srp_Lyco.escu._Z29100,full,srp
5s_Mycobacterium-tuberculosis-2,full,5s
5s_Erythromicrobium-ezovicum-1,full,5s
tmRNA_Shew.balt._TRW-325240_1-356,full,tmRNA
5s_Ralstonia-solanacearum-2,full,5s
tmRNA_Desu.acet._TRW-281689_1-353,full,tmRNA
5s_Dichelobacter-nodosus-1,full,5s
srp_Tryp.viva._SDB-5699,full,srp
tmRNA_Soda.glos._AP008232_1-384,full,tmRNA
5s_Haemonchus-contortus-1,full,5s
srp_Magn.magn._AP007255,full,srp
RNaseP_P.furiosus,full,RNaseP
srp_Bord.pert._BX640415,full,srp
srp_Aqui.aeol._AE000759,full,srp
srp_Heli.pylo._AE001439,full,srp
5s_Fusarium-lunulosporum-2,full,5s
srp_Bdel.bact._BX842656,full,srp
tmRNA_Leuc.mese._TRW-1245_1-358,full,tmRNA
RNaseP_H.morrhuae,full,RNaseP
srp_Grac.tenu._AY673996,full,srp
tmRNA_Guil.thet._TRW-55529_1-330,full,tmRNA
5s_Fusarium-lunulosporum-5,full,5s
tRNA_tdbR00000247-Bos_taurus-9913-Leu-UAG,full,tRNA
5s_Mycobacterium-leprae-1,full,5s
srp_Dros.erec._GSP-7220,full,srp
tRNA_tdbR00000319-Salmonella_typhimurium-602-Pro-VGG,full,tRNA
5s_Mycobacterium-tuberculosis-4,full,5s
5s_Diplonema-papillatum-1,full,5s
tRNA_tdbR00000112-Mycoplasma_mycoides-2102-Gly-UCC,full,tRNA
tRNA_tdbR00000213-Haloferax_volcanii-2246-Leu-GAG,full,tRNA
5s_Gloiopeltis-complanata-1,full,5s
tRNA_tdbR00000418-Nicotiana_rustica-4093-Ser-IGA,full,tRNA
tRNA_tdbR00000406-Saccharomyces_cerevisiae-4932-Ser-NGA,full,tRNA
srp_Dros.anan._GSP-7217,full,srp
srp_Shig.flex._AE005674,full,srp
tmRNA_Yers.pest._CP000308_1-364,full,tmRNA
tRNA_tdbR00000333-Escherichia_coli-562-Gln-NUG,full,tRNA
srp_Prun.arme._CB819242,full,srp
srp_Yers.pest._AE017042,full,srp
srp_Chla.rein._X71484,full,srp
5s_Leuconostoc-mesenteroides-1,full,5s
5s_Fusobacterium-mortiferum-1,full,5s
srp_Agro.tume._AE007951,full,srp
5s_Vibrio-cholerae-2,full,5s
tRNA_tdbR00000214-Haloferax_volcanii-2246-Leu-UAA,full,tRNA
srp_Stre.pyog._AE009969,full,srp
srp_Humu.lupu._AJ236705,full,srp
RNaseP_S.servazzii,full,RNaseP
srp_Fran.tula._AM233362,full,srp
tmRNA_Xyle.fast._AE009442_1-355,full,tmRNA
5s_Planctomyces-limnophilus-1,full,5s
srp_Baci.brev._D14472,full,srp
5s_Fluoribacter-bozemanae-1,full,5s
srp_Stap.epid._AF269814,full,srp
grp1_a.I1.e.P.inouyei.C1.SSU.943,full,grp1
RNaseP_A.erythreum,full,RNaseP
tmRNA_Bact.thet._AE015928_1-397,full,tmRNA
tmRNA_Fuso.nucl._TRW-209882_1-344,full,tmRNA
RNaseP_C.jejuni,full,RNaseP
5s_Xylella-fastidiosa-1,full,5s
srp_Trit.aest._BE424647,full,srp
5s_Vibrio-parahaemolyticus-3,full,5s
srp_Dani.rrer._BX469912,full,srp
tRNA_tdbR00000310-Enterobacteria_phage_T5-10726-Pro-UGG,full,tRNA
RNaseP_D.jeanneae,full,RNaseP
5s_Halothiobacillus-neapolitanus-1,full,5s
5s_Endophyllum-sempervivi-1,full,5s
5s_Planococcus-citreus-1,full,5s
5s_Buchnera-aphidicola-1,full,5s
RNaseP_H.pylori-J99,full,RNaseP
srp_Rhod.spha._CP000661,full,srp
srp_Caul.cres._U49738,full,srp
5s_Saprospira-grandis-1,full,5s
RNaseP_LGW18,full,RNaseP
16s_B.burgdorferi_domain4,full,16s
tmRNA_Stre.suis._TRW-218494_1-354,full,tmRNA
5s_Bacillus-thuringiensis-5,full,5s
5s_Frankia-sp.-2,full,5s
srp_Homo.sapi._CK004881,full,srp
16s_C.reinhardtii.chloro_domain2,full,16s
5s_Escherichia-coli-4,full,5s
5s_Thraustochytrium-visurgense-2,full,5s
RNaseP_P.cultripes,full,RNaseP
5s_Methanocaldococcus-jannaschii-2,full,5s
5s_Illex-illecebrosus-1,full,5s
tRNA_tdbR00000483-Bacillus_subtilis-1423-Trp-CCA,full,tRNA
grp1_a.I1.e.L.dispersa.UNK.SSU.789,full,grp1
tmRNA_Yers.pest._CP000305_1-364,full,tmRNA
tmRNA_Ther.teng._AE013063_1-351,full,tmRNA
srp_Dros.mela._X01056,full,srp
tRNA_tdbR00000507-Bacillus_subtilis-1423-Ini-CAU,full,tRNA
srp_Heli.pylo._AE000524,full,srp
tmRNA_Bact.frag._CR626927_1-398,full,tmRNA
5s_Xenopus-borealis-4,full,5s
5s_Methanobacterium-formicicum-1,full,5s
5s_Sphingomonas-ursincola-1,full,5s
5s_Drosophila-melanogaster-1,full,5s
tmRNA_Myco.capr._D13067_1-411,full,tmRNA
5s_Phlyctochytrium-irregulare-1,full,5s
srp_Rhod.palu._CP000250,full,srp
RNaseP_S.octosporus,full,RNaseP
5s_Bombyx-mori-2,full,5s
5s_Micrococcus-luteus-1,full,5s
srp_Schi.mans._GSP-6183,full,srp
srp_Arch.fulg._AE000782,full,srp
srp_Aspe.terr._GSP-341663,full,srp
tRNA_tdbR00000421-Rattus_norvegicus-10116-Ser-IGA,full,tRNA
5s_Thermoplasma-volcanium-1,full,5s
srp_Dani.rrer._CR925739,full,srp
tmRNA_Paen.larv._TRW-1464_1-367,full,tmRNA
tmRNA_Stre.sobr._TRW-246202_1-349,full,tmRNA
srp_Clos.novy._CP000382,full,srp
srp_List.inno._AL596173,full,srp
16s_C.elegans_domain2,full,16s
tmRNA_Carn.malt._AF275938_1-366,full,tmRNA
tRNA_tdbR00000561-Nicotiana_rustica-4093-Tyr-GPA,full,tRNA
RNaseP_S.shibatae,full,RNaseP
5s_Desulfovibrio-vulgaris-2,full,5s
srp_Stre.muta._AE014879,full,srp
srp_Cory.effi._BA000035,full,srp
5s_Stilbum-vulgare-1,full,5s
5s_Bacteroides-capillosus-1,full,5s
grp1_a.I1.e.Staurastrum.sp.M753.C1.SSU.1506,full,grp1
tmRNA_Baci.halo._BA000004_1-361,full,tmRNA
tRNA_tdbR00000500-Haloferax_volcanii-2246-Ini-CAU,full,tRNA
5s_Chlamydia-trachomatis-1,full,5s
tRNA_tdbR00000133-Bombyx_mori-7091-Gly-GCC,full,tRNA
5s_Escherichia-coli-5,full,5s
tmRNA_Ente.saka._TRW-28141_1-364,full,tmRNA
tRNA_tdbR00000180-Bacillus_subtilis-1423-Lys-UU,full,tRNA
tmRNA_Fuso.nucl._AE010567_1-341,full,tmRNA
tmRNA_Fran.tula._AJ749949_1-421,full,tmRNA
RNaseP_D.vulgaris,full,RNaseP
tRNA_tdbR00000462-Rattus_norvegicus-10116-Val-UAC,full,tRNA
srp_Past.mult._AE006092,full,srp
srp_Bifi.adol._AP009256,full,srp
tRNA_tdbR00000284-Saccharomyces_cerevisiae-4932-Met-CAU,full,tRNA
5s_Fusarium-lunulosporum-3,full,5s
RNaseP_S.bayanus,full,RNaseP
tRNA_tdbR00000354-Bacillus_subtilis-1423-Arg-ICG,full,tRNA
srp_Clos.perf._BA000016,full,srp
5s_Samia-cynthia-1,full,5s
srp_Homo.sapi._X04249,full,srp
5s_Methylomicrobium-album-1,full,5s
5s_Bacillus-anthracis-3,full,5s
tRNA_tdbR00000272-Thermoplasma_acidophilum-2303-Met-CAU,full,tRNA
srp_Leis.dono._AY722735,full,srp
RNaseP_S.unisporus,full,RNaseP
RNaseP_Nostoc-PCC6705,full,RNaseP
5s_Fusobacterium-nucleatum-4,full,5s
srp_Para.bras._EH652573,full,srp
5s_Bacillus-subtilis-2,full,5s
tRNA_tdbR00000350-Haloferax_volcanii-2246-Arg-GCG,full,tRNA
srp_Medi.trun._AC136507,full,srp
tmRNA_Lact.lact._AE006373_1-359,full,tmRNA
RNaseP_M.tuberculosis-g,full,RNaseP
5s_Herbidospora-cretacea-1,full,5s
tmRNA_Clos.acet._AE001437_1-359,full,tmRNA
srp_Plas.berg._GSP-5823,full,srp
RNaseP_Prochlorococcus-NATL2,full,RNaseP
srp_Caul.cres._AE005700,full,srp
5s_Ehrlichia-ruminantium-1,full,5s
tmRNA_Stre.ther._CP000419_1-350,full,tmRNA
tRNA_tdbR00000019-Mycoplasma_capricolum-2095-Cys-GCA,full,tRNA
5s_Hyphodontia-paradoxa-1,full,5s
tmRNA_Bdel.bact._BX842656_1-346,full,tmRNA
tRNA_tdbR00000255-Candida_cylindracea-44322-Leu-IAG,full,tRNA
srp_Chlo.vulg._AB001684,full,srp
srp_Bran.flor._GSP-7739,full,srp
5s_Roseococcus-thiosulfatophilus-1,full,5s
5s_Candidatus-Tremblaya-princeps-6,full,5s
RNaseP_ESH46a-1,full,RNaseP
RNaseP_Fischerella-UTEX1829,full,RNaseP
tRNA_tdbR00000395-Saccharomyces_cerevisiae-4932-Ser-GCU,full,tRNA
tmRNA_Onio.yell._AP006628_1-423,full,tmRNA
tRNA_tdbR00000557-Pichia_jadinii-4903-Tyr-GPA,full,tRNA
5s_Bacteroides-fragilis-6,full,5s
tRNA_tdbR00000144-Saccharomyces_cerevisiae-4932-His-GUG,full,tRNA
tRNA_tdbR00000567-Homo_sapiens-9606-Tyr-9PA,full,tRNA
RNaseP_H.influenza,full,RNaseP
16s_B.subtilis_domain4,full,16s
16s_P.staleyi_domain2,full,16s
srp_Brug.mala._GSP-6279,full,srp
5s_Euplotes-woodruffi-1,full,5s
5s_Gracilaria-compressa-1,full,5s
5s_Anaerorhabdus-furcosa-1,full,5s
srp_Shew.spec._CP000503,full,srp
tRNA_tdbR00000209-Enterobacteria_phage_T4-10665-Leu-NAA,full,tRNA
tRNA_tdbR00000124-Aedes_albopictus-7160-Gly-UCC,full,tRNA
5s_Chrysaora-quinquecirrha-1,full,5s
5s_Halorubrum-saccharovorum-1,full,5s
tRNA_tdbR00000055-Schizosaccharomyces_pombe-4896-Glu-3UC,full,tRNA
5s_Erythromicrobium-hydrolyticum-1,full,5s
srp_Agro.tume._AE008984,full,srp
5s_Pedobacter-heparinus-1,full,5s
grp1_a.I1.e.S.granulatum.C1.SSU.1506,full,grp1
RNaseP_Calothrix-PCC7601,full,RNaseP
tmRNA_Chla.muri._TRW-83560_1-421,full,tmRNA
5s_Araneus-diadematus-1,full,5s
5s_Plasmodium-falciparum-1,full,5s
RNaseP_PS2,full,RNaseP
tmRNA_Neph.oliv._AF137379-1_1-327,full,tmRNA
5s_Lentinula-edodes-1,full,5s
5s_Candidatus-Tremblaya-princeps-2,full,5s
RNaseP_C.tepidum-g,full,RNaseP
5s_Cryptobranchus-alleganiensis-1,full,5s
5s_Phleogena-faginea-1,full,5s
srp_Yers.pseu._BX936398,full,srp
5s_Neurospora-africana-2,full,5s
tRNA_tdbR00000510-Escherichia_coli-562-Ini-CAU,full,tRNA
grp1_a.I1.e.L.dispersa.UNK.SSU.1046,full,grp1
tmRNA_envi.sequ._TRW-259291_1-355,full,tmRNA
RNaseP_T.acidophilum,full,RNaseP
5s_Salmonella-typhimurium-3,full,5s
5s_Fusarium-pseudograminearum-1,full,5s
tmRNA_Bifi.long._TRW-205913_1-397,full,tmRNA
srp_Tric.vagi._GSP-5722-1,full,srp
5s_Gracilaria-compressa-2,full,5s
tRNA_tdbR00000467-Pichia_jadinii-4903-Val-IAC,full,tRNA
5s_Gallus-gallus-1,full,5s
5s_Xenopus-laevis-5,full,5s
RNaseP_LGB41,full,RNaseP
5s_Halorubrum-distributum-1,full,5s
tmRNA_Aero.hydr._CP000462_1-360,full,tmRNA
5s_Esch_coli2B,full,5s
tmRNA_Leif.xyli._AE016822_1-394,full,tmRNA
srp_Stre.pyog._CP000017,full,srp
5s_Streptomyces-sclerotialus-1,full,5s
RNaseP_SM-A5179,full,RNaseP
5s_Notophthalmus-viridescens-1,full,5s
tRNA_tdbR00000109-Haloferax_volcanii-2246-Gly-NCC,full,tRNA
tmRNA_Lact.gass._TRW-1596_1-366,full,tmRNA
5s_Xanthomonas-oryzae-1,full,5s
5s_Pseudomonas-aeruginosa-1,full,5s
5s_Agrobacterium-tumefaciens-8,full,5s
5s_Dugesia-japonica-1,full,5s
srp_Arab.thal._X72228,full,srp
srp_Burk.pseu._CP000570,full,srp
srp_Tric.eryt._CP000393,full,srp
srp_Camp.jeju._CP000768,full,srp
5s_Fusarium-sporotrichioides-2,full,5s
srp_Tetr.nigr._GSP-99883,full,srp
tRNA_tdbR00000037-Rattus_norvegicus-10116-Asp-GUC,full,tRNA
srp_Cypr.carp._CF662133,full,srp
srp_Porp.purp._U38804,full,srp
srp_Dros.yaku._GSP-7245,full,srp
tRNA_tdbR00000023-Haloferax_volcanii-2246-Asp-GUC,full,tRNA
5s_Medicago-sativa-1,full,5s
srp_Ochr.anth._CP000758,full,srp
srp_Xant.axon._AE011739,full,srp
5s_Fusarium-asiaticum-5,full,5s
tmRNA_Chlo.chlo._CP000108_1-401,full,tmRNA
5s_Staphylococcus-epidermidis-1,full,5s
5s_Mycoplasma-gallisepticum-4,full,5s
tmRNA_Pseu.syri._AE016853_1-388,full,tmRNA
srp_Meth.mari._CP000745,full,srp
5s_Bacillus-cereus-4,full,5s
tmRNA_Myco.lepr._TRW-272631_1-369,full,tmRNA
5s_Vibrio-nereis-1,full,5s
tRNA_tdbR00000473-Drosophila_melanogaster-7227-Val-CAC,full,tRNA
5s_Chlamydomonas-reinhardtii-2,full,5s
RNaseP_S.caesia-SB01,full,RNaseP
srp_Medi.trun._CT485797,full,srp
5s_Caulobacter-crescentus-1,full,5s
16s_G.intestinalis_domain3,full,16s
5s_Shewanella-colwelliana-1,full,5s
tRNA_tdbR00000374-Bos_taurus-9913-Arg-CCG,full,tRNA
5s_Cryptococcus-neoformans-2,full,5s
srp_Zea.mays._CB179518,full,srp
RNaseP_S.acidocaldarius,full,RNaseP
tmRNA_Ther.neap._TRW-309803_1-357,full,tmRNA
tmRNA_Stre.pneu._TRW-216600_1-348,full,tmRNA
tmRNA_Fibr.succ._TRW-59374_1-361,full,tmRNA
5s_Fusarium-lunulosporum-6,full,5s
tmRNA_Rals.meta._CP000352_1-360,full,tmRNA
RNaseP_SM-A3862,full,RNaseP
5s_Bacillus-subtilis-1,full,5s
RNaseP_P.innocua,full,RNaseP
RNaseP_P.canadensis,full,RNaseP
tmRNA_Chla.pneu._AE002224_1-423,full,tmRNA
RNaseP_SM-A1417,full,RNaseP
tRNA_tdbR00000215-Haloferax_volcanii-2246-Leu-5AG,full,tRNA
5s_Lytechinus-variegatus-1,full,5s
tRNA_tdbR00000509-Thermus_thermophilus-274-Ini-CAU,full,tRNA
5s_Bacillus-licheniformis-1,full,5s
5s_Bursaphelenchus-xylophilus-1,full,5s
tmRNA_Stre.muta._TRW-210007_1-349,full,tmRNA
RNaseP_SM-A05,full,RNaseP
srp_Haem.infl._L42023,full,srp
tRNA_tdbR00000357-Escherichia_coli-562-Arg-CU,full,tRNA
srp_Stap.epid._CP000029,full,srp
srp_Haem.infl._CP000057,full,srp
RNaseP_SM-A5584,full,RNaseP
23s_H.pylori_domain6,full,23s
5s_Euplotes-eurystomus-1,full,5s
5s_Fusobacterium-nucleatum-5,full,5s
5s_Listeria-ivanovii-1,full,5s
tmRNA_Geob.meta._CP000148_1-356,full,tmRNA
RNaseP_E.thermomarinus,full,RNaseP
5s_Agaricus-edulis-1,full,5s
5s_Streptomyces-avermitilis-2,full,5s
tmRNA_Fran.spec._TRW-298653_1-375,full,tmRNA
5s_Salmonella-enterica-6,full,5s
5s_Photorhabdus-luminescens-1,full,5s
tRNA_tdbR00000291-Halobacterium_salinarum-2242-Asn-GUU,full,tRNA
5s_Salmonella-enterica-8,full,5s
tmRNA_Xant.axon._AE011783_1-397,full,tmRNA
RNaseP_T.commune,full,RNaseP
5s_Streptomyces-purpureus-1,full,5s
tRNA_tdbR00000454-Escherichia_coli-562-Val-GAC,full,tRNA
tmRNA_Myxo.xant._TRW-34_1-366,full,tmRNA
telomerase_AY058901.1-397,full,telomerase
tRNA_tdbR00000226-Synechococcus_elongatus_PCC_6301-269084-Leu-CAG,full,tRNA
5s_Idiomarina-loihiensis-1,full,5s
srp_Rhod.palu._CP000283,full,srp
5s_Legionella-pneumophila-1,full,5s
tRNA_tdbR00000015-Bombyx_mori-7091-Ala-IGC,full,tRNA
tmRNA_Shig.flex._AE014073_1-363,full,tmRNA
5s_Acidiphilium-cryptum-1,full,5s
5s_Artemia-salina-1,full,5s
srp_Cory.glut._AP009044,full,srp
tmRNA_Fran.tula._AM233362_1-421,full,tmRNA
tmRNA_Burk.pseu._TRW-28450_1-370,full,tmRNA
srp_Acti.succ._CP000746,full,srp
tmRNA_Vibr.chol._U39068_1-367,full,tmRNA
srp_Buch.aphi._AE016826,full,srp
tRNA_tdbR00000286-Lupinus_luteus-3873-Met-BAU,full,tRNA
srp_Meth.acet._AE010299,full,srp
tmRNA_Moor.ther._CP000232_1-358,full,tmRNA
RNaseP_LGB5,full,RNaseP
tRNA_tdbR00000177-Mycoplasma_capricolum-2095-Lys-CUU,full,tRNA
srp_Burk.mall._CP000010,full,srp
5s_Fusarium-pseudograminearum-5,full,5s
RNaseP_A.ferrooxidans-g,full,RNaseP
tRNA_tdbR00000590-Ascaris_suum-6253-Glu-UC,full,tRNA
5s_Geobacillus-kaustophilus-2,full,5s
srp_Halo.volc._AF395888,full,srp
tmRNA_Bloc.flor._BX248583_1-393,full,tmRNA
RNaseP_B.hermsii,full,RNaseP
5s_Rhodococcus-rhodochrous-1,full,5s
srp_Schi.pomb._AU010514,full,srp
tmRNA_Trep.dent._AE017226_1-351,full,tmRNA
tmRNA_Thal.pseu._TRW-296543_1-344,full,tmRNA
srp_Baci.subt._D11417,full,srp
5s_Leptothrix-discophora-1,full,5s
5s_Nitella-flexilis-1,full,5s
5s_Schizophyllum-commune-1,full,5s
RNaseP_A.telluris,full,RNaseP
RNaseP_S.typhi,full,RNaseP
5s_Puccinia-suaveolens-1,full,5s
tmRNA_Thal.weis._AF049491_1-348,full,tmRNA
5s_Platymonas-subcordiformis-1,full,5s
5s_F_florifoWE,full,5s
srp_Alka.meta._CP000724,full,srp
5s_Fusobacterium-nucleatum-3,full,5s
tRNA_tdbR00000451-Mycoplasma_capricolum-2095-Val-UAC,full,tRNA
5s_Batrachospermum-ectocarpum-1,full,5s
tmRNA_envi.sequ._TRW-356-1_1-289,full,tmRNA
srp_Clos.botu._CP000728,full,srp
tRNA_tdbR00000526-Saccharomyces_cerevisiae-4932-Ini-CAU,full,tRNA
5s_Candida-zeylanoides-1,full,5s
RNaseP_ESH17b-7,full,RNaseP
tRNA_tdbR00000492-Rattus_norvegicus-10116-Trp-NCA,full,tRNA
srp_Bruc.ovis._CP000708,full,srp
5s_Fusarium-asiaticum-3,full,5s
16s_A.fulgidus_domain2,full,16s
RNaseP_P.marinus-2,full,RNaseP
tRNA_tdbR00000377-Mus_musculus-10090-Arg-ICG,full,tRNA
5s_Halobacterium-sp.-2,full,5s
5s_Euglena-gracilis-1,full,5s
5s_Methanothermobacter-thermautotrophicus-5,full,5s
RNaseP_ESH21b-4,full,RNaseP
tRNA_tdbR00000168-Bos_taurus-9913-Ile-GAU,full,tRNA
5s_Candida-magnoliae-1,full,5s
srp_Clos.botu._CP000727,full,srp
5s_Lycoperdon-pyriforme-1,full,5s
srp_Bord.para._BX640426,full,srp
srp_Leis.braz._AY781790,full,srp
srp_Myco.aviu._CP000479,full,srp
5s_Farysia-thuemenii-1,full,5s
srp_Onch.volv._AI249203,full,srp
tRNA_tdbR00000279-Spinacia_oleracea-3562-Met-CAU,full,tRNA
5s_Coleochaete-scutata-1,full,5s
RNaseP_H.cutirubrum,full,RNaseP
tRNA_tdbR00000579-Aeropyrum_pernix-56636-Pro-CGG,full,tRNA
srp_Nitr.hamb._CP000319,full,srp
tRNA_tdbR00000460-Aedes_albopictus-7160-Val-UAC,full,tRNA
srp_Humu.lupu._X65983,full,srp
srp_Para.bras._GSP-121759,full,srp
srp_Esch.coli._CP000247,full,srp
RNaseP_CPA61,full,RNaseP
srp_Caen.rema._GSP-31234,full,srp
tRNA_tdbR00000489-Neurospora_crassa-5141-Trp-NCA,full,tRNA
RNaseP_P.marinus,full,RNaseP
tRNA_tdbR00000527-Schizosaccharomyces_pombe-4896-Ini-CAU,full,tRNA
5s_Prasinocladus-sp.-1,full,5s
5s_Achromobacter-cycloclastes-1,full,5s
srp_Clos.acet._AE001437,full,srp
tmRNA_Spir.kunk._TRW-273035_1-424,full,tmRNA
5s_Flavobacterium-hydatis-1,full,5s
5s_Streptococcus-thermophilus-1,full,5s
srp_Stap.aure._BA000018,full,srp
16s_C.reinhardtii.chloro_domain3,full,16s
5s_Fusarium-cerealis-3,full,5s
tmRNA_Camp.coli._AL111168_1-359,full,tmRNA
5s_Colwellia-hadaliensis-1,full,5s
RNaseP_P.douglassii,full,RNaseP
srp_Wolb.endo._AE017321,full,srp
5s_Haloferax-mediterranei-1,full,5s
tRNA_tdbR00000482-Spiroplasma_citri-2133-Trp-CCA,full,tRNA
srp_Arth.aure._CP000474,full,srp
5s_Candidatus-Tremblaya-princeps-1,full,5s
5s_Agrobacterium-tumefaciens-1,full,5s
5s_Candida-rugopelliculosa-1,full,5s
tRNA_tdbR00000514-Scenedesmus_obliquus-3088-Ini-CAU,full,tRNA
5s_Streptococcus-agalactiae-1,full,5s
tRNA_tdbR00000535-Xenopus_laevis-8355-Ini-CAU,full,tRNA
tRNA_tdbR00000344-Mus_musculus-10090-Gln-JUG,full,tRNA
RNaseP_P.shigelloides,full,RNaseP
RNaseP_N.luteus,full,RNaseP
srp_Phyt.ramo._GSP-164328,full,srp
srp_Giar.lamb._GSP-184922,full,srp
srp_Enta.hist._BK005670,full,srp
5s_Pinus-contorta-1,full,5s
RNaseP_EM14b-11,full,RNaseP
srp_Oryz.sati._AC079888,full,srp
5s_Artemia-sp.-2,full,5s
tmRNA_envi.sequ._TRW-2-2_1-356,full,tmRNA
telomerase_AF221909.98-496,full,telomerase
5s_Haemophilus-aegyptius-1,full,5s
srp_Sulf.toko._BA000023,full,srp
srp_Trep.dent._AE017226,full,srp
tmRNA_Esch.coli._D90888_1-363,full,tmRNA
5s_Methylobacterium-sp.-1,full,5s
srp_Phak.pach._GSP-170000-2,full,srp
srp_Dros.anan._CJ969290,full,srp
srp_Cyan.cald._AF022186,full,srp
tRNA_tdbR00000558-Triticum_aestivum-4565-Tyr-QPA,full,tRNA
tmRNA_Yers.ente._TRW-34054_1-381,full,tmRNA
tRNA_tdbR00000237-Saccharomyces_cerevisiae-4932-Leu-AA,full,tRNA
srp_Agro.tume._AE007869,full,srp
5s_Leptospira-interrogans-2,full,5s
grp1_a.I1.e.C.merochlorophea.UNK.SSU.1046,full,grp1
5s_Halorubrum-terrestre-1,full,5s
5s_Ligia-oceanica-1,full,5s
5s_Streptomyces-griseus-1,full,5s
srp_Sino.medi._CP000738,full,srp
srp_Stap.sapr._AP008934,full,srp
tRNA_tdbR00000271-Haloferax_volcanii-2246-Met-BAU,full,tRNA
5s_Hymeniacidon-sanguinea-1,full,5s
tmRNA_Baci.G._TRW-12333_1-312,full,tmRNA
telomerase_AF221932.102-549,full,telomerase
5s_Porphyromonas-gingivalis-2,full,5s
srp_Woli.succ._BX571662,full,srp
srp_Tryp.bruc._S56681,full,srp
tRNA_tdbR00000427-Gallus_gallus-9031-Ser-UGA,full,tRNA
tRNA_tdbR00000545-Escherichia_coli-562-Tyr-QUA,full,tRNA
5s_Lophocolea-heterophylla-1,full,5s
srp_Onch.volv._GSP-6282,full,srp
srp_Leis.majo._AY722714,full,srp
srp_Kluy.yarr._479647571,full,srp
tRNA_tdbR00000391-Escherichia_coli-562-Ser-GCU,full,tRNA
tRNA_tdbR00000014-Bombyx_mori-7091-Ala-IGC,full,tRNA
srp_Burk.ceno._CP000380,full,srp
5s_Phaseolus-vulgaris-1,full,5s
srp_Humu.lupu._X65985,full,srp
srp_Psyc.sp.._CP000713,full,srp
srp_Schi.pomb._M20836,full,srp
tmRNA_Idio.loih._AE017340_1-359,full,tmRNA
RNaseP_A.paspali,full,RNaseP
5s_Geobacillus-kaustophilus-4,full,5s
5s_Mannheimia-succiniciproducens-2,full,5s
tmRNA_Lact.sake._TRW-314315_1-370,full,tmRNA
5s_Methanococcus-voltae-2,full,5s
tmRNA_Yers.inte._TRW-349965_1-381,full,tmRNA
srp_Baci.subt._D26185,full,srp
5s_Mycoplasma-mycoides-3,full,5s
RNaseP_L.muta-2,full,RNaseP
5s_Frankia-sp.-3,full,5s
RNaseP_C.pneumoniae,full,RNaseP
srp_Neis.meni._DD001104,full,srp
tRNA_tdbR00000523-Tetrahymena_thermophila-5911-Ini-CAU,full,tRNA
srp_Cand.Bloc._CP000016,full,srp
5s_Lactobacillus-brevis-1,full,5s
RNaseP_LGA8,full,RNaseP
srp_Trep.dent._AE017246,full,srp
srp_Neis.gono._AE004969,full,srp
srp_Batr.dend._GSP-403673,full,srp
srp_Ente.faec._BD193435,full,srp
RNaseP_S.solfataricus,full,RNaseP
tmRNA_Pseu.fluo._CP000076_1-394,full,tmRNA
srp_Baci.alca._D11422,full,srp
tmRNA_Esch.coli._CP000468_1-363,full,tmRNA
5s_Oceanobacillus-iheyensis-3,full,5s
5s_Haloarcula-marismortui-3,full,5s
srp_Baci.subt._Z99104,full,srp
5s_Ureaplasma-urealyticum-2,full,5s
tmRNA_Myco.micr._TRW-1806-1_1-368,full,tmRNA
5s_Tropheryma-whipplei-1,full,5s
tRNA_tdbR00000084-Saccharomyces_cerevisiae-4932-Phe-AA,full,tRNA
5s_Methanothermobacter-thermautotrophicus-6,full,5s
5s_Sepia-officinalis-1,full,5s
5s_Escherichia-coli-14,full,5s
5s_Diatoma-tenue-1,full,5s
tRNA_tdbR00000125-Bos_taurus-9913-Gly-UCC,full,tRNA
RNaseP_SM-A6296,full,RNaseP
5s_Escherichia-coli-10,full,5s
RNaseP_SM-A01,full,RNaseP
tmRNA_Lact.delb._AF440335_1-316,full,tmRNA
srp_Myco.pneu._U00089,full,srp
tmRNA_Chlo.tepi._TRW-194439_1-404,full,tmRNA
5s_Rhodospirillum-rubrum-1,full,5s
5s_Bullera-alba-1,full,5s
5s_Methanocaldococcus-jannaschii-1,full,5s
srp_Bifi.long._AE014295,full,srp
5s_Deinococcus-radiophilus-1,full,5s
srp_Taen.gutt._CK235759,full,srp
tRNA_tdbR00000494-Saccharomyces_cerevisiae-4932-Trp-BCA,full,tRNA
RNaseP_T.luteus,full,RNaseP
5s_Thermococcus-celer-2,full,5s
RNaseP_SM-A6090,full,RNaseP
RNaseP_LGW113,full,RNaseP
srp_Yers.pest._AE017129,full,srp
srp_Para.bras._CN241137,full,srp
tRNA_tdbR00000359-Escherichia_coli-562-Arg-CCG,full,tRNA
5s_Candidatus-Phytoplasma-asteris-1,full,5s
grp1_a.I1.e.A.stipitatus.C1.SSU.1046,full,grp1
5s_Juniperus-media-1,full,5s
5s_Archaeoglobus-fulgidus-1,full,5s
5s_Helianthus-annuus-1,full,5s
srp_Baci.thur._CP000485,full,srp
5s_Octopus-vulgaris-1,full,5s
RNaseP_M.thermoautotrphicumMarb,full,RNaseP
srp_Chla.cavi._AE015925,full,srp
5s_Polyangium-cellulosum-1,full,5s
5s_Plesiomonas-shigelloides-1,full,5s
tRNA_tdbR00000565-Bos_taurus-9913-Tyr-9PA,full,tRNA
srp_Baci.anth._AE017225,full,srp
srp_Salm.ente._AE014613,full,srp
RNaseP_SM-A1831,full,RNaseP
srp_Trep.pall._AE000520,full,srp
tmRNA_Shig.dyse._CP000034_1-363,full,tmRNA
tRNA_tdbR00000235-Neurospora_crassa-5141-Leu-NAA,full,tRNA
RNaseP_S.azurea-K161T,full,RNaseP
16s_T.gondii_domain3,full,16s
5s_Pyrococcus-horikoshii-2,full,5s
srp_Rhod.rubr._CP000230,full,srp
srp_Salm.ente._AE016842,full,srp
srp_Xyle.fast._AE003940,full,srp
5s_Pirellula-sp.-1,full,5s
tmRNA_Fran.spec._CP000249_1-374,full,tmRNA
5s_Photobacterium-angustum-1,full,5s
tRNA_tdbR00000572-Leishmania_tarentolae-5689-Lys-1UU,full,tRNA
RNaseP_ESH210B,full,RNaseP
srp_Podo.anse._GSP-5145,full,srp
16s_C.elegans_domain1,full,16s
RNaseP_B.calamita,full,RNaseP
RNaseP_H.pylori-RU1,full,RNaseP
5s_Streptococcus-mutans-2,full,5s
5s_Amphibacillus-xylanus-1,full,5s
tmRNA_Para.symb._BX908798_1-405,full,tmRNA
5s_Pedinomonas-minor-1,full,5s
tmRNA_Stre.coll._AY485228_1-386,full,tmRNA
5s_Thermus-aquaticus-1,full,5s
tmRNA_Myco.bovi._TRW-1765_1-368,full,tmRNA
srp_Aspe.nidu._GSP-227321,full,srp
tmRNA_Myco.gall._AE015450_1-408,full,tmRNA
srp_Ther.acid._AL445063,full,srp
5s_Vibrio-aestuarianus-1,full,5s
5s_Acinetobacter-sp.-1,full,5s
srp_Zea.mays._CK327537,full,srp
5s_Methanothermobacter-thermautotrophicus-3,full,5s
5s_Candida-cylindracea-1,full,5s
srp_Yers.ente._AM286415,full,srp
RNaseP_P.guilliermondii,full,RNaseP
srp_Popu.trem._DN498769,full,srp
5s_Lactobacillus-plantarum-3,full,5s
23s_S.aureus_domain4,full,23s
RNaseP_SM-A1113,full,RNaseP
srp_Stre.suis._CP000407,full,srp
5s_Xanthomonas-campestris-1,full,5s
5s_Bacillus-cereus-6,full,5s
tmRNA_Bord.aviu._AM167904_1-406,full,tmRNA
5s_Brucella-melitensis-1,full,5s
tmRNA_Ther.yell._TRW-289376_1-350,full,tmRNA
srp_Lact.acid._CP000033,full,srp
tRNA_tdbR00000103-Homo_sapiens-9606-Phe-AA,full,tRNA
5s_Oceanobacillus-iheyensis-1,full,5s
5s_Pseudomonas-stutzeri-1,full,5s
5s_Fusarium-lunulosporum-10,full,5s
tRNA_tdbR00000113-Streptomyces_coelicolor_A32-100226-Gly-CCC,full,tRNA
grp1_a.I1.b.S.hofmanii.C3.tMET,full,grp1
tRNA_tdbR00000368-Mesocricetus_auratus-10036-Arg-UCG,full,tRNA
5s_Esch_coli5B,full,5s
RNaseP_ESH167F,full,RNaseP
5s_Pseudomonas-fluorescens-3,full,5s
srp_Buch.aphi._AE014122,full,srp
srp_Plas.know._GSP-5851,full,srp
srp_Pseu.aeru._X14404,full,srp
tRNA_tdbR00000503-Thermoplasma_acidophilum-2303-Ini-CAU,full,tRNA
5s_Halorubrum-distributum-5,full,5s
5s_Fusarium-sporotrichioides-5,full,5s
RNaseP_Synechococcus-PCC7003,full,RNaseP
tRNA_tdbR00000106-Haloferax_volcanii-2246-Gly-CCC,full,tRNA
5s_Loofah-witches-broom-phytoplasma-1,full,5s
5s_Cerastoderma-glaucum-1,full,5s
23s_B.subtilis_domain4,full,23s
srp_Stre.pyog._AM295007,full,srp
tRNA_tdbR00000480-Mycoplasma_capricolum-2095-Trp-CA,full,tRNA
tmRNA_Haem.infl._AY599475_1-366,full,tmRNA
srp_Rhod.palu._BX572594,full,srp
5s_Microstroma-juglandis-1,full,5s
5s_Agrobacterium-tumefaciens-3,full,5s
srp_Wolb.endo._AE017259,full,srp
5s_Cellulomonas-biazotea-1,full,5s
5s_Meloidogyne-arenaria-4,full,5s
5s_Haloferax-mediterranei-2,full,5s
srp_Dani.reri._EH513970,full,srp
srp_Shig.flex._AE016979,full,srp
tmRNA_Erwi.amyl._TRW-552_1-381,full,tmRNA
tRNA_tdbR00000331-Mycoplasma_capricolum-2095-Gln-UG,full,tRNA
srp_Yers.pseu._CP000720,full,srp
tmRNA_Salm.ente._CP000026_1-363,full,tmRNA
5s_Mycobacterium-bovis-1,full,5s
tmRNA_Woli.succ._BX571661_1-369,full,tmRNA
tRNA_tdbR00000312-Haloferax_volcanii-2246-Pro-GGG,full,tRNA
5s_Fusarium-culmorum-4,full,5s
5s_Natrialba-magadii-1,full,5s
5s_Bjerkandera-adusta-1,full,5s
5s_Geobacillus-stearothermophilus-4,full,5s
tRNA_tdbR00000365-Aedes_albopictus-7160-Arg-UCG,full,tRNA
5s_Candida-diversa-1,full,5s
5s_Streptomyces-brasiliensis-1,full,5s
tRNA_tdbR00000294-Mycoplasma_capricolum-2095-Asn-GUU,full,tRNA
tRNA_tdbR00000534-Euphausia_superba-6819-Ini-CAU,full,tRNA
tRNA_tdbR00000141-Salmonella_typhimurium-602-His-QUG,full,tRNA
tRNA_tdbR00000396-Saccharomyces_cerevisiae-4932-Ser-UGA,full,tRNA
5s_Acremonium-persicinum-3,full,5s
5s_Lactococcus-lactis-3,full,5s
5s_Halococcus-morrhuae-2,full,5s
srp_Halo.halo._CP000544,full,srp
5s_Aquifex-aeolicus-1,full,5s
5s_Ascobolus-immersus-3,full,5s
grp1_a.I1.b.Synechococcus.sp2.C3.tLEU,full,grp1
srp_Legi.pneu._CP000675,full,srp
5s_Candida-azyma-1,full,5s
5s_Gymnosporangium-clavariaeforme-1,full,5s
tRNA_tdbR00000615-Nanoarchaeum_equitans-160232-Trp-CCA,full,tRNA
5s_Bacillus-anthracis-6,full,5s
RNaseP_S.pneumoniae,full,RNaseP
5s_Phycomyces-blakesleeanus-1,full,5s
tRNA_tdbR00000030-Aedes_albopictus-7160-Asp-GUC,full,tRNA
srp_Pseu.aeru._AE004581,full,srp
5s_Spirosoma-sp.-1,full,5s
RNaseP_S.globosus,full,RNaseP
5s_Geobacillus-kaustophilus-1,full,5s
tRNA_tdbR00000005-Mycoplasma_capricolum-2095-Ala-UGC,full,tRNA
5s_Photobacterium-leiognathi-1,full,5s
5s_Trichoplax-adhaerens-1,full,5s
5s_Agrobacterium-tumefaciens-7,full,5s
tmRNA_Shew.spec._TRW-323850_1-356,full,tmRNA
srp_Kluy.walt._AADM01000319,full,srp
tmRNA_Laws.intr._AM180252_1-376,full,tmRNA
tRNA_tdbR00000361-Saccharomyces_cerevisiae-4932-Arg-ACG,full,tRNA
5s_Fusobacterium-nucleatum-1,full,5s
srp_Shew.spec._CP000469,full,srp
5s_Salmonella-enterica-5,full,5s
srp_Myco.pulm._U06833,full,srp
RNaseP_U.stanburiana,full,RNaseP
tmRNA_Buch.aphi._BD061520_1-369,full,tmRNA
5s_Deinococcus-radiodurans-3,full,5s
tRNA_tdbR00000115-Staphylococcus_epidermidis-1282-Gly-UCC,full,tRNA
RNaseP_C.vinosum,full,RNaseP
tmRNA_Clos.acet._AE007587_1-356,full,tmRNA
5s_Burkholderia-mallei-1,full,5s
RNaseP_M.thermoautotrophicum-DH,full,RNaseP
tRNA_tdbR00000478-Haloferax_volcanii-2246-Trp-BCA,full,tRNA
srp_Fugu.rubr._U40756,full,srp
srp_Pan.trog._GSP-37010,full,srp
RNaseP_Nostoc-PCC7107,full,RNaseP
5s_Solemya-velum-1,full,5s
tRNA_tdbR00000149-Homo_sapiens-9606-His-GUG,full,tRNA
5s_Stella-humosa-1,full,5s
telomerase_AF221934.121-565,full,telomerase
5s_Lactuca-sativa-1,full,5s
5s_Hyphomicrobium-sp.-4,full,5s
RNaseP_S.gordonii,full,RNaseP
srp_Trop.whip._AE016852,full,srp
tmRNA_uncu.bact._TRW-135621-1_1-397,full,tmRNA
grp1_a.I1.e.Staurastrum.sp.M752.C1.SSU.1506,full,grp1
tmRNA_uncu.bact._TRW-80840-1_1-378,full,tmRNA
5s_Ustilentyloma-fluitans-1,full,5s
srp_Myco.bovi._BX248347,full,srp
tmRNA_Pseu.syri._CP000075_1-392,full,tmRNA
srp_Vibr.vuln._AE016795,full,srp
srp_Colw.psyc._CP000083,full,srp
16s_H.sapiens.mito_domain3,full,16s
srp_Stap.aure._CP000253,full,srp
5s_Cupriavidus-necator-1,full,5s
srp_Caen.eleg._AY948606,full,srp
5s_Aspergillus-unguis-1,full,5s
5s_Saccharomonospora-glauca-1,full,5s
RNaseP_PS26,full,RNaseP
tmRNA_Salm.ente._TRW-321314_1-363,full,tmRNA
srp_Burk.ceno._CP000458,full,srp
5s_Frankia-sp.-1,full,5s
grp1_a.I1.e.B.yamatoana.JCM2896.C1.SSU.1506,full,grp1
5s_Diplonema-papillatum-2,full,5s
RNaseP_N.simplex,full,RNaseP
tmRNA_Myco.pene._BA000026_1-405,full,tmRNA
srp_Baci.halo._BA000004,full,srp
5s_Rickettsia-felis-1,full,5s
srp_Eime.tene._CD666347,full,srp
RNaseP_T.roseum,full,RNaseP
RNaseP_Y.pestis,full,RNaseP
5s_Rana-pipiens-1,full,5s
srp_Proc.mari._CP000576,full,srp
5s_Enterococcus-faecalis-1,full,5s
RNaseP_S.pastorianus,full,RNaseP
srp_Azoa.spec._AM406670,full,srp
5s_Ralstonia-solanacearum-1,full,5s
srp_Pyro.arse._CP000660,full,srp
RNaseP_S.pombe,full,RNaseP
srp_Myco.pneu._S76009,full,srp
5s_Mannheimia-succiniciproducens-3,full,5s
RNaseP_Synechocystis-PCC6308,full,RNaseP
tmRNA_Stre.ther._CP000024_1-350,full,tmRNA
5s_Symbiobacterium-thermophilum-2,full,5s
grp1_a.I1.e.C.merochlorophea.UNK.SSU.1516,full,grp1
tRNA_tdbR00000008-Escherichia_coli-562-Ala-GGC,full,tRNA
RNaseP_H.sapiens,full,RNaseP
tmRNA_Jako.libe._TRW-143017_1-102,full,tmRNA
5s_Lupinus-luteus-1,full,5s
srp_Leis.braz._SDB-87235,full,srp
5s_Chordaria-flagelliformis-1,full,5s
tRNA_tdbR00000111-Mycoplasma_capricolum-2095-Gly-UCC,full,tRNA
srp_Pseu.puti._AE015451,full,srp
5s_Xenopus-laevis-2,full,5s
16s_E.coli_domain4,full,16s
tmRNA_envi.sequ._TRW-32045-2_1-345,full,tmRNA
5s_Escherichia-coli-2,full,5s
srp_Tric.vagi._GSP-5722-2,full,srp
srp_Xant.oryz._AE013598,full,srp
tRNA_tdbR00000121-Salmonella_typhimurium-602-Gly-NCC,full,tRNA
5s_Nephila-clavipes-1,full,5s
srp_Stap.aure._BA000033,full,srp
srp_Meth.vann._CP000742,full,srp
srp_Meth.mari._CP000609,full,srp
RNaseP_E.faecalis,full,RNaseP
tmRNA_Ther.rose._TRW-309801_1-353,full,tmRNA
5s_Microbacterium-testaceum-1,full,5s
5s_Fusarium-culmorum-3,full,5s
RNaseP_SM-A2946,full,RNaseP
srp_Medi.trun._AJ846712,full,srp
5s_Sulfolobus-tokodaii-1,full,5s
tRNA_tdbR00000592-Ascaris_suum-6253-Gln-UG,full,tRNA
RNaseP_F.mortiferum,full,RNaseP
5s_Agrobacterium-vitis-1,full,5s
tmRNA_Ther.mari._TRW-243274-1_1-356,full,tmRNA
tRNA_tdbR00000139-Mycoplasma_capricolum-2095-His-GUK,full,tRNA
5s_Urechis-unicinctus-1,full,5s
5s_Bacteroides-veroralis-1,full,5s
srp_Schi.pomb._M20264,full,srp
5s_Yersinia-pseudotuberculosis-5,full,5s
srp_Enta.disp._GSP-370354,full,srp
5s_Photobacterium-profundum-3,full,5s
srp_Rhod.palu._CP000463,full,srp
RNaseP_N.olivacea-chloroplast,full,RNaseP
tRNA_tdbR00000099-Mus_musculus-10090-Phe-AA,full,tRNA
5s_Candidatus-Tremblaya-princeps-5,full,5s
5s_Agaricostilbum-pulcherrimum-2,full,5s
5s_Smittium-culisetae-1,full,5s
RNaseP_CPB74,full,RNaseP
5s_Xenopus-laevis-6,full,5s
srp_Xant.camp._AE012197,full,srp
tRNA_tdbR00000199-Oryctolagus_cuniculus-9986-Lys-CUU,full,tRNA
srp_Enta.mosh._GSP-41668,full,srp
5s_Pseudonocardia-compacta-1,full,5s
tRNA_tdbR00000536-Salmo_salar-8030-Ini-CAU,full,tRNA
5s_Helicobasidium-purpureum-1,full,5s
srp_Halo.mari._AY596297,full,srp
srp_Pseu.aeru._CP000744,full,srp
5s_Lactococcus-lactis-4,full,5s
5s_Toxoplasma-gondii-2,full,5s
telomerase_AF221931.99-541,full,telomerase
RNaseP_M.xanthus,full,RNaseP
RNaseP_E.eschsholtzii,full,RNaseP
5s_Bacillus-thuringiensis-1,full,5s
RNaseP_P.gingivalis,full,RNaseP
srp_Lemu.catt._GSP-9447,full,srp
tmRNA_Pseu.fluo._CP000094_1-390,full,tmRNA
5s_Bos-taurus-1,full,5s
5s_Acidovorax-delafieldii-1,full,5s
tmRNA_Neis.lact._TRW-486_1-362,full,tmRNA
telomerase_AC121792.109554-109950,full,telomerase
tmRNA_Lact.plan._AL935259_1-372,full,tmRNA
5s_Sporidiobolus-salmonicolor-1,full,5s
tmRNA_Heli.pylo._TRW-85962_1-386,full,tmRNA
tRNA_tdbR00000104-Enterobacteria_phage_T4-10665-Gly-NCC,full,tRNA
5s_Candidatus-Portiera-aleyrodidarum-1,full,5s
RNaseP_P.acanthamoebae,full,RNaseP
srp_Neos.fisc._GSP-331117,full,srp
5s_Thermus-sp.-2,full,5s
tRNA_tdbR00000189-Rattus_norvegicus-10116-Lys-NUU,full,tRNA
grp1_a.I1.m.S.pombe.B1.OX1,full,grp1
tRNA_tdbR00000034-Mesocricetus_auratus-10036-Asp-GUC,full,tRNA
RNaseP_CPB80,full,RNaseP
tRNA_tdbR00000278-Scenedesmus_obliquus-3088-Met-CAU,full,tRNA
5s_Neurospora-crassa-1,full,5s
tmRNA_Camp.coli._TRW-306254_1-359,full,tmRNA
5s_Urocystis-primulicola-1,full,5s
tRNA_tdbR00000225-Synechococcus_elongatus_PCC_6301-269084-Leu-CAA,full,tRNA
RNaseP_H.chlorum-partial,full,RNaseP
23s_B.subtilis_domain3,full,23s
srp_Pich.guil._GSP-294746,full,srp
srp_Bos.taur._GSP-6282,full,srp
tRNA_tdbR00000362-Saccharomyces_cerevisiae-4932-Arg-NCU,full,tRNA
RNaseP_N.meningitidis-Z2491,full,RNaseP
srp_Deba.hans._CR382138,full,srp
tRNA_tdbR00000355-Escherichia_coli-562-Arg-ICG,full,tRNA
srp_Ther.cele._X17240,full,srp
tmRNA_Sten.malt._TRW-40324_1-354,full,tmRNA
tmRNA_Shig.flex._AE005674_1-363,full,tmRNA
tRNA_tdbR00000282-Ascaris_suum-6253-Met-AU,full,tRNA
RNaseP_C.psittaci-R54,full,RNaseP
5s_Saccharomonospora-azurea-1,full,5s
srp_Dani.reri._EH487580,full,srp
5s_Streptomyces-violaceus-1,full,5s
5s_Neurospora-crassa-15,full,5s
5s_Genistelloides-hibernus-1,full,5s
5s_Bacillus-sp.-1,full,5s
5s_Vibrio-metschnikovii-1,full,5s
srp_Loxo.afri._GSP-9785,full,srp
5s_Perkinsus-andrewsi-1,full,5s
srp_Phyt.infe._CV919934,full,srp
5s_Tricharina-hiemalis-1,full,5s
5s_Lactococcus-lactis-1,full,5s
5s_Streptomyces-avermitilis-4,full,5s
tRNA_tdbR00000370-Saccharomyces_cerevisiae-4932-Arg-1CU,full,tRNA
RNaseP_S.caesia-K182,full,RNaseP
tmRNA_Myco.tube._TRW-1773_1-368,full,tmRNA
RNaseP_LGW46,full,RNaseP
RNaseP_E.agglomerulans,full,RNaseP
5s_Lupinus-angustifolius-1,full,5s
tRNA_tdbR00000230-Glycine_max-3847-Leu-UA7,full,tRNA
srp_Proc.mari._CP000552,full,srp
tmRNA_Lept.inte._AE016823_1-350,full,tmRNA
5s_Saccharomyces-cerevisiae-3,full,5s
RNaseP_P.fluorescens,full,RNaseP
5s_Shewanella-oneidensis-1,full,5s
5s_Fusarium-cerealis-9,full,5s
srp_Proc.mari._AE017126,full,srp
5s_Dactylosporangium-aurantiacum-1,full,5s
srp_Meth.burt._CP000300,full,srp
tmRNA_Brev.line._TRW-321955_1-377,full,tmRNA
tmRNA_Stap.aure._BA000033_1-362,full,tmRNA
5s_Pleurotus-ostreatus-1,full,5s
tmRNA_Shew.amaz._CP000507_1-356,full,tmRNA
RNaseP_CPA56,full,RNaseP
RNaseP_P.pygmaeus,full,RNaseP
5s_Schizosaccharomyces-pombe-2,full,5s
tRNA_tdbR00000490-Saccharomyces_cerevisiae-4932-Trp-CA,full,tRNA
5s_Saccharopolyspora-erythraea-1,full,5s
srp_Caen.eleg._U41993,full,srp
tRNA_tdbR00000542-Mycoplasma_capricolum-2095-Tyr-GUA,full,tRNA
RNaseP_A.ambivalens,full,RNaseP
tmRNA_Ther.ther._Y15063_1-349,sortS400,tmRNA
tmRNA_Shig.dyse._TRW-358708_1-363,sortS400,tmRNA
tRNA_tdbR00000471-Oryctolagus_cuniculus-9986-Val-IAC,sortS400,tRNA
tRNA_tdbR00000553-Asterias_amurensis-7602-Tyr-GUA,sortS400,tRNA
5s_Microbotryum-violaceum-1,sortS400,5s
tRNA_tdbR00000549-Tetrahymena_pyriformis-5908-Tyr-QUA,sortS400,tRNA
16s_A.fulgidus_domain4,sortS400,16s
5s_Sphacelotheca-polygoni-persicariae-1,sortS400,5s
RNaseP_S.versatilis,sortS400,RNaseP
srp_Meth.flag._CP000284,sortS400,srp
tmRNA_Acin.spec._CR543861_1-360,sortS400,tmRNA
tmRNA_Geob.sulf._AE017180_1-356,sortS400,tmRNA
tmRNA_uncu.bact._TRW-32033-1_1-354,sortS400,tmRNA
srp_Myco.pulm._AL445565,sortS400,srp
RNaseP_Nocardiodes-ATCC39419,sortS400,RNaseP
tRNA_tdbR00000593-Ascaris_suum-6253-Trp-CA,sortS400,tRNA
5s_Halorubrum-terrestre-2,sortS400,5s
RNaseP_A.truei,sortS400,RNaseP
srp_Acin.spec._CR543861,sortS400,srp
5s_Methylobacterium-organophilum-1,sortS400,5s
srp_Cand.dubl._GSP-42374,sortS400,srp
tRNA_tdbR00000290-Enterobacteria_phage_T5-10726-Asn-GUU,sortS400,tRNA
RNaseP_SM-A0911,sortS400,RNaseP
tRNA_tdbR00000415-Nicotiana_rustica-4093-Ser-GA,sortS400,tRNA
5s_Streptococcus-pneumoniae-1,sortS400,5s
RNaseP_R.prowazekii,sortS400,RNaseP
grp1_a.I1.e.C.grayi.UNK.SSU.1046,sortS400,grp1
tmRNA_Rhod.balt._BX294141_1-380,sortS400,tmRNA
srp_Borr.afze._CP000395,sortS400,srp
tRNA_tdbR00000512-Mycobacterium_smegmatis-1772-Ini-CAU,sortS400,tRNA
srp_Rick.typh._AE017197,sortS400,srp
srp_Cand.trop._GSP-294747,sortS400,srp
5s_Deinococcus-radiodurans-1,sortS400,5s
RNaseP_LGW23,sortS400,RNaseP
RNaseP_T.volcanum,sortS400,RNaseP
tmRNA_Verr.spin._TRW-240016_1-356,sortS400,tmRNA
tmRNA_Heli.hepa._AE017125_1-369,sortS400,tmRNA
tRNA_tdbR00000595-Escherichia_coli-562-Leu-BAA,sortS400,tRNA
5s_Pyrenophora-graminea-1,sortS400,5s
srp_Vibr.vuln._BA000037,sortS400,srp
5s_Mycoplasma-sp.-2,sortS400,5s
RNaseP_Rr368,sortS400,RNaseP
srp_Pers.amer._X65992,sortS400,srp
grp1_a.I1.e.M.caldariorum.C1.SSU.1506,sortS400,grp1
tRNA_tdbR00000417-Nicotiana_rustica-4093-Ser-GCU,sortS400,tRNA
telomerase_AF221928.95-476,sortS400,telomerase
tRNA_tdbR00000548-Scenedesmus_obliquus-3088-Tyr-GUA,sortS400,tRNA
16s_F.ananassa_domain3,sortS400,16s
RNaseP_R.americana-mito,sortS400,RNaseP
tmRNA_Stap.epid._TRW-176280_1-361,sortS400,tmRNA
srp_Proc.mari._CP000111,sortS400,srp
srp_Psyc.arct._CP000082,sortS400,srp
srp_Bart.quin._BX897700,sortS400,srp
tRNA_tdbR00000363-Ascaris_suum-6253-Arg-PCU,sortS400,tRNA
srp_Stre.sang._CP000387,sortS400,srp
tRNA_tdbR00000606-Lupinus_luteus-3873-Leu-IAG,sortS400,tRNA
srp_Lotu.japo._BW598799,sortS400,srp
srp_Rick.cono._AE008680,sortS400,srp
tmRNA_Past.mult._AE006115_1-367,sortS400,tmRNA
RNaseP_T.celerAL1-2,sortS400,RNaseP
tRNA_tdbR00000140-Escherichia_coli-562-His-QUG,sortS400,tRNA
telomerase_AF221916.94-481,sortS400,telomerase
tRNA_tdbR00000174-Mus_musculus-10090-Ile-IAU,sortS400,tRNA
telomerase_AF221940.103-499,sortS400,telomerase
tmRNA_Azot.vine._TRW-354_1-352,sortS400,tmRNA
tmRNA_Thal.pseu._EF067921_1-344,sortS400,tmRNA
tmRNA_Dict.ther._TRW-14_1-350,sortS400,tmRNA
tmRNA_uncu.bact._TRW-32045-4_1-369,sortS400,tmRNA
tRNA_tdbR00000246-Bos_taurus-9913-Leu-NAA,sortS400,tRNA
srp_Medi.trun._BE941271,sortS400,srp
tRNA_tdbR00000581-Aeropyrum_pernix-56636-Lys-CUU,sortS400,tRNA
23s_B.subtilis_domain6,sortS400,23s
tmRNA_Camp.lari._TRW-306263_1-359,sortS400,tmRNA
tmRNA_Dein.radi._TRW-243230_1-349,sortS400,tmRNA
tmRNA_Coxi.burn._AE016828_1-360,sortS400,tmRNA
5s_Xenopus-tropicalis-1,sortS400,5s
grp1_a.I1.e.D.parva.C1.SSU.1512,sortS400,grp1
tRNA_tdbR00000517-Neurospora_crassa-5141-Ini-CAU,sortS400,tRNA
srp_Perk.mari._GSP-31276,sortS400,srp
srp_Meth.volt._M22560,sortS400,srp
23s_T.thermophilus_domain4,sortS400,23s
srp_Caul.cres._U22036,sortS400,srp
tmRNA_Myco.smeg._CP000480_1-369,sortS400,tmRNA
5s_Methanothermobacter-thermautotrophicus-7,sortS400,5s
RNaseP_B.stearothermophilus,sortS400,RNaseP
5s_Starkeya-novella-1,sortS400,5s
5s_Dehalococcoides-ethenogenes-1,sortS400,5s
5s_Rickettsia-prowazekii-1,sortS400,5s
5s_Onchocerca-cervicalis-1,sortS400,5s
grp1_a.I1.e.L.dispersa.UNK.SSU.1210,sortS400,grp1
grp1_a.I1.e.C.saccatum.C1.SSU.1512,sortS400,grp1
srp_Lodd.elon._GSP-379508,sortS400,srp
grp1_a.I1.e.S.paniceum.UNK.SSU.1506,sortS400,grp1
tRNA_tdbR00000043-Haloferax_volcanii-2246-Glu-NUC,sortS400,tRNA
5s_Finegoldia-magna-2,sortS400,5s
srp_Sorg.bico._BE594178,sortS400,srp
tRNA_tdbR00000613-Nanoarchaeum_equitans-160232-Glu-CUC,sortS400,tRNA
grp1_a.I1.e.A.capsulatus.CBS213.53.C1.SSU.943,sortS400,grp1
RNaseP_ESH20b-4,sortS400,RNaseP
srp_Pseu.aeru._CP000438,sortS400,srp
srp_Myco.pene._BA000026,sortS400,srp
5s_Andrias-japonicus-2,sortS400,5s
5s_Methanococcus-maripaludis-1,sortS400,5s
RNaseP_SM-A3153,sortS400,RNaseP
RNaseP_S.mutans,sortS400,RNaseP
srp_Stre.coel._AL939118,sortS400,srp
RNaseP_C.crescentus,sortS400,RNaseP
tmRNA_Cory.effi._BA000035_1-376,sortS400,tmRNA
RNaseP_C.limicola,sortS400,RNaseP
tRNA_tdbR00000475-Mus_musculus-10090-Val-IAC,sortS400,tRNA
RNaseP_Pseudoanabaena-PCC6903,sortS400,RNaseP
5s_Ascobolus-immersus-4,sortS400,5s
tmRNA_Acid.ferr._TRW-920_1-341,sortS400,tmRNA
5s_Filobasidiella-depauperata-1,sortS400,5s
RNaseP_H.volcanii,sortS400,RNaseP
tRNA_tdbR00000307-Moloney_murine_leukemia_virus-11801-Pro-IGG,sortS400,tRNA
srp_Caen.eleg._Z34533,sortS400,srp
5s_Emericella-nidulans-5,sortS400,5s
tRNA_tdbR00000539-Ovis_aries-9940-Ini-CAU,sortS400,tRNA
tRNA_tdbR00000078-Ascaris_suum-6253-Phe-GAA,sortS400,tRNA
srp_Myco.vanb._CP000511,sortS400,srp
tRNA_tdbR00000618-Candida_albicans-5476-Leu-CAG,sortS400,tRNA
RNaseP_C.testosteroni,sortS400,RNaseP
5s_Paracoccus-denitrificans-2,sortS400,5s
telomerase_AF221913.109-520,sortS400,telomerase
5s_Xenopus-laevis-8,sortS400,5s
srp_Babe.bige._GSP-5866,sortS400,srp
srp_Aspe.fumi._GSP-41122,sortS400,srp
RNaseP_M.luteus,sortS400,RNaseP
5s_Caenorhabditis-elegans-3,sortS400,5s
tmRNA_Prev.rumi._TRW-264731_1-401,sortS400,tmRNA
tRNA_tdbR00000148-Ovis_aries-9940-His-QUG,sortS400,tRNA
RNaseP_P.staleyi,sortS400,RNaseP
srp_Synt.fuma._CP000478,sortS400,srp
srp_Anto.locu._GSP-278021,sortS400,srp
5s_Ehrlichia-chaffeensis-1,sortS400,5s
5s_Erythromicrobium-ramosum-1,sortS400,5s
5s_Nocardia-farcinica-1,sortS400,5s
srp_Citr.sine._CN181544,sortS400,srp
RNaseP_Nocardiodes-NSP41,sortS400,RNaseP
tmRNA_Serr.marc._TRW-273526_1-364,sortS400,tmRNA
tmRNA_Xant.oryz._AE013598_1-397,sortS400,tmRNA
tRNA_tdbR00000438-Escherichia_coli-562-Thr-GGU,sortS400,tRNA
tmRNA_Arth.spec._CP000454_1-369,sortS400,tmRNA
RNaseP_S.epidermidis,sortS400,RNaseP
RNaseP_B.bronchiseptica,sortS400,RNaseP
16s_C.elegans_domain4,sortS400,16s
tRNA_tdbR00000400-Loligo_bleekeri-6617-Ser-7CU,sortS400,tRNA
tmRNA_Myco.pulm._AL445565_1-387,sortS400,tmRNA
RNaseP_SM-A02,sortS400,RNaseP
16s_H.sapiens_domain3,sortS400,16s
RNaseP_I.calvum,sortS400,RNaseP
RNaseP_PS8,sortS400,RNaseP
tRNA_tdbR00000414-Lupinus_luteus-3873-Ser-CGA,sortS400,tRNA
srp_Camp.jeju._CP000025,sortS400,srp
tmRNA_Lact.john._TRW-257314_1-367,sortS400,tmRNA
srp_Tryp.cong._SDB-5692,sortS400,srp
srp_Rals.sola._AL646063,sortS400,srp
RNaseP_M.phosphovorus-JCM9379,sortS400,RNaseP
RNaseP_PS22,sortS400,RNaseP
tRNA_tdbR00000379-Enterobacteria_phage_T4-10665-Ser-NGA,sortS400,tRNA
tRNA_tdbR00000515-Phaseolus_vulgaris-3885-Ini-CAU,sortS400,tRNA
tRNA_tdbR00000119-Escherichia_coli-562-Gly-NCC,sortS400,tRNA
RNaseP_ESH7-4,sortS400,RNaseP
5s_Ulva-pertusa-1,sortS400,5s
RNaseP_R.rubrum,sortS400,RNaseP
tmRNA_Bord.pert._TRW-257313_1-387,sortS400,tmRNA
RNaseP_H.trapanicum,sortS400,RNaseP
srp_Nitr.euro._BX321857,sortS400,srp
5s_Mycoplasma-mobile-1,sortS400,5s
srp_Shig.flex._AE014073,sortS400,srp
RNaseP_P.troglodytes,sortS400,RNaseP
srp_Unci.rees._GSP-336963,sortS400,srp
srp_Yers.pest._AL590842,sortS400,srp
tmRNA_Gemm.obsc._TRW-214688_1-412,sortS400,tmRNA
tmRNA_Meth.flag._CP000284_1-361,sortS400,tmRNA
5s_Thermococcus-kodakarensis-2,sortS400,5s
RNaseP_WC1,sortS400,RNaseP
tRNA_tdbR00000461-Rattus_norvegicus-10116-Val-UAC,sortS400,tRNA
tmRNA_Geob.kaus._BA000043_1-352,sortS400,tmRNA
RNaseP_N.jensenii,sortS400,RNaseP
tmRNA_envi.sequ._TRW-259292_1-355,sortS400,tmRNA
tmRNA_envi.sequ._TRW-351057-3_1-355,sortS400,tmRNA
srp_Toxo.gond._CO743022,sortS400,srp
5s_Burkholderia-cepacia-2,sortS400,5s
tmRNA_Mora.cata._AX067460_1-359,sortS400,tmRNA
tRNA_tdbR00000050-Hordeum_vulgare-4513-Glu-SPC,sortS400,tRNA
5s_Chaetomorpha-moniligera-1,sortS400,5s
srp_Burk.pseu._CP000572,sortS400,srp
tRNA_tdbR00000472-Drosophila_melanogaster-7227-Val-IAC,sortS400,tRNA
23s_S.aureus_domain3,sortS400,23s
RNaseP_N.fulvus-KCTC9580,sortS400,RNaseP
grp1_a.I1.e.P.carinii.Pc1.C1.LSU.1921,sortS400,grp1
srp_Popu.bals._GSP-73824,sortS400,srp
tRNA_tdbR00000107-Haloferax_volcanii-2246-Gly-GCC,sortS400,tRNA
srp_Gibb.zeae._GSP-229533,sortS400,srp
RNaseP_CPA63,sortS400,RNaseP
5s_Geobacillus-kaustophilus-3,sortS400,5s
5s_Nocardia-asteroides-1,sortS400,5s
RNaseP_LGW116,sortS400,RNaseP
16s_H.sapiens_domain4,sortS400,16s
srp_Thei.annu._NW_001091934,sortS400,srp
5s_Bacillus-amyloliquefaciens-1,sortS400,5s
tmRNA_Xant.camp._AM039952_1-397,sortS400,tmRNA
srp_Myco.spec._CP000580,sortS400,srp
RNaseP_C.hydrogenoformans,sortS400,RNaseP
RNaseP_C.paradoxa-cyanelle,sortS400,RNaseP
telomerase_AF221929.92-517,sortS400,telomerase
tRNA_tdbR00000244-Rattus_norvegicus-10116-Leu-UAG,sortS400,tRNA
16s_P.occultum_domain4,sortS400,16s
tRNA_tdbR00000366-Rattus_norvegicus-10116-Arg-UCG,sortS400,tRNA
16s_M.polymorpha_domain3,sortS400,16s
tmRNA_Chla.trac._TRW-813-1_1-420,sortS400,tmRNA
RNaseP_A.laidlawii,sortS400,RNaseP
srp_Medi.trun._AC146941,sortS400,srp
srp_Sino.meli._AL591782,sortS400,srp
tRNA_tdbR00000556-Schizosaccharomyces_pombe-4896-Tyr-GPA,sortS400,tRNA
tmRNA_Stre.uber._TRW-218495_1-350,sortS400,tmRNA
RNaseP_SM-A1519,sortS400,RNaseP
srp_Dict.disc._BJ360333,sortS400,srp
srp_Medi.trun._AC136507-2,sortS400,srp
tRNA_tdbR00000203-Loligo_bleekeri-6617-Lys-NUU,sortS400,tRNA
tmRNA_uncu.bact._TRW-383630-1_1-364,sortS400,tmRNA
RNaseP_B.halodurans,sortS400,RNaseP
tRNA_tdbR00000364-Ascaris_suum-6253-Arg-ACG,sortS400,tRNA
srp_Dein.radi._AE000513,sortS400,srp
tmRNA_Dich.nodo._TRW-35819_1-352,sortS400,tmRNA
tRNA_tdbR00000444-Saccharomyces_cerevisiae-4932-Thr-IGU,sortS400,tRNA
RNaseP_Prochlorococcus-TATL2,sortS400,RNaseP
tmRNA_Syne.spec._D90916_1-396,sortS400,tmRNA
RNaseP_Nostoc-PCC7413,sortS400,RNaseP
5s_Euglena-gracilis-2,sortS400,5s
RNaseP_C.psittaci-2,sortS400,RNaseP
tmRNA_Chla.abor._CR848038_1-425,sortS400,tmRNA
srp_Geob.ther._CP000557,sortS400,srp
tmRNA_Shew.frig._CP000447_1-356,sortS400,tmRNA
5s_Acetobacter-aceti-2,sortS400,5s
RNaseP_SM-A1214,sortS400,RNaseP
RNaseP_Anabaena-ATCC29413,sortS400,RNaseP
tRNA_tdbR00000589-Aeropyrum_pernix-56636-Arg-UCU,sortS400,tRNA
RNaseP_G.sulfurreducens,sortS400,RNaseP
tmRNA_Chla.muri._AE002296_1-418,sortS400,tmRNA
srp_Tetr.ther._X56981,sortS400,srp
tRNA_tdbR00000342-Bos_taurus-9913-Gln-CUG,sortS400,tRNA
16s_E.coli_domain2,sortS400,16s
16s_Z.mays_domain1,sortS400,16s
srp_Leis.guya._AY722728,sortS400,srp
tmRNA_Shig.sonn._CP000038_1-363,sortS400,tmRNA
tRNA_tdbR00000576-Leishmania_tarentolae-5689-Asp-GUC,sortS400,tRNA
srp_Cryp.parv._AA532232,sortS400,srp
5s_Bacillus-cereus-10,sortS400,5s
RNaseP_S.carlsbergensis,sortS400,RNaseP
srp_Ther.volc._BA000011,sortS400,srp
tmRNA_Myco.hyop._TRW-262719_1-433,sortS400,tmRNA
5s_Symbiobacterium-thermophilum-4,sortS400,5s
5s_Chlorella-pyrenoidosa-1,sortS400,5s
5s_Tilletiaria-anomala-1,sortS400,5s
16s_C.reinhardtii.chloro_domain1,sortS400,16s
srp_Myco.geni._L43967,sortS400,srp
srp_Urea.parv._AE002112,sortS400,srp
tmRNA_Vibr.fisc._CP000020_1-367,sortS400,tmRNA
RNaseP_CPB149,sortS400,RNaseP
srp_Baci.thur._D11412,sortS400,srp
srp_Myco.hyop._AE017243,sortS400,srp
5s_Meloidogyne-artiellia-1,sortS400,5s
RNaseP_P.hollandica,sortS400,RNaseP
tRNA_tdbR00000450-Haloferax_volcanii-2246-Val-GAC,sortS400,tRNA
tmRNA_Clos.diff._AM180355_1-350,sortS400,tmRNA
23s_E.coli_domain3,sortS400,23s
tmRNA_Sali.rube._CP000159_1-369,sortS400,tmRNA
RNaseP_SM-A5888,sortS400,RNaseP
srp_Ferr.acid._GSP-333146,sortS400,srp
tmRNA_Dein.radi._AE001939_1-346,sortS400,tmRNA
tmRNA_Prop.acne._TRW-1747-2_1-353,sortS400,tmRNA
tmRNA_Clos.perf._CP000312_1-361,sortS400,tmRNA
tRNA_tdbR00000389-Bacillus_subtilis-1423-Ser-GGA,sortS400,tRNA
tRNA_tdbR00000594-Ascaris_suum-6253-Leu-AA,sortS400,tRNA
tRNA_tdbR00000227-Geobacillus_stearothermophilus-1422-Leu-BAA,sortS400,tRNA
RNaseP_E.coli-JM109,sortS400,RNaseP
RNaseP_LGB21,sortS400,RNaseP
telomerase_AF221908.136-584,sortS400,telomerase
5s_Streptomyces-nodosus-2,sortS400,5s
srp_Porp.yezo._AP006715,sortS400,srp
tmRNA_Heli.pylo._AE001503_1-383,sortS400,tmRNA
tmRNA_Emil.huxl._AY741371_1-291,sortS400,tmRNA
tRNA_tdbR00000505-Mycoplasma_mycoides-2102-Ini-CAU,sortS400,tRNA
5s_Halorubrum-distributum-7,sortS400,5s
RNaseP_C.diphtheriae,sortS400,RNaseP
tmRNA_Stap.epid._TRW-1282-2_1-362,sortS400,tmRNA
5s_Pseudomonas-stutzeri-2,sortS400,5s
RNaseP_M.fermentans,sortS400,RNaseP
srp_Xant.oryz._AP008229,sortS400,srp
srp_Para.symb._BX908798,sortS400,srp
srp_Proc.mari._BX572093,sortS400,srp
RNaseP_WB3,sortS400,RNaseP
16s_H.volcanii_domain3,sortS400,16s
5s_Rhodobacter-sphaeroides-1,sortS400,5s
tmRNA_Legi.pneu._CR628337_1-406,sortS400,tmRNA
tmRNA_Meth.caps._AE017282_1-356,sortS400,tmRNA
tmRNA_Xant.camp._AE012247_1-397,sortS400,tmRNA
RNaseP_SLC,sortS400,RNaseP
srp_Trit.aest._CJ679223,sortS400,srp
5s_Acidithiobacillus-ferrooxidans-1,sortS400,5s
RNaseP_B.anthracis,sortS400,RNaseP
srp_Myco.lepr._AL023596,sortS400,srp
RNaseP_T.aquaticus,sortS400,RNaseP
srp_Sphi.alas._CP000356,sortS400,srp
tmRNA_Haem.ducr._AE017143_1-367,sortS400,tmRNA
srp_Rhod.balt._BX294144,sortS400,srp
tmRNA_Azoa.spec._TRW-62928_1-378,sortS400,tmRNA
16s_A.fulgidus_domain3,sortS400,16s
5s_Wuchereria-bancrofti-1,sortS400,5s
RNaseP_Prochlorococcus-TATL2-2,sortS400,RNaseP
tmRNA_Myco.geni._TRW-243273_1-388,sortS400,tmRNA
srp_Clos.ther._CP000568,sortS400,srp
RNaseP_Prochlorococcus-TAK9803-2,sortS400,RNaseP
5s_Azospirillum-lipoferum-1,sortS400,5s
grp1_a.I1.e.T.hyperangularis.C1.LSU.1925,sortS400,grp1
RNaseP_Onchorhynchus-sp-2,sortS400,RNaseP
RNaseP_B.bufo,sortS400,RNaseP
tRNA_tdbR00000090-Lupinus_luteus-3873-Phe-AA,sortS400,tRNA
tRNA_tdbR00000324-Saccharomyces_cerevisiae-4932-Pro-NGG,sortS400,tRNA
tRNA_tdbR00000276-Escherichia_coli-562-Met-MAU,sortS400,tRNA
tRNA_tdbR00000537-Mus_musculus-10090-Ini-CAU,sortS400,tRNA
srp_Pseu.syri._CP000075,sortS400,srp
5s_Ambystoma-salmoides-1,sortS400,5s
srp_Myco.gall._AE015450,sortS400,srp
srp_Rick.feli._CP000053,sortS400,srp
RNaseP_SM-A2539,sortS400,RNaseP
tmRNA_Cyan.cald._AF022186_1-254,sortS400,tmRNA
RNaseP_CPB147,sortS400,RNaseP
RNaseP_M.avium,sortS400,RNaseP
grp1_a.I1.e.E.dermatitidis.C1.SSU.943,sortS400,grp1
srp_Meth.mari._BX957223,sortS400,srp
tRNA_tdbR00000299-Asterias_amurensis-7602-Asn-GPU,sortS400,tRNA
tRNA_tdbR00000053-Bos_taurus-9913-Glu-NUC,sortS400,tRNA
RNaseP_SM-A2743,sortS400,RNaseP
grp1_a.I1.e.C.ellipsoidea.211-1a.C1.SSU.1506,sortS400,grp1
srp_Trep.pall._AE001187,sortS400,srp
tmRNA_Thio.deni._CP000116_1-367,sortS400,tmRNA
tRNA_tdbR00000412-Candida_cylindracea-44322-Ser-CGA,sortS400,tRNA
tmRNA_Myco.hyop._TRW-295358_1-424,sortS400,tmRNA
RNaseP_B.pertussis,sortS400,RNaseP
RNaseP_LGW17,sortS400,RNaseP
tmRNA_Porp.ging._TRW-242619_1-407,sortS400,tmRNA
RNaseP_Z.florentinus,sortS400,RNaseP
tRNA_tdbR00000054-Saccharomyces_cerevisiae-4932-Glu-3UC,sortS400,tRNA
RNaseP_T.maritima,sortS400,RNaseP
16s_T.gondii_domain4,sortS400,16s
RNaseP_vHge2,sortS400,RNaseP
tRNA_tdbR00000042-Haloferax_volcanii-2246-Glu-MUC,sortS400,tRNA
srp_Ence.cuni._AL590449,sortS400,srp
tmRNA_Chla.pneu._TRW-83558_1-426,sortS400,tmRNA
RNaseP_T.album,sortS400,RNaseP
tRNA_tdbR00000340-Nicotiana_rustica-4093-Gln-JUG,sortS400,tRNA
tmRNA_List.gray._AF440336_1-321,sortS400,tmRNA
RNaseP_SM-A1012,sortS400,RNaseP
5s_Chlamydomonas-reinhardtii-1,sortS400,5s
RNaseP_SM-A5382,sortS400,RNaseP
tmRNA_Rubr.gela._TRW-279263_1-372,sortS400,tmRNA
srp_Plas.reic._GSP-5854,sortS400,srp
tmRNA_Stre.aver._BA000030_1-389,sortS400,tmRNA
5s_Chlamydophila-pneumoniae-1,sortS400,5s
srp_Eime.tene._GSP-413949,sortS400,srp
srp_Ther.koda._AP006878,sortS400,srp
tmRNA_Burk.thai._CP000086_1-370,sortS400,tmRNA
tmRNA_Camp.jeju._CP000025_1-359,sortS400,tmRNA
tmRNA_Exig.sibi._TRW-262543_1-359,sortS400,tmRNA
srp_Asco.apis._GSP-392613,sortS400,srp
tRNA_tdbR00000132-Lupinus_luteus-3873-Gly-GCC,sortS400,tRNA
tmRNA_Baci.subt._Z99121_1-360,sortS400,tmRNA
5s_Finegoldia-magna-1,sortS400,5s
RNaseP_P.abyssi,sortS400,RNaseP
tmRNA_Neis.meni._AE002452_1-360,sortS400,tmRNA
srp_Xant.camp._AM039952,sortS400,srp
tmRNA_Burk.mall._CP000010_1-370,sortS400,tmRNA
5s_Lactococcus-lactis-2,sortS400,5s
tRNA_tdbR00000455-Escherichia_coli-562-Val-GAC,sortS400,tRNA
RNaseP_PS31,sortS400,RNaseP
5s_Vitreoscilla-filiformis-1,sortS400,5s
RNaseP_D.desulfuricans,sortS400,RNaseP
tRNA_tdbR00000330-Haloferax_volcanii-2246-Gln-MUG,sortS400,tRNA
RNaseP_SMB-B2,sortS400,RNaseP
telomerase_AF221917.99-542,sortS400,telomerase
srp_Zymo.mobi._AF203881,sortS400,srp
5s_Bacillus-firmus-1,sortS400,5s
RNaseP_LGA1,sortS400,RNaseP
tmRNA_Lact.lact._AF176556_1-359,sortS400,tmRNA
RNaseP_SM-A1726,sortS400,RNaseP
RNaseP_M.vannielli,sortS400,RNaseP
tmRNA_Fuso.nucl._TRW-393480_1-344,sortS400,tmRNA
srp_Chae.glob._GSP-306901,sortS400,srp
tRNA_tdbR00000223-Salmonella_typhimurium-602-Leu-CAG,sortS400,tRNA
tRNA_tdbR00000280-Saccharomyces_cerevisiae-4932-Met-CAU,sortS400,tRNA
tRNA_tdbR00000080-Bos_taurus-9913-Phe-GAA,sortS400,tRNA
tmRNA_Stre.pyog._AE010048_1-348,sortS400,tmRNA
RNaseP_B.thetaiotaomicron,sortS400,RNaseP
5s_Methanothermobacter-thermautotrophicus-2,sortS400,5s
5s_Beggiatoa-alba-1,sortS400,5s
srp_Lact.john._AX926712,sortS400,srp
5s_Bacteroides-thetaiotaomicron-1,sortS400,5s
5s_Streptomyces-ambofaciens-1,sortS400,5s
tRNA_tdbR00000328-Enterobacteria_phage_T5-10726-Gln-UUG,sortS400,tRNA
tRNA_tdbR00000585-Aeropyrum_pernix-56636-Thr-CGU,sortS400,tRNA
RNaseP_P.strasburgensis,sortS400,RNaseP
srp_Wolb.endo._AB080664,sortS400,srp
RNaseP_ERE,sortS400,RNaseP
16s_H.sapiens.mito_domain2,sortS400,16s
RNaseP_T.littoralis,sortS400,RNaseP
tRNA_tdbR00000085-Schizosaccharomyces_pombe-4896-Phe-AA,sortS400,tRNA
grp1_a.I1.e.C.grayi.UNK.SSU.1516,sortS400,grp1
srp_Meth.maze._AE008384,sortS400,srp
tRNA_tdbR00000397-Saccharomyces_cerevisiae-4932-Ser-UGA,sortS400,tRNA
16s_G.intestinalis_domain4,sortS400,16s
tmRNA_Clos.teta._AE015927_1-355,sortS400,tmRNA
16s_M.polymorpha_domain4,sortS400,16s
5s_Shigella-flexneri-2,sortS400,5s
srp_Pseu.syri._AE016853,sortS400,srp
5s_Listeria-monocytogenes-3,sortS400,5s
5s_Vibrio-parahaemolyticus-6,sortS400,5s
tRNA_tdbR00000048-Synechocystis_sp.-1143-Glu-NUC,sortS400,tRNA
tRNA_tdbR00000336-Aedes_albopictus-7160-Gln-NUG,sortS400,tRNA
tmRNA_Meso.viri._AF166114_1-359,sortS400,tmRNA
srp_Tric.spir._GSP-6334,sortS400,srp
tmRNA_Alka.meta._TRW-293826_1-355,sortS400,tmRNA
tRNA_tdbR00000622-Nicotiana_rustica-4093-Cys-GCA,sortS400,tRNA
RNaseP_S.polymorpha,sortS400,RNaseP
5s_Lactobacillus-delbrueckii-1,sortS400,5s
tmRNA_Stre.pyog._TRW-1314-1_1-348,sortS400,tmRNA
RNaseP_CPB72,sortS400,RNaseP
5s_Gelidium-amansii-2,sortS400,5s
tRNA_tdbR00000011-Neurospora_crassa-5141-Ala-UGC,sortS400,tRNA
srp_Lact.case._CP000423,sortS400,srp
srp_Homo.sapi._BF909563,sortS400,srp
tRNA_tdbR00000559-Triticum_aestivum-4565-Tyr-GPA,sortS400,tRNA
5s_Rhodopirellula-baltica-1,sortS400,5s
tRNA_tdbR00000105-Halobacterium_salinarum-2242-Gly-GCC,sortS400,tRNA
telomerase_AF221935.112-602,sortS400,telomerase
tRNA_tdbR00000575-Leishmania_tarentolae-5689-Thr-CGU,sortS400,tRNA
tRNA_tdbR00000522-Bos_taurus-9913-Ini-AU,sortS400,tRNA
srp_Desu.psyc._CR522870,sortS400,srp
tRNA_tdbR00000117-Escherichia_coli-562-Gly-CCC,sortS400,tRNA
5s_Thermoplasma-acidophilum-1,sortS400,5s
RNaseP_S.uvarum,sortS400,RNaseP
tRNA_tdbR00000587-Aeropyrum_pernix-56636-Met-CAU,sortS400,tRNA
tRNA_tdbR00000222-Escherichia_coli-562-Leu-GAG,sortS400,tRNA
tRNA_tdbR00000614-Nanoarchaeum_equitans-160232-Ini-CAU,sortS400,tRNA
16s_B.burgdorferi_domain3,sortS400,16s
tmRNA_Mann.haem._TRW-272629_1-367,sortS400,tmRNA
RNaseP_S.putrefaciens,sortS400,RNaseP
tmRNA_Myco.geni._U39713_1-385,sortS400,tmRNA
RNaseP_L.japonicus-IFO15385,sortS400,RNaseP
tRNA_tdbR00000428-Homo_sapiens-9606-Ser-UGA,sortS400,tRNA
RNaseP_Synechococcus-PCC6717,sortS400,RNaseP
tRNA_tdbR00000334-Hordeum_vulgare-4513-Gln-UG,sortS400,tRNA
5s_Cryptococcus-laurentii-1,sortS400,5s
RNaseP_B.burgdorferi,sortS400,RNaseP
tmRNA_Baci.lich._CP000002_1-356,sortS400,tmRNA
srp_Sacc.para._BN000251,sortS400,srp
tmRNA_Erwi.chry._TRW-198628_1-381,sortS400,tmRNA
srp_Enta.terr._GSP-110771,sortS400,srp
tRNA_tdbR00000012-Saccharomyces_cerevisiae-4932-Ala-IGC,sortS400,tRNA
srp_Prun.arme._CV045835,sortS400,srp
5s_Bacillus-subtilis-6,sortS400,5s
tmRNA_Neis.gono._TRW-242231_1-363,sortS400,tmRNA
tmRNA_Ente.faec._BD193796_1-367,sortS400,tmRNA
5s_Trichostrongylus-colubriformis-1,sortS400,5s
RNaseP_M.fervidus,sortS400,RNaseP
tRNA_tdbR00000352-Mycoplasma_capricolum-2095-Arg-ICG,sortS400,tRNA
grp1_s.I1.e.T.thermophila.C1.LSU.1925.schem,sortS400,grp1
tmRNA_Geob.stea._TRW-1422_1-352,sortS400,tmRNA
tRNA_tdbR00000172-Lupinus_luteus-3873-Ile-IAU,sortS400,tRNA
RNaseP_S.cerevisiae,sortS400,RNaseP
srp_Mari.aqua._CP000514,sortS400,srp
tmRNA_Odon.sine._TRW-2839_1-371,sortS400,tmRNA
tmRNA_uncu.bact._TRW-80840-2_1-379,sortS400,tmRNA
5s_Anaplasma-phagocytophilum-1,sortS400,5s
RNaseP_ESH183A,sortS400,RNaseP
RNaseP_R.norvegicus,sortS400,RNaseP
23s_H.pylori_domain4,sortS400,23s
tmRNA_List.inno._TRW-1642-1_1-370,sortS400,tmRNA
srp_Meth.jann._L77117,sortS400,srp
tRNA_tdbR00000411-Candida_cylindracea-44322-Ser-IGA,sortS400,tRNA
srp_Rick.prow._AJ235273,sortS400,srp
5s_Mycoplasma-pulmonis-1,sortS400,5s
5s_Spirogyra-sp.-1,sortS400,5s
RNaseP_N.meningtidis-MC58,sortS400,RNaseP
grp1_a.I1.e.C.ellipsoidea.IAMC-87.C1.SSU.1506,sortS400,grp1
srp_Spra.loph._GSP-51541,sortS400,srp
RNaseP_L.ferrooxidans-MK,sortS400,RNaseP
RNaseP_S.equi,sortS400,RNaseP
tmRNA_Rals.sola._AL646061_1-357,sortS400,tmRNA
RNaseP_CPB69,sortS400,RNaseP
tRNA_tdbR00000116-Bacillus_subtilis-1423-Gly-CC,sortS400,tRNA
RNaseP_S.aureus-2,sortS400,RNaseP
srp_Sphi.witt._CP000699,sortS400,srp
tRNA_tdbR00000136-Homo_sapiens-9606-Gly-GCC,sortS400,tRNA
tRNA_tdbR00000285-Triticum_aestivum-4565-Met-BAU,sortS400,tRNA
RNaseP_A.ferrooxidans,sortS400,RNaseP
tRNA_tdbR00000210-Enterobacteria_phage_T5-10726-Leu-UAG,sortS400,tRNA
tmRNA_Noca.farc._AP006618_1-368,sortS400,tmRNA
srp_Tryp.bruc._X57047,sortS400,srp
tRNA_tdbR00000346-Homo_sapiens-9606-Gln-NUG,sortS400,tRNA
5s_Tremella-mesenterica-2,sortS400,5s
tRNA_tdbR00000190-Bos_taurus-9913-Lys-NUU,sortS400,tRNA
srp_Stre.pneu._AE007319,sortS400,srp
5s_Terrapene-carolina-1,sortS400,5s
tRNA_tdbR00000074-Tetrahymena_pyriformis-5908-Phe-GAA,sortS400,tRNA
tmRNA_Salm.bong._TRW-218493_1-363,sortS400,tmRNA
5s_Streptomyces-roseoverticillatus-1,sortS400,5s
grp1_a.I1.e.B.ciliata.JCM6865.C1.SSU.1506,sortS400,grp1
srp_Ajel.caps._CV620298,sortS400,srp
srp_Chla.muri._AE002160,sortS400,srp
tmRNA_Desu.psyc._CR522870_1-366,sortS400,tmRNA
tRNA_tdbR00000143-Asterias_amurensis-7602-His-QUG,sortS400,tRNA
telomerase_AF221919.107-614,sortS400,telomerase
RNaseP_SL2D,sortS400,RNaseP
tRNA_tdbR00000608-Lupinus_luteus-3873-Leu-UAA,sortS400,tRNA
tRNA_tdbR00000216-Mycoplasma_capricolum-2095-Leu-BAA,sortS400,tRNA
tmRNA_Yers.pseu._AR948532_1-364,sortS400,tmRNA
srp_Gall.gall._AB073218,sortS400,srp
tRNA_tdbR00000446-Halobacterium_salinarum-2242-Val-CAC,sortS400,tRNA
5s_Methanobrevibacter-ruminantium-1,sortS400,5s
tRNA_tdbR00000029-Asterias_amurensis-7602-Asp-QUC,sortS400,tRNA
tmRNA_Baci.cere._AE017194_1-355,sortS400,tmRNA
srp_Ento.sulc._AF095839,sortS400,srp
srp_Lyco.escu._Z29103,sortS400,srp
5s_Samia-cynthia-ricini-1,sortS400,5s
5s_Anthoceros-punctatus-1,sortS400,5s
srp_Odon.sine._Z67753,sortS400,srp
tRNA_tdbR00000264-Caenorhabditis_elegans-6239-Leu-IAG,sortS400,tRNA
srp_Heli.pylo._AE000511,sortS400,srp
tRNA_tdbR00000560-Lupinus_luteus-3873-Tyr-GPA,sortS400,tRNA
5s_Zymomonas-mobilis-1,sortS400,5s
RNaseP_SM-A3048,sortS400,RNaseP
5s_Clostridium-pasteurianum-1,sortS400,5s
srp_Cryp.parv._XM_626716,sortS400,srp
tRNA_tdbR00000495-Triticum_aestivum-4565-Trp-BCA,sortS400,tRNA
srp_Camp.jeju._CP000538,sortS400,srp
tmRNA_Ocea.ihey._BA000028_1-364,sortS400,tmRNA
tRNA_tdbR00000335-Nicotiana_rustica-4093-Gln-NUG,sortS400,tRNA
5s_Andrias-japonicus-1,sortS400,5s
5s_Coxiella-burnetii-2,sortS400,5s
srp_Cocc.posa._GSP-222929,sortS400,srp
grp1_a.I1.e.A.capsulatus.FLs1.C1.SSU,sortS400,grp1
srp_Schi.japo._GSP-402676,sortS400,srp
5s_Emericella-nidulans-4,sortS400,5s
srp_Humu.lupu._AJ236706,sortS400,srp
tmRNA_Cyan.mero._TRW-45157_1-236,sortS400,tmRNA
tmRNA_Kleb.pneu._TRW-272620_1-363,sortS400,tmRNA
5s_Sulfurococcus-mirabilis-1,sortS400,5s
tRNA_tdbR00000217-Mycoplasma_capricolum-2095-Leu-AA,sortS400,tRNA
srp_Proc.mari._CP000551,sortS400,srp
tRNA_tdbR00000283-Gallus_gallus-9031-Met-AU,sortS400,tRNA
srp_Pyro.abys._AJ248283,sortS400,srp
tmRNA_Synt.acid._CP000252_1-356,sortS400,tmRNA
tmRNA_Baci.clau._AP006627_1-355,sortS400,tmRNA
5s_Buchnera-aphidicola-3,sortS400,5s
tRNA_tdbR00000540-Homo_sapiens-9606-Ini-CAU,sortS400,tRNA
telomerase_AF221912.98-564,sortS400,telomerase
tmRNA_envi.sequ._TRW-204433_1-356,sortS400,tmRNA
tmRNA_Myco.arth._TRW-243272_1-394,sortS400,tmRNA
16s_C.elegans_domain3,sortS400,16s
tmRNA_Cyan.mero._AY286123_1-236,sortS400,tmRNA
5s_Tuberoidobacter-mutans-1,sortS400,5s
tmRNA_Salm.typh._AY319520_1-363,sortS400,tmRNA
grp1_b.I1.e.T.thermophila.C1.LSU.1925,sortS400,grp1
srp_List.mono._U15684,sortS400,srp
tRNA_tdbR00000419-Nicotiana_rustica-4093-Ser-IGA,sortS400,tRNA
srp_Zygo.roux._BN000170,sortS400,srp
tRNA_tdbR00000338-Tetrahymena_thermophila-5911-Gln-JUA,sortS400,tRNA
srp_Enta.hist._AF487684,sortS400,srp
tRNA_tdbR00000485-Nicotiana_tabacum-4097-Trp-BCA,sortS400,tRNA
srp_Caul.cres._AE005673,sortS400,srp
srp_Pyro.occu._M21085,sortS400,srp
RNaseP_P.aerogenes,sortS400,RNaseP
tRNA_tdbR00000131-Triticum_aestivum-4565-Gly-GCC,sortS400,tRNA
tmRNA_Pseu.syri._CP000058_1-388,sortS400,tmRNA
tRNA_tdbR00000443-Saccharomyces_cerevisiae-4932-Thr-IGU,sortS400,tRNA
tRNA_tdbR00000520-Aedes_albopictus-7160-Ini-CAU,sortS400,tRNA
tRNA_tdbR00000261-Cucumis_sativus-3659-Leu-NAA,sortS400,tRNA
tRNA_tdbR00000511-Escherichia_coli-562-Ini-CAU,sortS400,tRNA
tmRNA_Pseu.atla._CP000388_1-357,sortS400,tmRNA
RNaseP_S.equi-g,sortS400,RNaseP
RNaseP_Prochlorococcus-PAC1A,sortS400,RNaseP
grp1_a.I1.c.G.prostrata.C3.tLEU,sortS400,grp1
5s_Meloidogyne-arenaria-2,sortS400,5s
5s_Crossiella-cryophila-1,sortS400,5s
tmRNA_Magn.spec._CP000471_1-366,sortS400,tmRNA
tRNA_tdbR00000621-Nicotiana_rustica-4093-Cys-GCA,sortS400,tRNA
grp1_a.I1.e.T.pigmentosa.C1.LSU.1925,sortS400,grp1
srp_Clos.diff._AM180355,sortS400,srp
srp_Lott.giga._GSP-225164,sortS400,srp
RNaseP_H.aurantiacus,sortS400,RNaseP
tmRNA_Myco.pneu._AE000035_1-384,sortS400,tmRNA
RNaseP_M.sedula,sortS400,RNaseP
5s_Bifidobacterium-longum-3,sortS400,5s
RNaseP_LGB32,sortS400,RNaseP
5s_Fusarium-culmorum-6,sortS400,5s
srp_Phyt.infe._CV911012,sortS400,srp
5s_Spirogyra-grevilleana-1,sortS400,5s
srp_Stre.muta._AF132127,sortS400,srp
RNaseP_P.furiosus-2,sortS400,RNaseP
5s_Helicobacter-pylori-3,sortS400,5s
telomerase_AF221911.104-513,sortS400,telomerase
RNaseP_S.liquefaciens,sortS400,RNaseP
tmRNA_Phot.lumi._BX571870_1-364,sortS400,tmRNA
16s_A.pyrophilus_domain2,sortS400,16s
tmRNA_Syne.spec._TRW-1131_1-399,sortS400,tmRNA
srp_Symb.ther._AP006840,sortS400,srp
5s_Pyrococcus-abyssi-1,sortS400,5s
srp_Chla.pneu._AE001363,sortS400,srp
tRNA_tdbR00000176-Haloferax_volcanii-2246-Lys-MUU,sortS400,tRNA
srp_Legi.pneu._CR628336,sortS400,srp
srp_Plas.gall._GSP-5849,sortS400,srp
tmRNA_envi.sequ._TRW-32045-1_1-355,sortS400,tmRNA
tRNA_tdbR00000620-Toxoplasma_gondii-5811-Ini-CAU,sortS400,tRNA
RNaseP_T.neapolitana,sortS400,RNaseP
RNaseP_T.tumescens,sortS400,RNaseP
5s_Prosthecochloris-aestuarii-1,sortS400,5s
tRNA_tdbR00000413-Candida_cylindracea-44322-Ser-GCU,sortS400,tRNA
RNaseP_CPB86,sortS400,RNaseP
5s_Methanothermococcus-thermolithotrophicus-1,sortS400,5s
RNaseP_C.aurantiacus,sortS400,RNaseP
srp_Chla.abor._CR848038,sortS400,srp
grp1_a.I1.b.Dermocarpa.sp.ATCC29371.C3.tMET,sortS400,grp1
tRNA_tdbR00000253-Candida_cylindracea-44322-Leu-BAA,sortS400,tRNA
srp_Myco.spec._CP000384,sortS400,srp
tRNA_tdbR00000045-Escherichia_coli-562-Glu-SUC,sortS400,tRNA
5s_Xylella-fastidiosa-2,sortS400,5s
16s_C.reinhardtii.mito_domain1,sortS400,16s
tRNA_tdbR00000289-Homo_sapiens-9606-Met-BAU,sortS400,tRNA
tRNA_tdbR00000211-Haloferax_volcanii-2246-Leu-CAA,sortS400,tRNA
16s_B.subtilis_domain2,sortS400,16s
tRNA_tdbR00000588-Aeropyrum_pernix-56636-Asp-GUC,sortS400,tRNA
tRNA_tdbR00000266-Bos_taurus-9913-Leu-AA,sortS400,tRNA
5s_Brucella-melitensis-2,sortS400,5s
23s_S.aureus_domain6,sortS400,23s
16s_P.staleyi_domain3,sortS400,16s
srp_Bloc.flor._BX248583,sortS400,srp
16s_H.sapiens.mito_domain1,sortS400,16s
tRNA_tdbR00000325-Pichia_jadinii-4903-Pro-GG,sortS400,tRNA
tRNA_tdbR00000220-Escherichia_coli-562-Leu-HAA,sortS400,tRNA
5s_Wolbachia-endosymbiont-of-D.-melanogaster-1,sortS400,5s
srp_Lyco.escu._Z46746,sortS400,srp
tmRNA_Baci.thur._AE017355_1-355,sortS400,tmRNA
16s_T.maritima_domain4,sortS400,16s
RNaseP_M.bovis,sortS400,RNaseP
tmRNA_Ente.faec._TRW-1352_1-367,sortS400,tmRNA
tRNA_tdbR00000386-Mycoplasma_mycoides-2102-Ser-UGA,sortS400,tRNA
5s_Seliberia-stellata-1,sortS400,5s
5s_Chlorobium-tepidum-1,sortS400,5s
5s_Paracoccus-denitrificans-1,sortS400,5s
RNaseP_ESH26-4,sortS400,RNaseP
srp_Leis.trop._AY781789,sortS400,srp
RNaseP_ESH7-16,sortS400,RNaseP
RNaseP_S.bovis,sortS400,RNaseP
srp_Xyle.fast._AE009442,sortS400,srp
srp_Psyc.ingr._CP000510,sortS400,srp
5s_Ureaplasma-urealyticum-3,sortS400,5s
5s_Coxiella-burnetii-1,sortS400,5s
tmRNA_Myco.aviu._TRW-243243_1-368,sortS400,tmRNA
tRNA_tdbR00000610-Caulobacter_crescentus_CB15-190650-His-GUG,sortS400,tRNA
tmRNA_Porp.purp._TRW-2787_1-323,sortS400,tmRNA
RNaseP_CPB144,sortS400,RNaseP
tRNA_tdbR00000234-Spinacia_oleracea-3562-Leu-UA7,sortS400,tRNA
srp_Arch.fulg._X17237,sortS400,srp
16s_E.coli_domain3,sortS400,16s
srp_Sacc.cere._U18916,sortS400,srp
tRNA_tdbR00000616-Nanoarchaeum_equitans-160232-Lys-CUU,sortS400,tRNA
srp_Ente.faec._AE016953,sortS400,srp
RNaseP_SM-A2237,sortS400,RNaseP
RNaseP_C.muridarum-g,sortS400,RNaseP
srp_Heli.hepa._AE017149,sortS400,srp
tmRNA_List.wels._AF440351_1-321,sortS400,tmRNA
RNaseP_A.eutrophus,sortS400,RNaseP
srp_Clos.teta._AE015927,sortS400,srp
tmRNA_Acti.pleu._TRW-228399_1-366,sortS400,tmRNA
grp1_a.I1.e.L.dispersa.UNK.SSU.1516,sortS400,grp1
tmRNA_Stap.epid._AF375586_1-311,sortS400,tmRNA
srp_Schi.pomb._Z99259,sortS400,srp
tmRNA_Cyan.para._TRW-2762_1-294,sortS400,tmRNA
RNaseP_LGB27,sortS400,RNaseP
tmRNA_Lact.gass._CP000413_1-366,sortS400,tmRNA
srp_Para.bras._EH655308,sortS400,srp
RNaseP_SMB-B3,sortS400,RNaseP
tRNA_tdbR00000009-Escherichia_coli-562-Ala-VGC,sortS400,tRNA
tRNA_tdbR00000052-Aedes_albopictus-7160-Glu-NUC,sortS400,tRNA
srp_Sus.scro._BP459377,sortS400,srp
tRNA_tdbR00000563-Lupinus_albus-3870-Tyr-GPA,sortS400,tRNA
grp1_a.I1.e.S.paniceum.UNK.SSU.1052,sortS400,grp1
srp_Lyco.escu._Z29109,sortS400,srp
tmRNA_Stre.scab._TRW-1883_1-402,sortS400,tmRNA
tmRNA_Clos.perf._CP000246_1-361,sortS400,tmRNA
tmRNA_Myco.mari._TRW-1781-1_1-368,sortS400,tmRNA
tRNA_tdbR00000293-Methanobacterium_thermaggregans-83982-Asn-UU,sortS400,tRNA
tmRNA_Pseu.aeru._AE004091_1-353,sortS400,tmRNA
tRNA_tdbR00000623-Escherichia_coli-562-Pro-CGG,sortS400,tRNA
RNaseP_ESH167E,sortS400,RNaseP
5s_Haloarcula-marismortui-1,sortS400,5s
srp_Call.jacc._GSP-9483,sortS400,srp
5s_Rubrivivax-gelatinosus-1,sortS400,5s
srp_Vibr.para._BA000031,sortS400,srp
tmRNA_Stre.pyog._TRW-1314-2_1-350,sortS400,tmRNA
16s_B.subtilis_domain3,sortS400,16s
5s_Rhodococcus-fascians-2,sortS400,5s
tRNA_tdbR00000508-Thermus_thermophilus-274-Ini-CAU,sortS400,tRNA
tRNA_tdbR00000564-Drosophila_melanogaster-7227-Tyr-QPA,sortS400,tRNA
tmRNA_Pelo.carb._CP000142_1-358,sortS400,tmRNA
RNaseP_M.capricolum,sortS400,RNaseP
srp_Phyt.soja._GSP-67593,sortS400,srp
5s_Tremella-encephala-1,sortS400,5s
tRNA_tdbR00000499-Halobacterium_salinarum-2242-Ini-CAU,sortS400,tRNA
tRNA_tdbR00000538-Asterina_amurensis-69830-Ini-CAU,sortS400,tRNA
tmRNA_Chro.viol._AE016825_1-365,sortS400,tmRNA
srp_Gloe.viol._BA000045,sortS400,srp
tmRNA_Acti.pleu._TRW-44294_1-366,sortS400,tmRNA
23s_H.pylori_domain3,sortS400,23s
srp_Sene.crue._SDB-189209,sortS400,srp
5s_Paramecium-tetraurelia-1,sortS400,5s
5s_Mycoplasma-gallisepticum-2,sortS400,5s
RNaseP_Onchorhynchus-1,sortS400,RNaseP
tRNA_tdbR00000345-Homo_sapiens-9606-Gln-NUG,sortS400,tRNA
srp_Lyco.escu._Z29110,sortS400,srp
grp1_a.I1.b.Phormidium.sp.N182.C3.tLEU,sortS400,grp1
5s_Methanolobus-tindarius-1,sortS400,5s
tmRNA_Bloc.penn._CP000016_1-392,sortS400,tmRNA
5s_Hyphomonas-oligotropha-1,sortS400,5s
tmRNA_Deha.ethe._CP000027_1-352,sortS400,tmRNA
tmRNA_Ther.elon._BA000039_1-386,sortS400,tmRNA
tRNA_tdbR00000036-Euglena_gracilis-3039-Asp-GUC,sortS400,tRNA
5s_Oryza-sativa-2,sortS400,5s
16s_C.psittaci_domain2,sortS400,16s
tmRNA_Phot.prof._CR378665_1-368,sortS400,tmRNA
tmRNA_Heli.pylo._TRW-85963_1-386,sortS400,tmRNA
RNaseP_M.maripaludus,sortS400,RNaseP
srp_Medi.trun._CX540689,sortS400,srp
5s_Pichia-angusta-1,sortS400,5s
tmRNA_Heli.must._DQ250625_1-366,sortS400,tmRNA
RNaseP_M.barkeri,sortS400,RNaseP
tmRNA_Camp.fetu._AY211269_1-361,sortS400,tmRNA
srp_Leis.majo._SDB-347515,sortS400,srp
tmRNA_Urea.parv._AE002154_1-413,sortS400,tmRNA
tRNA_tdbR00000555-Saccharomyces_cerevisiae-4932-Tyr-GPA,sortS400,tRNA
srp_Proc.spec._AJ011025,sortS400,srp
16s_G.intestinalis_domain1,sortS400,16s
RNaseP_SM-A1932,sortS400,RNaseP
tRNA_tdbR00000546-Escherichia_coli-562-Tyr-QUA,sortS400,tRNA
tRNA_tdbR00000378-Mus_musculus-10090-Arg-ICG,sortS400,tRNA
tRNA_tdbR00000164-Saccharomyces_cerevisiae-4932-Ile-GAU,sortS400,tRNA
tRNA_tdbR00000221-Escherichia_coli-562-Leu-CAG,sortS400,tRNA
5s_Neurospora-intermedia-1,sortS400,5s
RNaseP_SM-A2642,sortS400,RNaseP
RNaseP_M.pneumoniae,sortS400,RNaseP
tmRNA_Tric.eryt._CP000393_1-398,sortS400,tmRNA
5s_Legionella-pneumophila-3,sortS400,5s
tmRNA_Cory.diph._BX248356_1-385,sortS400,tmRNA
grp1_a.I1.c.A.cherimola.C3.tLEU,sortS400,grp1
tRNA_tdbR00000167-Aedes_albopictus-7160-Ile-GAU,sortS400,tRNA
tmRNA_Syne.spec._TRW-32049_1-396,sortS400,tmRNA
tmRNA_Desu.desu._CP000112_1-360,sortS400,tmRNA
tmRNA_Myco.lepr._AL583919_1-366,sortS400,tmRNA
RNaseP_B.megaterium,sortS400,RNaseP
tRNA_tdbR00000169-Homo_sapiens-9606-Ile-GAU,sortS400,tRNA
tRNA_tdbR00000120-Salmonella_typhimurium-602-Gly-CCC,sortS400,tRNA
16s_H.volcanii_domain1,sortS400,16s
srp_Oryz.sati._AP008207,sortS400,srp
srp_Buch.aphi._AE013218,sortS400,srp
tmRNA_Borr.gari._CP000013_1-363,sortS400,tmRNA
5s_Sterkiella-nova-1,sortS400,5s
5s_Streptomyces-coelicolor-5,sortS400,5s
5s_Wolbachia-pipientis-1,sortS400,5s
tRNA_tdbR00000332-Escherichia_coli-562-Gln-CUG,sortS400,tRNA
5s_Leifsonia-xyli-1,sortS400,5s
tRNA_tdbR00000128-Halocynthia_roretzi-7729-Gly-GCU,sortS400,tRNA
srp_Sulf.solf._Y08257,sortS400,srp
RNaseP_F.yabuuchiae,sortS400,RNaseP
tRNA_tdbR00000347-Enterobacteria_phage_T4-10665-Arg-NCU,sortS400,tRNA
RNaseP_ESH30-3,sortS400,RNaseP
RNaseP_CPB141,sortS400,RNaseP
tmRNA_Lact.brev._CP000416_1-372,sortS400,tmRNA
5s_Cyanidium-caldarium-1,sortS400,5s
tRNA_tdbR00000313-Haloferax_volcanii-2246-Pro-UGG,sortS400,tRNA
tmRNA_Myco.tube._TRW-164513_1-368,sortS400,tmRNA
5s_Mycoplasma-genitalium-1,sortS400,5s
tRNA_tdbR00000468-Lupinus_luteus-3873-Val-IAC,sortS400,tRNA
5s_Planocera-reticulata-1,sortS400,5s
5s_Ascobolus-immersus-1,sortS400,5s
5s_Caulobacter-sp.-7,sortS400,5s
srp_Heli.pylo._BD010626,sortS400,srp
tmRNA_Clos.perf._AP003190_1-358,sortS400,tmRNA
grp1_a.I1.e.S.sclerotiorum_1837.C1.LSU.798,sortS400,grp1
srp_Shig.flex._CP000266,sortS400,srp
5s_Asterias-vulgaris-1,sortS400,5s
tRNA_tdbR00000292-Haloferax_volcanii-2246-Asn-GUU,sortS400,tRNA
5s_Gemm_obscuB,sortS400,5s
RNaseP_SM-A06,sortS400,RNaseP
16s_C.reinhardtii.mito_domain2,sortS400,16s
srp_Scle.scle._GSP-325569,sortS400,srp
tmRNA_Yers.fred._TRW-349966_1-363,sortS400,tmRNA
RNaseP_SL1-1,sortS400,RNaseP
tmRNA_Nitr.ocea._CP000127_1-361,sortS400,tmRNA
5s_Methanolobus-tindarius-2,sortS400,5s
srp_Myco.capr._CP000123,sortS400,srp
srp_Haem.ducr._U32175,sortS400,srp
tmRNA_Buch.aphi._AE016826_1-367,sortS400,tmRNA
5s_Pimelobacter-simplex-1,sortS400,5s
RNaseP_vHge3-5,sortS400,RNaseP
tmRNA_Nost.punc._TRW-63737_1-390,sortS400,tmRNA
tmRNA_Rals.eutr._CP000090_1-360,sortS400,tmRNA
srp_Lact.delb._AF496545,sortS400,srp
tmRNA_Shew.spec._CP000446_1-355,sortS400,tmRNA
RNaseP_S.viridis-K73T,sortS400,RNaseP
srp_Trop.whip._BX251412,sortS400,srp
tmRNA_Ther.fusc._CP000088_1-372,sortS400,tmRNA
tRNA_tdbR00000394-Escherichia_coli-562-Ser-VGA,sortS400,tRNA
grp1_a.I1.e.P.clavariiformis.C1.SSU.943,sortS400,grp1
5s_Myxococcus-coralloides-1,sortS400,5s
tmRNA_Croc.wats._TRW-165597_1-386,sortS400,tmRNA
RNaseP_B.subtilis-g,sortS400,RNaseP
tmRNA_Shig.flex._CP000266_1-363,sortS400,tmRNA
5s_Zygoascus-hellenicus-1,sortS400,5s
tmRNA_Xyle.fast._TRW-155919_1-355,sortS400,tmRNA
tRNA_tdbR00000583-Aeropyrum_pernix-56636-Cys-GCA,sortS400,tRNA
tmRNA_Lept.spec._TRW-261386_1-359,sortS400,tmRNA
grp1_a.I1.e.G.planctonica.C1.SSU.943,sortS400,grp1
5s_Desulfurococcus-mobilis-1,sortS400,5s
srp_Gynu.aura._SDB-109565,sortS400,srp
5s_Oceanobacillus-iheyensis-4,sortS400,5s
5s_Lentinula-edodes-2,sortS400,5s
tRNA_tdbR00000270-Avian_myeloblastosis_virus-11866-Met-BAU,sortS400,tRNA
16s_C.psittaci_domain3,sortS400,16s
srp_Plas.yoel._GSP-352914,sortS400,srp
srp_Trit.aest._X13915,sortS400,srp
RNaseP_SM-A2033,sortS400,RNaseP
5s_Paracentrotus-lividus-2,sortS400,5s
23s_T.thermophilus_domain3,sortS400,23s
tRNA_tdbR00000236-Neurospora_crassa-5141-Leu-UAG,sortS400,tRNA
RNaseP_T.delbrueckii,sortS400,RNaseP
5s_Candidatus-Tremblaya-princeps-3,sortS400,5s
RNaseP_N.plantarum,sortS400,RNaseP
tRNA_tdbR00000229-Glycine_max-3847-Leu-JAA,sortS400,tRNA
tRNA_tdbR00000466-Saccharomyces_cerevisiae-4932-Val-AC,sortS400,tRNA
tRNA_tdbR00000031-Rattus_norvegicus-10116-Asp-QUC,sortS400,tRNA
tmRNA_List.seel._AF440350_1-321,sortS400,tmRNA
telomerase_AF147806.247-692,sortS400,telomerase
grp1_a.I1.e.P.carinii.Pc3.C1.LSU.1921,sortS400,grp1
tmRNA_Shew.deni._CP000302_1-355,sortS400,tmRNA
srp_Lotu.corn._AP006123,sortS400,srp
tRNA_tdbR00000108-Haloferax_volcanii-2246-Gly-GCC,sortS400,tRNA
RNaseP_CPA62,sortS400,RNaseP
5s_Vibrio-cyclosites-1,sortS400,5s
tmRNA_Pseu.halo._CR954246_1-357,sortS400,tmRNA
16s_T.maritima_domain2,sortS400,16s
grp1_b.I1.e.C.saccharophila.C1.SSU.156,sortS400,grp1
16s_M.polymorpha_domain2,sortS400,16s
tmRNA_Aqui.aeol._AE000749_1-344,sortS400,tmRNA
tRNA_tdbR00000056-Hordeum_vulgare-4513-Glu-UPC,sortS400,tRNA
tRNA_tdbR00000504-Mycoplasma_capricolum-2095-Ini-CAU,sortS400,tRNA
5s_Rhodobacter-capsulatus-3,sortS400,5s
srp_Bras.oler._GSP-109376,sortS400,srp
16s_A.pyrophilus_domain4,sortS400,16s
tmRNA_Leuc.mese._AF375574_1-307,sortS400,tmRNA
tRNA_tdbR00000339-Tetrahymena_thermophila-5911-Gln-JUG,sortS400,tRNA
grp1_a.I1.e.U.maydis.C1.SSU.943,sortS400,grp1
srp_Plas.falc._AE014819,sortS400,srp
5s_Mycoplasma-flocculare-1,sortS400,5s
tmRNA_Burk.ceno._TRW-216591_1-370,sortS400,tmRNA
tRNA_tdbR00000126-Halocynthia_roretzi-7729-Gly-NCU,sortS400,tRNA
srp_Chla.trac._AE001298,sortS400,srp
srp_Vibr.fisc._CP000020,sortS400,srp
tRNA_tdbR00000152-Haloferax_volcanii-2246-Ile-NAU,sortS400,tRNA
5s_Acremonium-persicinum-1,sortS400,5s
RNaseP_Saccharomonospora-K180,sortS400,RNaseP
5s_Hyphomicrobium-vulgare-1,sortS400,5s
grp1_a.I1.c.S.bicolor.C3.tLEU,sortS400,grp1
srp_Proc.mari._BX572096,sortS400,srp
5s_Ureaplasma-parvum-2,sortS400,5s
RNaseP_D.radiodurans-g,sortS400,RNaseP
srp_Toxo.gond._GSP-398031,sortS400,srp
tmRNA_Borr.burg._TRW-224326_1-362,sortS400,tmRNA
RNaseP_C.psittaci,sortS400,RNaseP
RNaseP_N.albus,sortS400,RNaseP
tRNA_tdbR00000173-Bombyx_mori-7091-Ile-IAU,sortS400,tRNA
tRNA_tdbR00000020-Escherichia_coli-562-Cys-GCA,sortS400,tRNA
tRNA_tdbR00000205-Loligo_bleekeri-6617-Lys-NUU,sortS400,tRNA
5s_Distigma-proteus-1,sortS400,5s
srp_Yers.pest._CP000668,sortS400,srp
RNaseP_SMB-A3,sortS400,RNaseP
tmRNA_Myco.myco._BX842642_1-411,sortS400,tmRNA
srp_Lotu.corn._AP006364,sortS400,srp
tRNA_tdbR00000194-Triticum_aestivum-4565-Lys-CUU,sortS400,tRNA
5s_Andrias-davidianus-1,sortS400,5s
5s_Clostridium-acetobutylicum-3,sortS400,5s
RNaseP_L.acidophilus,sortS400,RNaseP
tmRNA_Trem.prin._AF481102_1-264,sortS400,tmRNA
grp1_a.I1.e.G.spirotaenia.C1.SSU.1506,sortS400,grp1
srp_Psyc.cryo._CP000323,sortS400,srp
tRNA_tdbR00000543-Bacillus_subtilis-1423-Tyr-QUA,sortS400,tRNA
tmRNA_Haem.somn._CP000436_1-367,sortS400,tmRNA
16s_C.reinhardtii.chloro_domain4,sortS400,16s
grp1_a.I1.e.A.capsulatus.G186B.C1.SSU,sortS400,grp1
tmRNA_Prot.mira._TRW-584_1-367,sortS400,tmRNA
tRNA_tdbR00000607-Lupinus_luteus-3873-Leu-IAG,sortS400,tRNA
5s_Spirochaeta-aurantia-1,sortS400,5s
srp_Myco.myco._BX842642,sortS400,srp
srp_Nect.haem._GSP-71109,sortS400,srp
16s_P.occultum_domain2,sortS400,16s
tRNA_tdbR00000440-Neurospora_crassa-5141-Thr-UGU,sortS400,tRNA
RNaseP_L.weilii,sortS400,RNaseP
tmRNA_Stap.epid._TRW-1282-1_1-361,sortS400,tmRNA
5s_Streptomyces-nodosus-3,sortS400,5s
RNaseP_E.eschscholtzii-1,sortS400,RNaseP
RNaseP_S.castellii,sortS400,RNaseP
RNaseP_X.fastidiosa,sortS400,RNaseP
srp_Guil.thet._AF041468,sortS400,srp
RNaseP_E.coli-g,sortS400,RNaseP
tmRNA_uncu.bact._TRW-72274-1_1-359,sortS400,tmRNA
tRNA_tdbR00000251-Saccharomyces_cerevisiae-4932-Leu-UAA,sortS400,tRNA
tRNA_tdbR00000089-Brassica_napus-3708-Phe-AA,sortS400,tRNA
tRNA_tdbR00000013-Pichia_jadinii-4903-Ala-IGC,sortS400,tRNA
5s_Onchocerca-volvulus-1,sortS400,5s
5s_Acholeplasma-laidlawii-3,sortS400,5s
tRNA_tdbR00000541-Haloferax_volcanii-2246-Tyr-GUA,sortS400,tRNA
tRNA_tdbR00000252-Pichia_jadinii-4903-Leu-BAA,sortS400,tRNA
tRNA_tdbR00000384-Mycoplasma_capricolum-2095-Ser-GCU,sortS400,tRNA
srp_Zymo.mobi._AE008692,sortS400,srp
tmRNA_Bifi.long._TRW-206672_1-397,sortS400,tmRNA
grp1_a.I1.m.M.grisea.B2.ND1,sortS400,grp1
tmRNA_Colw.psyc._CP000083_1-350,sortS400,tmRNA
srp_Geob.uran._CP000698,sortS400,srp
tmRNA_Cory.glut._BX927150_1-377,sortS400,tmRNA
tmRNA_Xyle.fast._TRW-155920_1-355,sortS400,tmRNA
tmRNA_Vibr.para._BA000031_1-368,sortS400,tmRNA
tmRNA_Chla.trac._AE001276_1-417,sortS400,tmRNA
5s_Euplotes-aediculatus-1,sortS400,5s
grp1_a.I1.e.C.saxonicum.C1.SSU.1506,sortS400,grp1
srp_Mus.musc._DQ285765,sortS400,srp
5s_Ustilago-maydis-1,sortS400,5s
telomerase_AF221939.99-544,sortS400,telomerase
5s_Thermomicrobium-roseum-1,sortS400,5s
srp_Stre.pyog._CP000056,sortS400,srp
telomerase_U85256.1-451,sortS400,telomerase
telomerase_AF221923.106-554,sortS400,telomerase
tmRNA_List.mono._TRW-169963_1-370,sortS400,tmRNA
grp1_a.I1.e.D.parva.C1.SSU.943,sortS400,grp1
tRNA_tdbR00000584-Aeropyrum_pernix-56636-Pro-GGG,sortS400,tRNA
RNaseP_purpleX,sortS400,RNaseP
tRNA_tdbR00000321-Saccharomyces_cerevisiae-4932-Pro-UGG,sortS400,tRNA
RNaseP_S.typhimurium,sortS400,RNaseP
RNaseP_CPA59,sortS400,RNaseP
RNaseP_SMB-A5,sortS400,RNaseP
tmRNA_Tann.fors._TRW-203275_1-400,sortS400,tmRNA
RNaseP_M.formicicum,sortS400,RNaseP
tRNA_tdbR00000206-Loligo_bleekeri-6617-Lys-UUU,sortS400,tRNA
RNaseP_P.horikoshi,sortS400,RNaseP
5s_Geobacillus-kaustophilus-7,sortS400,5s
tRNA_tdbR00000341-Rattus_norvegicus-10116-Gln-CUG,sortS400,tRNA
tmRNA_Yers.moll._TRW-349967_1-381,sortS400,tmRNA
tmRNA_Mari.aqua._TRW-351348_1-366,sortS400,tmRNA
RNaseP_Z.bailii,sortS400,RNaseP
tmRNA_Fran.tula._CP000437_1-421,sortS400,tmRNA
5s_Pyrococcus-furiosus-1,sortS400,5s
tRNA_tdbR00000474-Drosophila_melanogaster-7227-Val-NAC,sortS400,tRNA
5s_Methanopyrus-kandleri-1,sortS400,5s
tmRNA_Spir.citr._AM285321_1-424,sortS400,tmRNA
tRNA_tdbR00000519-Phaseolus_vulgaris-3885-Ini-CAU,sortS400,tRNA
srp_Myco.hyop._AE017244,sortS400,srp
grp1_a.I1.e.T.malaccensis.C1.LSU.1925,sortS400,grp1
tmRNA_Salm.ente._TRW-59204_1-363,sortS400,tmRNA
tmRNA_Meso.flor._AE017263_1-408,sortS400,tmRNA
tmRNA_Shew.putr._TRW-319224_1-356,sortS400,tmRNA
RNaseP_N.europaea,sortS400,RNaseP
tRNA_tdbR00000448-Halobacterium_salinarum-2242-Val-GAC,sortS400,tRNA
5s_Mycoplasma-haemofelis-1,sortS400,5s
RNaseP_S.kluyveri,sortS400,RNaseP
5s_Brevibacterium-casei-1,sortS400,5s
5s_Rhizoctonia-globularis-1,sortS400,5s
RNaseP_S.glauca-K194,sortS400,RNaseP
5s_Saccharomyces-pastorianus-1,sortS400,5s
tmRNA_Borr.burg._AE001118_1-359,sortS400,tmRNA
srp_Leis.aeth._AY722730,sortS400,srp
5s_Saccharomonospora-cyanea-1,sortS400,5s
tmRNA_List.ivan._AF440342_1-321,sortS400,tmRNA
tmRNA_Stre.gord._TRW-29390_1-349,sortS400,tmRNA
5s_Methanosarcina-barkeri-1,sortS400,5s
5s_Streptococcus-thermophilus-2,sortS400,5s
RNaseP_PS6,sortS400,RNaseP
srp_Zea.mays._CK700970,sortS400,srp
tmRNA_Psyc.cryo._CP000323_1-359,sortS400,tmRNA
telomerase_AF221924.105-538,sortS400,telomerase
tmRNA_Anab.vari._CP000117_1-390,sortS400,tmRNA
5s_Sandaracinobacter-sibiricus-1,sortS400,5s
5s_Nadsonia-fulvescens-1,sortS400,5s
RNaseP_T.thermophilus,sortS400,RNaseP
5s_Vitreoscilla-stercoraria-1,sortS400,5s
grp1_a.I1.e.S.paniceum.UNK.SSU.1210,sortS400,grp1
tmRNA_Trop.whip._BX251411_1-369,sortS400,tmRNA
srp_Oxyt.trif._GSP-99928,sortS400,srp
tmRNA_Haem.infl._TRW-262728_1-366,sortS400,tmRNA
tmRNA_Prop.acne._TRW-1747-1_1-371,sortS400,tmRNA
tmRNA_Neis.meni._TRW-272831_1-363,sortS400,tmRNA
5s_Protomyces-inundatus-1,sortS400,5s
16s_G.intestinalis_domain2,sortS400,16s
RNaseP_SM-A4065,sortS400,RNaseP
23s_E.coli_domain6,sortS400,23s
srp_Rhiz.etli._CP000133,sortS400,srp
RNaseP_R.capsulatus,sortS400,RNaseP
tmRNA_Ther.comm._TRW-289377_1-355,sortS400,tmRNA
srp_Cion.savi._BW551179,sortS400,srp
RNaseP_B.burgdorferi-g,sortS400,RNaseP
5s_Mycobacterium-smegmatis-3,sortS400,5s
RNaseP_SM-A03,sortS400,RNaseP
5s_Bursaphelenchus-mucronatus-1,sortS400,5s
srp_Lact.john._AE017201,sortS400,srp
srp_Zea.mays._X14661,sortS400,srp
tmRNA_Acid.ferr._TRW-243159_1-364,sortS400,tmRNA
5s_Deinococcus-radiodurans-2,sortS400,5s
srp_Leis.majo._AY722715,sortS400,srp
RNaseP_M.phosphovorus-JCM9380,sortS400,RNaseP
grp1_a.I1.e.T.cosmopolitanis.C1.LSU.1925,sortS400,grp1
tmRNA_Stre.pyog._AE006568_1-345,sortS400,tmRNA
16s_T.maritima_domain3,sortS400,16s
srp_Chlo.tepi._AE006470,sortS400,srp
5s_Rhodobacter-sphaeroides-2,sortS400,5s
srp_Pich.stip._CP000502,sortS400,srp
tmRNA_Syne.spec._AB003477_1-394,sortS400,tmRNA
RNaseP_S.glauca-L169T,sortS400,RNaseP
tRNA_tdbR00000551-Saccharomyces_cerevisiae-4932-Tyr-GUA,sortS400,tRNA
tmRNA_Chla.cavi._AE015925_1-425,sortS400,tmRNA
5s_Palmaria-palmata-1,sortS400,5s
srp_Sulf.solf._X17239,sortS400,srp
srp_Thei.parv._GSP-333668,sortS400,srp
tRNA_tdbR00000146-Lupinus_luteus-3873-His-GUG,sortS400,tRNA
RNaseP_M.thermolithotrophicus,sortS400,RNaseP
16s_H.sapiens.mito_domain4,sortS400,16s
5s_Nitrobacter-winogradskyi-1,sortS400,5s
5s_Thiobacillus-sp.-1,sortS400,5s
5s_Pichia-membranifaciens-1,sortS400,5s
tRNA_tdbR00000087-Hordeum_vulgare-4513-Phe-AA,sortS400,tRNA
RNaseP_LGA10,sortS400,RNaseP
5s_Fusarium-pseudograminearum-3,sortS400,5s
tRNA_tdbR00000082-Neurospora_crassa-5141-Phe-AA,sortS400,tRNA
grp1_a.I1.e.P.macrosporus.C1.SSU.943,sortS400,grp1
tRNA_tdbR00000617-Nanoarchaeum_equitans-160232-Gln-UUG,sortS400,tRNA
RNaseP_SM-A4977,sortS400,RNaseP
grp1_a.I1.e.L.dispersa.UNK.SSU.516,sortS400,grp1
RNaseP_A.brierleyi,sortS400,RNaseP
telomerase_AF221930.94-546,sortS400,telomerase
tmRNA_Pseu.fluo._TRW-216595_1-397,sortS400,tmRNA
RNaseP_Dermocarpa-PCC7437,sortS400,RNaseP
telomerase_AF221910.112-554,sortS400,telomerase
srp_Gald.sulp._GSP-130081,sortS400,srp
5s_Caulobacter-sp.-1,sortS400,5s
srp_Myco.geni._U39706,sortS400,srp
tRNA_tdbR00000337-Tetrahymena_thermophila-5911-Gln-CUA,sortS400,tRNA
tRNA_tdbR00000403-Bos_taurus-9913-Ser-UGA,sortS400,tRNA
5s_Ascobolus-immersus-2,sortS400,5s
grp1_a.I1.e.P.pachydermus.C1.SSU.943,sortS400,grp1
srp_Baci.anth._AE016879,sortS400,srp
RNaseP_PS1,sortS400,RNaseP
RNaseP_PS33,sortS400,RNaseP
srp_Chla.pneu._BA000008,sortS400,srp
tRNA_tdbR00000134-Bombyx_mori-7091-Gly-CC,sortS400,tRNA
5s_Neurospora-crassa-12,sortS400,5s
tRNA_tdbR00000348-Halobacterium_salinarum-2242-Arg-GCG,sortS400,tRNA
RNaseP_Onchorhynchus-sp-1,sortS400,RNaseP
srp_Cion.inte._BW088710,sortS400,srp
RNaseP_L.muta-1,sortS400,RNaseP
srp_Lyco.escu._Z29099,sortS400,srp
tRNA_tdbR00000425-Drosophila_melanogaster-7227-Ser-IGA,sortS400,tRNA
tRNA_tdbR00000385-Mycoplasma_capricolum-2095-Ser-UGA,sortS400,tRNA
srp_Picr.torr._AE017261,sortS400,srp
tRNA_tdbR00000488-Tetrahymena_thermophila-5911-Trp-CA,sortS400,tRNA
tRNA_tdbR00000547-Geobacillus_stearothermophilus-1422-Tyr-QUA,sortS400,tRNA
5s_Pneumocystis-carinii-1,sortS400,5s
tmRNA_Buch.aphi._AE013218_1-376,sortS400,tmRNA
5s_Proasellus-coxalis-1,sortS400,5s
RNaseP_A.fulgidus,sortS400,RNaseP
srp_Ther.teng._AE012978,sortS400,srp
srp_Trit.aest._CD897082,sortS400,srp
grp1_a.I1.e.B.yamatoana.JCM2896.C1.SSU.943,sortS400,grp1
5s_Chlamydophila-pneumoniae-3,sortS400,5s
5s_Haloferax-volcanii-3,sortS400,5s
tmRNA_Prev.inte._TRW-246198_1-400,sortS400,tmRNA
grp1_a.I1.e.A.capsulatus.G184B.C1.SSU,sortS400,grp1
srp_Shew.spec._CP000446,sortS400,srp
srp_Myco.mobi._AE017308,sortS400,srp
srp_Geob.kaus._BA000043,sortS400,srp
5s_Triticum-aestivum-1,sortS400,5s
5s_Eimeria-tenella-1,sortS400,5s
RNaseP_S.negevensis,sortS400,RNaseP
RNaseP_A.nidulans,sortS400,RNaseP
RNaseP_T.celerAL1,sortS400,RNaseP
tRNA_tdbR00000381-Haloferax_volcanii-2246-Ser-GCU,sortS400,tRNA
tmRNA_Stre.equi._TRW-40041_1-349,sortS400,tmRNA
RNaseP_PS4,sortS400,RNaseP
5s_Microtetraspora-glauca-1,sortS400,5s
RNaseP_EF,sortS400,RNaseP
RNaseP_VSDW,sortS400,RNaseP
5s_Symbiobacterium-thermophilum-3,sortS400,5s
tmRNA_Rubr.xyla._CP000386_1-360,sortS400,tmRNA
5s_Locusta-migratoria-1,sortS400,5s
srp_Geob.sulf._AE017180,sortS400,srp
RNaseP_S.bikiniensis,sortS400,RNaseP
srp_Thal.pseu._GSP-296543,sortS400,srp
RNaseP_Synechococcus-MINOS1,sortS400,RNaseP
RNaseP_K.pneumoniae,sortS400,RNaseP
srp_Plas.viva._GSP-31273,sortS400,srp
tmRNA_Pseu.puti._AE015451_1-399,sortS400,tmRNA
RNaseP_M.tuberculosis,sortS400,RNaseP
srp_Myco.lepr._AL583925,sortS400,srp
tRNA_tdbR00000079-Rattus_norvegicus-10116-Phe-GAA,sortS400,tRNA
5s_Caulobacter-spinosum-1,sortS400,5s
5s_Clavispora-opuntiae-1,sortS400,5s
tRNA_tdbR00000416-Nicotiana_rustica-4093-Ser-CGA,sortS400,tRNA
tmRNA_Stre.equi._TRW-1336_1-349,sortS400,tmRNA
grp1_a.I1.e.B.ciliata.JCM6865.C1.SSU.943,sortS400,grp1
RNaseP_SM-A07,sortS400,RNaseP
RNaseP_W.fluorescens,sortS400,RNaseP
srp_Synt.wolf._CP000448,sortS400,srp
5s_Corynebacterium-glutamicum-2,sortS400,5s
RNaseP_Halobacterium-NRC1,sortS400,RNaseP
tRNA_tdbR00000263-Rattus_norvegicus-10116-Leu-AA,sortS400,tRNA
tmRNA_Sacc.degr._CP000282_1-389,sortS400,tmRNA
5s_Streptococcus-pyogenes-4,sortS400,5s
RNaseP_Wolbachia-sp,sortS400,RNaseP
5s_Dipsacomyces-acuminosporus-1,sortS400,5s
tRNA_tdbR00000318-Salmonella_typhimurium-602-Pro-GGG,sortS400,tRNA
tRNA_tdbR00000021-Saccharomyces_cerevisiae-4932-Cys-GCA,sortS400,tRNA
RNaseP_K.thermotolerans,sortS400,RNaseP
tRNA_tdbR00000047-Escherichia_coli-562-Glu-SUC,sortS400,tRNA
tRNA_tdbR00000392-Escherichia_coli-562-Ser-GGA,sortS400,tRNA
tRNA_tdbR00000612-Sinorhizobium_meliloti-382-Trp-CCA,sortS400,tRNA
RNaseP_M.hyopneumoniae,sortS400,RNaseP
RNaseP_S.aureus,sortS400,RNaseP
5s_Vibrio-adaptatus-1,sortS400,5s
tRNA_tdbR00000175-Haloferax_volcanii-2246-Lys-NUU,sortS400,tRNA
5s_Actinokineospora-riparia-1,sortS400,5s
5s_Bacteroides-fragilis-2,sortS400,5s
tmRNA_Cyan.para._U30821_1-291,sortS400,tmRNA
tmRNA_Vibr.spec._TRW-345075_1-368,sortS400,tmRNA
srp_Lyco.escu._Z29105,sortS400,srp
grp1_a.I1.e.C.merochlorophea.UNK.SSU.1210,sortS400,grp1
tRNA_tdbR00000049-Chlamydomonas_reinhardtii-3055-Glu-NUC,sortS400,tRNA
tmRNA_Stre.suis._TRW-286604_1-348,sortS400,tmRNA
tmRNA_uncu.mari._TRW-363180_1-347,sortS400,tmRNA
5s_Methanosarcina-mazei-2,sortS400,5s
5s_Uthatobasidium-fusisporum-1,sortS400,5s
tRNA_tdbR00000184-Asterias_amurensis-7602-Lys-CUU,sortS400,tRNA
RNaseP_PS27,sortS400,RNaseP
tmRNA_Aero.hydr._AY442269_1-360,sortS400,tmRNA
tmRNA_Rals.sola._AL646052_1-360,sortS400,tmRNA
tmRNA_Soli.usit._CP000473_1-352,sortS400,tmRNA
RNaseP_S.fibuligera,sortS400,RNaseP
tmRNA_Bact.mari._TRW-97084_1-385,sortS400,tmRNA
srp_Shew.balt._CP000753,sortS400,srp
tmRNA_Burk.spec._CP000151_1-370,sortS400,tmRNA
srp_Stre.ther._CP000024,sortS400,srp
tRNA_tdbR00000254-Candida_cylindracea-44322-Leu-IAG,sortS400,tRNA
tmRNA_Ther.ther._TRW-300852_1-349,sortS400,tmRNA
RNaseP_R.palustris,sortS400,RNaseP
5s_Pyrococcus-furiosus-2,sortS400,5s
5s_Lactobacillus-acidophilus-1,sortS400,5s
tmRNA_Myco.capr._S67602_1-408,sortS400,tmRNA
5s_Rhodobacter-capsulatus-1,sortS400,5s
grp1_b.I1.e.M.anisopliae.3.C1.LSU.1921,sortS400,grp1
RNaseP_C.opuntiae,sortS400,RNaseP
16s_P.occultum_domain3,sortS400,16s
tmRNA_Kine.radi._TRW-266940_1-366,sortS400,tmRNA
grp1_a.I1.e.P.sarcinoidea.C1.SSU.943,sortS400,grp1
5s_Aurelia_aurita-1,sortS400,5s
srp_Enta.inva._GSP-370355,sortS400,srp
srp_Haem.infl._CP000671,sortS400,srp
5s_Weissella-viridescens-2,sortS400,5s
tmRNA_Acid.caps._TRW-240015_1-352,sortS400,tmRNA
5s_Porphyra-umbilicalis-1,sortS400,5s
tmRNA_Stap.aure._TRW-1280_1-362,sortS400,tmRNA
RNaseP_P.vulgaris,sortS400,RNaseP
grp1_a.I1.e.P.macrosporus.C1.SSU.1506,sortS400,grp1
tRNA_tdbR00000265-Bos_taurus-9913-Leu-IAG,sortS400,tRNA
RNaseP_B.brevis,sortS400,RNaseP
tRNA_tdbR00000463-Bos_taurus-9913-Val-UAC,sortS400,tRNA
tRNA_tdbR00000493-Bos_taurus-9913-Trp-NCA,sortS400,tRNA
5s_Thermus-sp.-1,sortS400,5s
RNaseP_PS24,sortS400,RNaseP
tRNA_tdbR00000267-Bos_taurus-9913-Leu-IAG,sortS400,tRNA
RNaseP_M.leprae,sortS400,RNaseP
5s_Asellus-aquaticus-1,sortS400,5s
5s_Streptococcus-mutans-3,sortS400,5s
RNaseP_SM-A3761,sortS400,RNaseP
tRNA_tdbR00000383-Haloferax_volcanii-2246-Ser-GGA,sortS400,tRNA
srp_Stre.pyog._CP000261,sortS400,srp
tmRNA_Citr.rode._TRW-67825_1-365,sortS400,tmRNA
tRNA_tdbR00000574-Leishmania_tarentolae-5689-Trp-CCA,sortS400,tRNA
srp_Lact.brev._CP000416,sortS400,srp
tRNA_tdbR00000516-Spinacia_oleracea-3562-Ini-CAU,sortS400,tRNA
tmRNA_Rumi.albu._TRW-246199_1-354,sortS400,tmRNA
tmRNA_Camp.upsa._TRW-306264_1-359,sortS400,tmRNA
tmRNA_Lact.acid._CP000033_1-369,sortS400,tmRNA
tRNA_tdbR00000088-Triticum_aestivum-4565-Phe-AA,sortS400,tRNA
RNaseP_A.pernix,sortS400,RNaseP
tmRNA_Guil.thet._AF041468_1-327,sortS400,tmRNA
tRNA_tdbR00000580-Aeropyrum_pernix-56636-Lys-UUU,sortS400,tRNA
5s_Idiomarina-loihiensis-2,sortS400,5s
tmRNA_Nitr.euro._BX321865_1-360,sortS400,tmRNA
tRNA_tdbR00000191-Mesocricetus_auratus-10036-Lys-NUU,sortS400,tRNA
RNaseP_CPB73,sortS400,RNaseP
srp_Myco.geni._BD439871,sortS400,srp
tRNA_tdbR00000449-Haloferax_volcanii-2246-Val-CAC,sortS400,tRNA
tmRNA_Chla.trac._TRW-813-2_1-420,sortS400,tmRNA
tRNA_tdbR00000142-Saccharomyces_cerevisiae-4932-His-GUG,sortS400,tRNA
RNaseP_E.asper,sortS400,RNaseP
srp_Myco.tube._AE000516,sortS400,srp
5s_Porphyromonas-gingivalis-1,sortS400,5s
tRNA_tdbR00000243-Rattus_norvegicus-10116-Leu-UAG,sortS400,tRNA
RNaseP_U.urealyticum,sortS400,RNaseP
tRNA_tdbR00000326-Lupinus_luteus-3873-Pro-IGG,sortS400,tRNA
5s_Paenibacillus-popilliae-1,sortS400,5s
5s_Klebsormidium-flaccidum-1,sortS400,5s
srp_Stre.dysg._AJ489606,sortS400,srp
tRNA_tdbR00000311-Haloferax_volcanii-2246-Pro-MGG,sortS400,tRNA
16s_Z.mays_domain4,sortS400,16s
tRNA_tdbR00000110-Methanobacterium_thermaggregans-83982-Gly-GCC,sortS400,tRNA
tRNA_tdbR00000224-Rhodospirillum_rubrum-1085-Leu-CAA,sortS400,tRNA
RNaseP_Buchnera-APS,sortS400,RNaseP
tRNA_tdbR00000544-Bacillus_subtilis-1423-Tyr-QUA,sortS400,tRNA
RNaseP_L.ferrooxidans-CF,sortS400,RNaseP
tRNA_tdbR00000409-Candida_cylindracea-44322-Ser-CAG,sortS400,tRNA
tRNA_tdbR00000518-Saccharomyces_cerevisiae-4932-Ini-CAU,sortS400,tRNA
srp_Neph.oliv._AF137379,sortS400,srp
srp_Legi.pneu._CR628337,sortS400,srp
srp_Xyle.fast._AE012554,sortS400,srp
tmRNA_Syne.elon._TRW-32046_1-394,sortS400,tmRNA
RNaseP_ERH,sortS400,RNaseP
5s_Mycoplasma-gallisepticum-1,sortS400,5s
tmRNA_Cyto.hutc._CP000383_1-404,sortS400,tmRNA
RNaseP_V.cholera,sortS400,RNaseP
srp_Ocea.ihey._BA000028,sortS400,srp
tRNA_tdbR00000619-Toxoplasma_gondii-5811-Met-CAU,sortS400,tRNA
5s_Caulobacter-sp.-3,sortS400,5s
tmRNA_Cald.sacc._TRW-351627_1-368,sortS400,tmRNA
23s_T.thermophilus_domain6,sortS400,23s
16s_C.reinhardtii.mito_domain3,sortS400,16s
telomerase_AF221926.103-507,sortS400,telomerase
tmRNA_Pola.spec._CP000316_1-387,sortS400,tmRNA
tRNA_tdbR00000578-Leishmania_tarentolae-5689-Glu-3UC,sortS400,tRNA
RNaseP_S.cyanea-K168T,sortS400,RNaseP
5s_Streptosporangium-roseum-1,sortS400,5s
tRNA_tdbR00000308-Moloney_murine_leukemia_virus-11801-Pro-NGG,sortS400,tRNA
telomerase_AY312571.605-1069,sortS400,telomerase
srp_Chla.trac._CP000051,sortS400,srp
5s_Scenedesmus-obliquus-1,sortS400,5s
srp_Humu.lupu._X65984,sortS400,srp
tRNA_tdbR00000424-Drosophila_melanogaster-7227-Ser-GCU,sortS400,tRNA
tRNA_tdbR00000533-Drosophila_melanogaster-7227-Ini-CAU,sortS400,tRNA
grp1_a.I1.e.S.paniceum.UNK.SSU.287,sortS400,grp1
RNaseP_N.gregoryi,sortS400,RNaseP
tRNA_tdbR00000566-Homo_sapiens-9606-Tyr-9PA,sortS400,tRNA
srp_Desu.vulg._AE017285,sortS400,srp
telomerase_AF221918.97-547,sortS400,telomerase
tmRNA_Aqui.aeol._TRW-63363_1-347,sortS400,tmRNA
tmRNA_Emil.huxl._TRW-280463_1-291,sortS400,tmRNA
5s_Mycoplasma-pneumoniae-1,sortS400,5s
tRNA_tdbR00000135-Homo_sapiens-9606-Gly-CCC,sortS400,tRNA
srp_List.mono._AE017262,sortS400,srp
tRNA_tdbR00000127-Halocynthia_roretzi-7729-Gly-UCU,sortS400,tRNA
5s_Wolbachia-endosymbiont-of-B.-malayi-1,sortS400,5s
srp_Chla.pneu._AE002198,sortS400,srp
tmRNA_Aste.yell._TRW-322098_1-426,sortS400,tmRNA
tRNA_tdbR00000138-Haloferax_volcanii-2246-His-GUG,sortS400,tRNA
RNaseP_C.pneumoniae-AR39,sortS400,RNaseP
tmRNA_Prop.acne._TRW-1747-3_1-353,sortS400,tmRNA
5s_Treponema-denticola-1,sortS400,5s
srp_Clav.lusi._GSP-306902,sortS400,srp
tRNA_tdbR00000170-Saccharomyces_cerevisiae-4932-Ile-IAU,sortS400,tRNA
tRNA_tdbR00000398-Ascaris_suum-6253-Ser-UCU,sortS400,tRNA
tRNA_tdbR00000422-Rattus_norvegicus-10116-Ser-GCU,sortS400,tRNA
RNaseP_C.trachomatis-D,sortS400,RNaseP
grp1_a.I1.e.S.paniceum.UNK.SSU.114,sortS400,grp1
srp_Arab.thal._X72229,sortS400,srp
srp_Ther.mela._CP000716,sortS400,srp
16s_Z.mays_domain3,sortS400,16s
RNaseP_P.maris,sortS400,RNaseP
srp_Cory.glut._BX927148,sortS400,srp
srp_Xeno.laev._X01055,sortS400,srp
5s_Filobasidiella-neoformans-1,sortS400,5s
tRNA_tdbR00000464-Saccharomyces_cerevisiae-4932-Val-IAC,sortS400,tRNA
srp_Heli.annu._AJ828095,sortS400,srp
tmRNA_Clos.perf._TRW-195102_1-361,sortS400,tmRNA
5s_Silicibacter-pomeroyi-1,sortS400,5s
srp_Oryz.sati._AP003333,sortS400,srp
RNaseP_SM-A3254,sortS400,RNaseP
tmRNA_Nitr.mult._CP000103_1-362,sortS400,tmRNA
srp_Shew.loih._CP000606,sortS400,srp
5s_Tremella-mesenterica-1,sortS400,5s
tmRNA_Burk.fung._TRW-266265_1-370,sortS400,tmRNA
tRNA_tdbR00000562-Nicotiana_rustica-4093-Tyr-GPA,sortS400,tRNA
RNaseP_K.polysporus,sortS400,RNaseP
srp_Cand.glab._CR380957,sortS400,srp
grp1_a.I1.e.P.inouyei.C1.SSU.1506,sortS400,grp1
RNaseP_Rr327,sortS400,RNaseP
RNaseP_SM-A04,sortS400,RNaseP
tRNA_tdbR00000380-Halobacterium_salinarum-2242-Ser-MGA,sortS400,tRNA
tRNA_tdbR00000410-Candida_cylindracea-44322-Ser-GA,sortS400,tRNA
srp_Cory.jeik._CR931997,sortS400,srp
srp_Lyco.escu._Z29260,sortS400,srp
srp_Proc.mari._AE017165,sortS400,srp
tmRNA_Baci.subt._TRW-1423_1-363,sortS400,tmRNA
tRNA_tdbR00000171-Pichia_jadinii-4903-Ile-IAU,sortS400,tRNA
RNaseP_ESH212C,sortS400,RNaseP
5s_Xenopus-borealis-2,sortS400,5s
5s_Flavobacterium-johnsoniae-1,sortS400,5s
tRNA_tdbR00000423-Rattus_norvegicus-10116-Ser-IGA,sortS400,tRNA
tmRNA_Lept.spec._TRW-261385_1-359,sortS400,tmRNA
5s_Methanosarcina-vacuolata-1,sortS400,5s
tmRNA_Neis.meni._AL162755_1-360,sortS400,tmRNA
RNaseP_T.syrichta,sortS400,RNaseP
tRNA_tdbR00000114-Staphylococcus_epidermidis-1282-Gly-UCC,sortS400,tRNA
tRNA_tdbR00000390-Escherichia_coli-562-Ser-CGA,sortS400,tRNA
tRNA_tdbR00000573-Leishmania_tarentolae-5689-Gln-3UG,sortS400,tRNA
5s_Misgurnus-fossilis-14,sortS400,5s
srp_Sacc.cere._U18917,sortS400,srp
RNaseP_A.obstetricans,sortS400,RNaseP
srp_Hype.buty._CP000493,sortS400,srp
tRNA_tdbR00000181-Escherichia_coli-562-Lys-SUU,sortS400,tRNA
RNaseP_E.eschscholtzii-2,sortS400,RNaseP
RNaseP_S.caesia-SB22,sortS400,RNaseP
srp_Meth.ferv._S49762,sortS400,srp
5s_Burkholderia-pseudomallei-1,sortS400,5s
tmRNA_Erwi.caro._BX950851_1-363,sortS400,tmRNA
tRNA_tdbR00000069-Synechococcus_sp._PCC_7002-32049-Phe-GAA,sortS400,tRNA
5s_Lactobacillus-johnsonii-1,sortS400,5s
tmRNA_envi.sequ._TRW-300695-2_1-345,sortS400,tmRNA
tmRNA_envi.sequ._TRW-363179_1-348,sortS400,tmRNA
srp_Plas.berg._DC223613,sortS400,srp
5s_Micrococcus-luteus-4,sortS400,5s
RNaseP_Prochlorococcus-NATL1,sortS400,RNaseP
grp1_b.I1.e.M.anisopliae.2.C1.LSU.1921,sortS400,grp1
tRNA_tdbR00000262-Rattus_norvegicus-10116-Leu-AA,sortS400,tRNA
tRNA_tdbR00000426-Drosophila_melanogaster-7227-Ser-CGA,sortS400,tRNA
tmRNA_Lact.sake._AF400065_1-370,sortS400,tmRNA
tmRNA_Sulf.azor._TRW-204536_1-351,sortS400,tmRNA
tmRNA_Vibr.chol._AE004170_1-367,sortS400,tmRNA
tRNA_tdbR00000465-Saccharomyces_cerevisiae-4932-Val-CAC,sortS400,tRNA
srp_Pris.paci._GSP-54126,sortS400,srp
RNaseP_S.dairensis,sortS400,RNaseP
srp_Pyro.isla._CP000504,sortS400,srp
srp_Stap.epid._AX145149,sortS400,srp
5s_Caulobacter-sp.-5,sortS400,5s
tRNA_tdbR00000360-Codium_fragile-3133-Arg-ICG,sortS400,tRNA
5s_Limulus-polyphemus-1,sortS400,5s
tmRNA_Fran.tula._AM286280_1-421,sortS400,tmRNA
tRNA_tdbR00000382-Haloferax_volcanii-2246-Ser-MGA,sortS400,tRNA
tmRNA_Stap.aure._BA000017_1-362,sortS400,tmRNA
tRNA_tdbR00000445-Bos_taurus-9913-Thr-IGU,sortS400,tRNA
srp_Lept.coll._AF006750,sortS400,srp
5s_Wolinella-succinogenes-1,sortS400,5s
RNaseP_T.maritima-g,sortS400,RNaseP
RNaseP_Mxa1,sortS400,RNaseP
16s_H.volcanii_domain2,sortS400,16s
tmRNA_Stap.aure._AC074317_1-359,sortS400,tmRNA
5s_Gluconacetobacter-xylinus-1,sortS400,5s
tRNA_tdbR00000609-Chlamydomonas_reinhardtii-3055-Leu-UA7,sortS400,tRNA
srp_Baci.anth._AE017334,sortS400,srp
tRNA_tdbR00000091-Pisum_sativum-3888-Phe-AA,sortS400,tRNA
tmRNA_uncu.bact._TRW-72274-2_1-359,sortS400,tmRNA
srp_Arab.thal._AL161496,sortS400,srp
tRNA_tdbR00000160-Escherichia_coli-562-Ile-AU,sortS400,tRNA
5s_Halorubrum-distributum-3,sortS400,5s
5s_Pleurodeles-waltl-1,sortS400,5s
tRNA_tdbR00000393-Escherichia_coli-562-Ser-GGA,sortS400,tRNA
tmRNA_Chlo.aura._AY040836_1-361,sortS400,tmRNA
5s_Thermotoga-sp.-3,sortS400,5s
tRNA_tdbR00000051-Triticum_aestivum-4565-Glu-SPC,sortS400,tRNA
tmRNA_Prop.acne._AE017283_1-371,sortS400,tmRNA
tRNA_tdbR00000577-Leishmania_tarentolae-5689-Glu-CUC,sortS400,tRNA
srp_Baci.circ._D11419,sortS400,srp
5s_Brucella-suis-1,sortS400,5s
16s_C.psittaci_domain4,sortS400,16s
5s_Thiobacillus-thioparus-1,sortS400,5s
RNaseP_F.antarctica,sortS400,RNaseP
5s_Fusarium-sporotrichioides-1,sortS400,5s
tRNA_tdbR00000129-Saccharomyces_cerevisiae-4932-Gly-GCC,sortS400,tRNA
5s_Porphyra-yezoensis-1,sortS400,5s
srp_Fuso.nucl._AE009951,sortS400,srp
srp_Rals.meta._CP000352,sortS400,srp
tRNA_tdbR00000300-Saccharomyces_cerevisiae-4932-Asn-GUU,sortS400,tRNA
RNaseP_ESH183D,sortS400,RNaseP
tmRNA_Phot.asym._TRW-291112_1-364,sortS400,tmRNA
srp_Myco.smeg._CP000480,sortS400,srp
srp_Zea.mays._CF974802,sortS400,srp
16s_C.reinhardtii.mito_domain4,sortS400,16s
tRNA_tdbR00000399-Aedes_albopictus-7160-Ser-GCU,sortS400,tRNA
RNaseP_M.flocculare,sortS400,RNaseP
tmRNA_Clos.diff._TRW-367459_1-350,sortS400,tmRNA
srp_Baci.subt._X06803,sortS400,srp
5s_Drosophila-melanogaster-2,sortS400,5s
16s_F.ananassa_domain4,sortS400,16s
5s_Neurospora-crassa-11,sortS400,5s
tmRNA_Bact.frag._TRW-817_1-398,sortS400,tmRNA
srp_Kluy.lact._CR382126,sortS400,srp
tmRNA_uncu.bact._TRW-80840-3_1-379,sortS400,tmRNA
16s_S.cerevisiae_domain4,sortS400,16s
RNaseP_LGA6,sortS400,RNaseP
grp1_a.I1.e.A.adeninivorans.C1.LSU.2449,sortS400,grp1
srp_Aero.pern._BA000002,sortS400,srp
tmRNA_Neph.oliv._AF137379-2_1-327,sortS400,tmRNA
srp_Phae.nodo._GSP-321614,sortS400,srp
srp_Pyro.aero._AE009852,sortS400,srp
srp_Ther.petr._CP000702,sortS400,srp
RNaseP_U.stansburiana,sortS400,RNaseP
tRNA_tdbR00000232-Phaseolus_vulgaris-3885-Leu-NAA,sortS400,tRNA
tRNA_tdbR00000233-Phaseolus_vulgaris-3885-Leu-UA7,sortS400,tRNA
RNaseP_C.innocuum,sortS400,RNaseP
5s_Wigglesworthia-glossinidia-1,sortS400,5s
tRNA_tdbR00000486-Phaseolus_vulgaris-3885-Trp-BCA,sortS400,tRNA
RNaseP_P.purpurea-chloroplast,sortS400,RNaseP
tmRNA_Leuc.mese._CP000414_1-358,sortS400,tmRNA
RNaseP_Anabaena-PCC7120,sortS400,RNaseP
tRNA_tdbR00000605-Lupinus_luteus-3873-Leu-CAG,sortS400,tRNA
tmRNA_Stre.agal._TRW-1311_1-350,sortS400,tmRNA
tmRNA_Mann.succ._AE016827_1-367,sortS400,tmRNA
srp_Dani.rrer._CU179657,sortS400,srp
tRNA_tdbR00000387-Bacillus_subtilis-1423-Ser-5GA,sortS400,tRNA
tmRNA_Pseu.ento._CT573326_1-392,sortS400,tmRNA
tmRNA_Salm.typh._AY316313_1-363,sortS400,tmRNA
tmRNA_Stre.pneu._TRW-1313_1-348,sortS400,tmRNA
16s_P.staleyi_domain4,sortS400,16s
5s_Ralstonia-pickettii-1,sortS400,5s
5s_Methylobacterium-extorquens-1,sortS400,5s
tRNA_tdbR00000212-Haloferax_volcanii-2246-Leu-CAG,sortS400,tRNA
tmRNA_Pseu.aeru._CP000438_1-353,sortS400,tmRNA
RNaseP_T.pallidum,sortS400,RNaseP
5s_Burkholderia-cepacia-1,sortS400,5s
tmRNA_Grac.tenu._AY673996_1-396,sortS400,tmRNA
tRNA_tdbR00000521-Bos_taurus-9913-Ini-CAU,sortS400,tRNA
RNaseP_C.sporogenes,sortS400,RNaseP
tRNA_tdbR00000343-Mus_musculus-10090-Gln-CUG,sortS400,tRNA
5s_Parachlamydia-sp.-1,sortS400,5s
srp_Onch.volv._BF727619,sortS400,srp
srp_Sola.tube._DR037646,sortS400,srp
RNaseP_T.thioparus,sortS400,RNaseP
tmRNA_Myco.mobi._TRW-267748_1-376,sortS400,tmRNA
srp_Arab.thal._AC005311,sortS400,srp
tRNA_tdbR00000582-Aeropyrum_pernix-56636-Tyr-GUA,sortS400,tRNA
srp_Yarr.lipo._X51658,sortS400,srp
RNaseP_C.acetobutylicum,sortS400,RNaseP
5s_Erysipelothrix-tonsillarum-1,sortS400,5s
srp_Dein.radi._AE002056,sortS400,srp
RNaseP_Prochlorococcus-PAC1B,sortS400,RNaseP
tmRNA_Stap.aure._BA000018_1-362,sortS400,tmRNA
5s_Mycobacterium-tuberculosis-1,sortS400,5s
srp_Myco.hyop._AE017332,sortS400,srp
5s_Cryptomonas-paramecium-1,sortS400,5s
RNaseP_TP1,sortS400,RNaseP
tmRNA_Neis.meni._TRW-122587_1-363,sortS400,tmRNA
RNaseP_CPA58,sortS400,RNaseP
5s_Roseococcus-thiosulfatophilus-2,sortS400,5s
telomerase_AF221914.112-589,sortS400,telomerase
RNaseP_SM-A1621,sortS400,RNaseP
tmRNA_Stap.aure._BX571857_1-362,sortS400,tmRNA
RNaseP_SM-A2135,sortS400,RNaseP
srp_Meth.kand._AE010387,sortS400,srp
RNaseP_CPA49,sortS400,RNaseP
5s_T_cruziE,sortS400,5s
tRNA_tdbR00000033-Didelphis_virginiana-9267-Asp-QUC,sortS400,tRNA
tmRNA_Camp.jeju._AL139078_1-356,sortS400,tmRNA
5s_Bacteroides-fragilis-5,sortS400,5s
tmRNA_envi.sequ._TRW-2-1_1-365,sortS400,tmRNA
tmRNA_Desu.vulg._AE017285_1-352,sortS400,tmRNA
srp_Heli.exil._EE659686,sortS400,srp
RNaseP_S.lividans,sortS400,RNaseP
srp_Heli.pylo._AE001441,sortS400,srp
srp_Sili.pome._CP000031,sortS400,srp
tmRNA_Psyc.arct._CP000082_1-359,sortS400,tmRNA
tRNA_tdbR00000032-Rattus_norvegicus-10116-Asp-GUC,sortS400,tRNA
5s_Caulobacter-sp.-4,sortS400,5s
RNaseP_CPB7776,sortS400,RNaseP
telomerase_AF221937.99-545,sortS400,telomerase
RNaseP_SM-A4674,sortS400,RNaseP
RNaseP_P.alcalifaciens,sortS400,RNaseP
grp1_a.I1.e.C.merochlorophea.UNK.SSU.1389,sortS400,grp1
5s_Methanospirillum-hungatei-1,sortS400,5s
5s_Verrucomicrobium-spinosum-1,sortS400,5s
RNaseP_A.tumefaciens,sortS400,RNaseP
RNaseP_A.fastidiosum,sortS400,RNaseP
grp1_a.I1.e.L.dispersa.UNK.SSU.114,sortS400,grp1
5s_Aplysia-kurodai-1,sortS400,5s
RNaseP_H.mobilis,sortS400,RNaseP
RNaseP_M.thermoautotrophicumDH-g,sortS400,RNaseP
srp_Lact.john._AE017198,sortS400,srp
srp_Plas.falc._EF690554,sortS400,srp
tmRNA_Lact.delb._TRW-321956_1-362,sortS400,tmRNA
RNaseP_PF101,sortS400,RNaseP
tmRNA_Myco.Bxz1._AY129337_1-437,sortS400,tmRNA
tRNA_tdbR00000145-Saccharomyces_cerevisiae-4932-His-GUG,sortS400,tRNA
16s_B.burgdorferi_domain2,sortS400,16s
RNaseP_C.difficile,sortS400,RNaseP
RNaseP_SMB-B1,sortS400,RNaseP
grp1_a.I1.m.S.luteus.A1.LSU.2504,sortS400,grp1
RNaseP_WA1,sortS400,RNaseP
RNaseP_CPB70,sortS400,RNaseP
5s_Natronomonas-pharaonis-2,sortS400,5s
srp_Tric.rees._GSP-334564-1,sortS400,srp
tRNA_tdbR00000288-Mus_musculus-10090-Met-BAU,sortS400,tRNA
5s_Ascaris-suum-1,sortS400,5s
RNaseP_D.radiodurans,sortS400,RNaseP
tRNA_tdbR00000147-Drosophila_melanogaster-7227-His-GUG,sortS400,tRNA
tRNA_tdbR00000611-Sinorhizobium_meliloti-382-His-GUG,sortS400,tRNA
5s_Natrinema-sp.-1,sortS400,5s
srp_Dich.nodo._CP000513,sortS400,srp
tRNA_tdbR00000513-Synechococcus_elongatus_PCC_6301-269084-Ini-CAU,sortS400,tRNA
RNaseP_LGA2,sortS400,RNaseP
5s_Chlorobium-limicola-1,sortS400,5s
srp_Humu.japo._X65990,sortS400,srp
5s_Vitreoscilla-beggiatoides-1,sortS400,5s
tmRNA_Copr.prot._TRW-351627_1-353,sortS400,tmRNA
tmRNA_Rubr.xyla._TRW-266117_1-360,sortS400,tmRNA
5s_Pseudomonas-aeruginosa-3,sortS400,5s
tmRNA_Bord.para._TRW-257311_1-387,sortS400,tmRNA
RNaseP_E.faecalis-2,sortS400,RNaseP
5s_Cyanophora-paradoxa-1,sortS400,5s
srp_Anab.vari._CP000117,sortS400,srp
tmRNA_Dein.geot._CP000359_1-348,sortS400,tmRNA
telomerase_AF221925.98-540,sortS400,telomerase
RNaseP_SM-A4876,sortS400,RNaseP
tRNA_tdbR00000046-Escherichia_coli-562-Glu-SUC,sortS400,tRNA
5s_Chlorobium-phaeobacteroides-1,sortS400,5s
5s_Streptomyces-griseus-3,sortS400,5s
RNaseP_Z.rouxii,sortS400,RNaseP
5s_Sporosarcina-ureae-1,sortS400,5s
RNaseP_M.genitalium,sortS400,RNaseP
tmRNA_List.mono._TRW-1639-1_1-370,sortS400,tmRNA
tmRNA_uncu.bact._TRW-45456_1-408,sortS400,tmRNA
5s_Schizosaccharomyces-pombe-3,sortS400,5s
tmRNA_Acti.naes._TRW-240017_1-371,sortS400,tmRNA
5s_Mycoplasma-mycoides-1,sortS400,5s
5s_Spiroplasma-melliferum-1,sortS400,5s
tmRNA_Clav.mich._TRW-31964_1-376,sortS400,tmRNA
5s_Porphyra-tenera-1,sortS400,5s
RNaseP_SM-A1315,sortS400,RNaseP
tmRNA_Heli.pylo._AE000590_1-383,sortS400,tmRNA
srp_Ashb.goss._AE016819,sortS400,srp
RNaseP_SMB-B4,sortS400,RNaseP
tmRNA_Burk.xeno._CP000270_1-370,sortS400,tmRNA
5s_Lactobacillus-delbrueckii-2,sortS400,5s
5s_Xenopus-tropicalis-2,sortS400,5s
5s_Candidatus-Pelagibacter-ubique-1,sortS400,5s
5s_Methanothermobacter-thermautotrophicus-1,sortS400,5s
5s_Taxus-baccata-1,sortS400,5s
RNaseP_Oscillatoria-PCC7515,sortS400,RNaseP
tmRNA_Acti.acti._TRW-272556_1-366,sortS400,tmRNA
srp_Syne.spec._BA000022,sortS400,srp
5s_uncultured-euryarchaeote-37F11-1,sortS400,5s
srp_Hist.caps._GSP-278162,sortS400,srp
RNaseP_Prochlorococcus-PCC9511,sortS400,RNaseP
5s_Thermoactinomyces-vulgaris-1,sortS400,5s
16s_H.volcanii_domain4,sortS400,16s
srp_Trit.aest._CA718249,sortS400,srp
tRNA_tdbR00000323-Saccharomyces_cerevisiae-4932-Pro-NGG,sortS400,tRNA
23s_E.coli_domain4,sortS400,23s
tmRNA_Camp.jeju._AX048472_1-359,sortS400,tmRNA
tmRNA_Pedi.pent._CP000422_1-369,sortS400,tmRNA
tRNA_tdbR00000367-Bos_taurus-9913-Arg-UCG,sortS400,tRNA
5s_Methylococcus-capsulatus-3,sortS400,5s
5s_Isosphaera-pallida-1,sortS400,5s
5s_Haloarcula-marismortui-2,sortS400,5s
5s_Shigella-flexneri-3,sortS400,5s
RNaseP_EM14b-9,sortS400,RNaseP
5s_Psilotum-nudum-1,sortS400,5s
grp1_a.I1.e.L.dispersa.UNK.SSU.287,sortS400,grp1
telomerase_AF221921.98-548,sortS400,telomerase
telomerase_AF221920.99-541,sortS400,telomerase
RNaseP_M.jannaschii,sortS400,RNaseP
tmRNA_Carb.hydr._CP000141_1-359,sortS400,tmRNA
tmRNA_Shew.onei._AX048560_1-355,sortS400,tmRNA
tRNA_tdbR00000219-Bacillus_subtilis-1423-Leu-CAG,sortS400,tRNA
tRNA_tdbR00000351-Haloferax_volcanii-2246-Arg-NCG,sortS400,tRNA
srp_Stro.purp._GSP-7668,sortS400,srp
tmRNA_Lact.case._CP000423_1-364,sortS400,tmRNA
grp1_a.I1.e.P.carinii.Pc2.C1.LSU.1921,sortS400,grp1
srp_Myco.capr._S67588,sortS400,srp
RNaseP_P126,sortS400,RNaseP
srp_Cyan.mero._AB002583,sortS400,srp
RNaseP_Onchorhynchus-2,sortS400,RNaseP
tmRNA_Chro.sale._CP000285_1-380,sortS400,tmRNA
tRNA_tdbR00000218-Mycoplasma_capricolum-2095-Leu-UAG,sortS400,tRNA
srp_Cyan.mero._AY286123,sortS400,srp
RNaseP_S.faciem,sortS400,RNaseP
telomerase_AF221906.96-545,sortS400,telomerase
telomerase_AF221936.98-540,sortS400,telomerase
tmRNA_Nost.spec._BA000019_1-390,sortS400,tmRNA
srp_Ther.fusc._CP000088,sortS400,srp
tmRNA_Haem.infl._U32808_1-366,sortS400,tmRNA
5s_Streptomyces-coelicolor-6,sortS400,5s
RNaseP_P.putida,sortS400,RNaseP
RNaseP_Synechococcus-PCC7001,sortS400,RNaseP
5s_Borrelia-burgdorferi-1,sortS400,5s
tmRNA_Vibr.vuln._AE016795_1-367,sortS400,tmRNA
tmRNA_Stre.aure._AY616521_1-382,sortS400,tmRNA
16s_S.cerevisiae_domain3,sortS400,16s
RNaseP_E1B,sortS400,RNaseP
RNaseP_Synechococcus-PCC7942,sortS400,RNaseP
5s_Geodermatophilus-obscurus-1,sortS400,5s
srp_Stre.suis._CP000408,sortS400,srp
tRNA_tdbR00000057-Hordeum_vulgare-4513-Glu-CPC,sortS400,tRNA
RNaseP_S.marcescens,sortS400,RNaseP
srp_Volv.cart._GSP-51971-2,sortS400,srp
srp_Meth.bark._CP000099,sortS400,srp
srp_Pseu.syri._CP000058,sortS400,srp
tRNA_tdbR00000228-Glycine_max-3847-Leu-BAA,sortS400,tRNA
srp_Meso.viri._AF166114,sortS400,srp
tmRNA_Trep.pall._TRW-243276_1-354,sortS400,tmRNA
5s_Flectobacillus-major-1,sortS400,5s
tRNA_tdbR00000322-Phaseolus_vulgaris-3885-Pro-UGG,sortS400,tRNA
tmRNA_Odon.sine._Z67753_1-368,sortS400,tmRNA
tmRNA_Burk.viet._TRW-269482_1-370,sortS400,tmRNA
tRNA_tdbR00000586-Aeropyrum_pernix-56636-Met-CAU,sortS400,tRNA
grp1_a.I1.e.D.salina.C1.SSU.943,sortS400,grp1
5s_Streptococcus-salivarius-1,sortS400,5s
5s_Nanoarchaeum-equitans-1,sortS400,5s
RNaseP_SM-A3355,sortS400,RNaseP
RNaseP_CPA54,sortS400,RNaseP
tmRNA_Oeno.oeni._TRW-203123_1-350,sortS400,tmRNA
RNaseP_V.spinosum,sortS400,RNaseP
grp1_a.I1.e.P.carinii.C1.SSU.1506,sortS400,grp1
srp_Meth.ther._X15364,sortS400,srp
srp_Heli.pylo._CP000241,sortS400,srp
tRNA_tdbR00000420-Spinacia_oleracea-3562-Ser-IGA,sortS400,tRNA
srp_Mono.brev._GSP-81824,sortS400,srp
5s_Septobasidium-carestianum-1,sortS400,5s
RNaseP_Synechocystis-PCC6803,sortS400,RNaseP
srp_Desu.vulg._CP000527,sortS400,srp
16s_Z.mays_domain2,sortS400,16s
srp_Syne.elon._AP008231,sortS400,srp
RNaseP_ESH20b-1,sortS400,RNaseP
RNaseP_N.pyridinolyticus,sortS400,RNaseP
16s_D.melanogaster_domain4,sortS400,16s
tRNA_tdbR00000469-Rattus_norvegicus-10116-Val-IAC,sortS400,tRNA
tmRNA_Pant.stew._TRW-66269_1-363,sortS400,tmRNA
RNaseP_C.pneumoniae-CWL029,sortS400,RNaseP
tmRNA_Neis.meni._TRW-122586_1-363,sortS400,tmRNA
5s_Clostridium-butyricum-2,sortS400,5s
srp_Stre.aver._BA000030,sortS400,srp
tRNA_tdbR00000591-Ascaris_suum-6253-Lys-UU,sortS400,tRNA
telomerase_AF221927.113-556,sortS400,telomerase
5s_Paracoccus-versutus-1,sortS400,5s
tmRNA_Clos.ther._TRW-203119_1-387,sortS400,tmRNA
RNaseP_H.pylori-26695,sortS400,RNaseP
5s_Salmonella-typhi-1,sortS400,5s
5s_Xenopus-borealis-3,sortS400,5s
tmRNA_Clos.botu._TRW-36826_1-355,sortS400,tmRNA
5s_Rhodobacter-sphaeroides-3,sortS400,5s
tRNA_tdbR00000459-Neurospora_crassa-5141-Val-UAC,sortS400,tRNA
srp_Baci.mace._D11420,sortS400,srp
5s_Staphylococcus-epidermidis-2,sortS400,5s
tmRNA_Thio.crun._CP000109_1-358,sortS400,tmRNA
tRNA_tdbR00000447-Halobacterium_salinarum-2242-Val-CAC,sortS400,tRNA
RNaseP_P.mississippiensis,sortS400,RNaseP
tRNA_tdbR00000058-Lupinus_luteus-3873-Glu-CUC,sortS400,tRNA
srp_Neur.cras._AL669999,sortS400,srp
RNaseP_P.aeruginosa,sortS400,RNaseP
srp_Nost.spec._BA000019,sortS400,srp
RNaseP_SM-A4775,sortS400,RNaseP
srp_Sacc.kluy._SKAA0027M04.b1,sortS400,srp
tmRNA_Wigg.glos._BA000021_1-365,sortS400,tmRNA
tmRNA_envi.sequ._TRW-32045-3_1-350,sortS400,tmRNA
tRNA_tdbR00000287-Oryctolagus_cuniculus-9986-Met-BAU,sortS400,tRNA
RNaseP_S.pyogenes,sortS400,RNaseP
srp_Legi.pneu._M31830,sortS400,srp
5s_Perkinsus-olseni-1,sortS400,5s
tRNA_tdbR00000550-Neurospora_crassa-5141-Tyr-GUA,sortS400,tRNA
tRNA_tdbR00000025-Thermus_thermophilus-274-Asp-GUC,sortS400,tRNA
RNaseP_S.solfataricus-P2,sortS400,RNaseP
tRNA_tdbR00000320-Spinacia_oleracea-3562-Pro-NGG,sortS400,tRNA
srp_Lyco.escu._Z29100,sortS400,srp
5s_Erythromicrobium-ezovicum-1,sortS400,5s
tmRNA_Shew.balt._TRW-325240_1-356,sortS400,tmRNA
5s_Ralstonia-solanacearum-2,sortS400,5s
tmRNA_Desu.acet._TRW-281689_1-353,sortS400,tmRNA
srp_Tryp.viva._SDB-5699,sortS400,srp
tmRNA_Soda.glos._AP008232_1-384,sortS400,tmRNA
srp_Heli.pylo._AE001439,sortS400,srp
srp_Bdel.bact._BX842656,sortS400,srp
tmRNA_Leuc.mese._TRW-1245_1-358,sortS400,tmRNA
RNaseP_H.morrhuae,sortS400,RNaseP
tmRNA_Guil.thet._TRW-55529_1-330,sortS400,tmRNA
tRNA_tdbR00000247-Bos_taurus-9913-Leu-UAG,sortS400,tRNA
5s_Diplonema-papillatum-1,sortS400,5s
5s_Mycobacterium-tuberculosis-4,sortS400,5s
tRNA_tdbR00000112-Mycoplasma_mycoides-2102-Gly-UCC,sortS400,tRNA
tRNA_tdbR00000213-Haloferax_volcanii-2246-Leu-GAG,sortS400,tRNA
tRNA_tdbR00000418-Nicotiana_rustica-4093-Ser-IGA,sortS400,tRNA
tRNA_tdbR00000406-Saccharomyces_cerevisiae-4932-Ser-NGA,sortS400,tRNA
srp_Shig.flex._AE005674,sortS400,srp
tmRNA_Yers.pest._CP000308_1-364,sortS400,tmRNA
tRNA_tdbR00000333-Escherichia_coli-562-Gln-NUG,sortS400,tRNA
srp_Chla.rein._X71484,sortS400,srp
tRNA_tdbR00000214-Haloferax_volcanii-2246-Leu-UAA,sortS400,tRNA
srp_Humu.lupu._AJ236705,sortS400,srp
RNaseP_S.servazzii,sortS400,RNaseP
tmRNA_Xyle.fast._AE009442_1-355,sortS400,tmRNA
5s_Planctomyces-limnophilus-1,sortS400,5s
srp_Baci.brev._D14472,sortS400,srp
tmRNA_Bact.thet._AE015928_1-397,sortS400,tmRNA
grp1_a.I1.e.P.inouyei.C1.SSU.943,sortS400,grp1
RNaseP_A.erythreum,sortS400,RNaseP
tmRNA_Fuso.nucl._TRW-209882_1-344,sortS400,tmRNA
RNaseP_C.jejuni,sortS400,RNaseP
srp_Trit.aest._BE424647,sortS400,srp
RNaseP_D.jeanneae,sortS400,RNaseP
5s_Buchnera-aphidicola-1,sortS400,5s
RNaseP_H.pylori-J99,sortS400,RNaseP
srp_Caul.cres._U49738,sortS400,srp
5s_Saprospira-grandis-1,sortS400,5s
RNaseP_LGW18,sortS400,RNaseP
16s_B.burgdorferi_domain4,sortS400,16s
5s_Frankia-sp.-2,sortS400,5s
16s_C.reinhardtii.chloro_domain2,sortS400,16s
5s_Bacillus-thuringiensis-5,sortS400,5s
tmRNA_Stre.suis._TRW-218494_1-354,sortS400,tmRNA
5s_Thraustochytrium-visurgense-2,sortS400,5s
RNaseP_P.cultripes,sortS400,RNaseP
tRNA_tdbR00000483-Bacillus_subtilis-1423-Trp-CCA,sortS400,tRNA
grp1_a.I1.e.L.dispersa.UNK.SSU.789,sortS400,grp1
tmRNA_Ther.teng._AE013063_1-351,sortS400,tmRNA
tRNA_tdbR00000507-Bacillus_subtilis-1423-Ini-CAU,sortS400,tRNA
srp_Heli.pylo._AE000524,sortS400,srp
5s_Methanobacterium-formicicum-1,sortS400,5s
5s_Sphingomonas-ursincola-1,sortS400,5s
tmRNA_Myco.capr._D13067_1-411,sortS400,tmRNA
RNaseP_S.octosporus,sortS400,RNaseP
srp_Schi.mans._GSP-6183,sortS400,srp
srp_Aspe.terr._GSP-341663,sortS400,srp
tRNA_tdbR00000421-Rattus_norvegicus-10116-Ser-IGA,sortS400,tRNA
5s_Thermoplasma-volcanium-1,sortS400,5s
tmRNA_Paen.larv._TRW-1464_1-367,sortS400,tmRNA
srp_Clos.novy._CP000382,sortS400,srp
tmRNA_Stre.sobr._TRW-246202_1-349,sortS400,tmRNA
srp_List.inno._AL596173,sortS400,srp
16s_C.elegans_domain2,sortS400,16s
tmRNA_Carn.malt._AF275938_1-366,sortS400,tmRNA
tRNA_tdbR00000561-Nicotiana_rustica-4093-Tyr-GPA,sortS400,tRNA
RNaseP_S.shibatae,sortS400,RNaseP
srp_Stre.muta._AE014879,sortS400,srp
srp_Cory.effi._BA000035,sortS400,srp
5s_Bacteroides-capillosus-1,sortS400,5s
grp1_a.I1.e.Staurastrum.sp.M753.C1.SSU.1506,sortS400,grp1
tmRNA_Baci.halo._BA000004_1-361,sortS400,tmRNA
tRNA_tdbR00000500-Haloferax_volcanii-2246-Ini-CAU,sortS400,tRNA
5s_Chlamydia-trachomatis-1,sortS400,5s
tRNA_tdbR00000133-Bombyx_mori-7091-Gly-GCC,sortS400,tRNA
tmRNA_Ente.saka._TRW-28141_1-364,sortS400,tmRNA
tmRNA_Fuso.nucl._AE010567_1-341,sortS400,tmRNA
RNaseP_D.vulgaris,sortS400,RNaseP
tRNA_tdbR00000462-Rattus_norvegicus-10116-Val-UAC,sortS400,tRNA
srp_Past.mult._AE006092,sortS400,srp
srp_Bifi.adol._AP009256,sortS400,srp
tRNA_tdbR00000284-Saccharomyces_cerevisiae-4932-Met-CAU,sortS400,tRNA
RNaseP_S.unisporus,sortS400,RNaseP
RNaseP_Nostoc-PCC6705,sortS400,RNaseP
5s_Fusobacterium-nucleatum-4,sortS400,5s
tRNA_tdbR00000350-Haloferax_volcanii-2246-Arg-GCG,sortS400,tRNA
tmRNA_Lact.lact._AE006373_1-359,sortS400,tmRNA
RNaseP_M.tuberculosis-g,sortS400,RNaseP
tmRNA_Clos.acet._AE001437_1-359,sortS400,tmRNA
RNaseP_Prochlorococcus-NATL2,sortS400,RNaseP
5s_Ehrlichia-ruminantium-1,sortS400,5s
tmRNA_Stre.ther._CP000419_1-350,sortS400,tmRNA
tRNA_tdbR00000019-Mycoplasma_capricolum-2095-Cys-GCA,sortS400,tRNA
tRNA_tdbR00000255-Candida_cylindracea-44322-Leu-IAG,sortS400,tRNA
tmRNA_Bdel.bact._BX842656_1-346,sortS400,tmRNA
srp_Chlo.vulg._AB001684,sortS400,srp
5s_Roseococcus-thiosulfatophilus-1,sortS400,5s
5s_Candidatus-Tremblaya-princeps-6,sortS400,5s
RNaseP_ESH46a-1,sortS400,RNaseP
RNaseP_Fischerella-UTEX1829,sortS400,RNaseP
tRNA_tdbR00000395-Saccharomyces_cerevisiae-4932-Ser-GCU,sortS400,tRNA
5s_Bacteroides-fragilis-6,sortS400,5s
tRNA_tdbR00000144-Saccharomyces_cerevisiae-4932-His-GUG,sortS400,tRNA
tRNA_tdbR00000557-Pichia_jadinii-4903-Tyr-GPA,sortS400,tRNA
tRNA_tdbR00000567-Homo_sapiens-9606-Tyr-9PA,sortS400,tRNA
tmRNA_Onio.yell._AP006628_1-423,sortS400,tmRNA
RNaseP_H.influenza,sortS400,RNaseP
16s_B.subtilis_domain4,sortS400,16s
16s_P.staleyi_domain2,sortS400,16s
5s_Euplotes-woodruffi-1,sortS400,5s
5s_Anaerorhabdus-furcosa-1,sortS400,5s
5s_Gracilaria-compressa-1,sortS400,5s
tRNA_tdbR00000124-Aedes_albopictus-7160-Gly-UCC,sortS400,tRNA
tRNA_tdbR00000209-Enterobacteria_phage_T4-10665-Leu-NAA,sortS400,tRNA
5s_Halorubrum-saccharovorum-1,sortS400,5s
tRNA_tdbR00000055-Schizosaccharomyces_pombe-4896-Glu-3UC,sortS400,tRNA
5s_Erythromicrobium-hydrolyticum-1,sortS400,5s
5s_Pedobacter-heparinus-1,sortS400,5s
grp1_a.I1.e.S.granulatum.C1.SSU.1506,sortS400,grp1
RNaseP_Calothrix-PCC7601,sortS400,RNaseP
tmRNA_Chla.muri._TRW-83560_1-421,sortS400,tmRNA
5s_Plasmodium-falciparum-1,sortS400,5s
RNaseP_PS2,sortS400,RNaseP
tmRNA_Neph.oliv._AF137379-1_1-327,sortS400,tmRNA
5s_Lentinula-edodes-1,sortS400,5s
5s_Candidatus-Tremblaya-princeps-2,sortS400,5s
RNaseP_C.tepidum-g,sortS400,RNaseP
5s_Cryptobranchus-alleganiensis-1,sortS400,5s
5s_Phleogena-faginea-1,sortS400,5s
srp_Yers.pseu._BX936398,sortS400,srp
tRNA_tdbR00000510-Escherichia_coli-562-Ini-CAU,sortS400,tRNA
grp1_a.I1.e.L.dispersa.UNK.SSU.1046,sortS400,grp1
RNaseP_T.acidophilum,sortS400,RNaseP
tmRNA_envi.sequ._TRW-259291_1-355,sortS400,tmRNA
5s_Fusarium-pseudograminearum-1,sortS400,5s
tmRNA_Bifi.long._TRW-205913_1-397,sortS400,tmRNA
5s_Gracilaria-compressa-2,sortS400,5s
tRNA_tdbR00000467-Pichia_jadinii-4903-Val-IAC,sortS400,tRNA
5s_Xenopus-laevis-5,sortS400,5s
RNaseP_LGB41,sortS400,RNaseP
tmRNA_Aero.hydr._CP000462_1-360,sortS400,tmRNA
tmRNA_Leif.xyli._AE016822_1-394,sortS400,tmRNA
5s_Notophthalmus-viridescens-1,sortS400,5s
RNaseP_SM-A5179,sortS400,RNaseP
tRNA_tdbR00000109-Haloferax_volcanii-2246-Gly-NCC,sortS400,tRNA
5s_Agrobacterium-tumefaciens-8,sortS400,5s
tmRNA_Lact.gass._TRW-1596_1-366,sortS400,tmRNA
srp_Arab.thal._X72228,sortS400,srp
srp_Camp.jeju._CP000768,sortS400,srp
srp_Tric.eryt._CP000393,sortS400,srp
5s_Fusarium-sporotrichioides-2,sortS400,5s
srp_Tetr.nigr._GSP-99883,sortS400,srp
tRNA_tdbR00000037-Rattus_norvegicus-10116-Asp-GUC,sortS400,tRNA
srp_Dros.yaku._GSP-7245,sortS400,srp
srp_Porp.purp._U38804,sortS400,srp
tRNA_tdbR00000023-Haloferax_volcanii-2246-Asp-GUC,sortS400,tRNA
tRNA_tdbR00000245-Rattus_norvegicus-10116-Leu-UAG,sortS400,tRNA
tmRNA_Chlo.chlo._CP000108_1-401,sortS400,tmRNA
srp_Meth.mari._CP000745,sortS400,srp
5s_Mycoplasma-gallisepticum-4,sortS400,5s
tmRNA_Pseu.syri._AE016853_1-388,sortS400,tmRNA
tmRNA_Myco.lepr._TRW-272631_1-369,sortS400,tmRNA
5s_Vibrio-nereis-1,sortS400,5s
5s_Chlamydomonas-reinhardtii-2,sortS400,5s
srp_Medi.trun._CT485797,sortS400,srp
tRNA_tdbR00000473-Drosophila_melanogaster-7227-Val-CAC,sortS400,tRNA
16s_G.intestinalis_domain3,sortS400,16s
5s_Cryptococcus-neoformans-2,sortS400,5s
RNaseP_S.acidocaldarius,sortS400,RNaseP
tmRNA_Stre.pneu._TRW-216600_1-348,sortS400,tmRNA
tmRNA_Ther.neap._TRW-309803_1-357,sortS400,tmRNA
tmRNA_Fibr.succ._TRW-59374_1-361,sortS400,tmRNA
tmRNA_Rals.meta._CP000352_1-360,sortS400,tmRNA
RNaseP_SM-A3862,sortS400,RNaseP
RNaseP_P.innocua,sortS400,RNaseP
RNaseP_P.canadensis,sortS400,RNaseP
tmRNA_Chla.pneu._AE002224_1-423,sortS400,tmRNA
RNaseP_SM-A1417,sortS400,RNaseP
tRNA_tdbR00000215-Haloferax_volcanii-2246-Leu-5AG,sortS400,tRNA
tRNA_tdbR00000509-Thermus_thermophilus-274-Ini-CAU,sortS400,tRNA
5s_Bursaphelenchus-xylophilus-1,sortS400,5s
tmRNA_Stre.muta._TRW-210007_1-349,sortS400,tmRNA
RNaseP_SM-A05,sortS400,RNaseP
tRNA_tdbR00000357-Escherichia_coli-562-Arg-CU,sortS400,tRNA
RNaseP_SM-A5584,sortS400,RNaseP
23s_H.pylori_domain6,sortS400,23s
5s_Fusobacterium-nucleatum-5,sortS400,5s
tmRNA_Geob.meta._CP000148_1-356,sortS400,tmRNA
RNaseP_E.thermomarinus,sortS400,RNaseP
tmRNA_Fran.spec._TRW-298653_1-375,sortS400,tmRNA
tRNA_tdbR00000291-Halobacterium_salinarum-2242-Asn-GUU,sortS400,tRNA
RNaseP_T.commune,sortS400,RNaseP
tRNA_tdbR00000454-Escherichia_coli-562-Val-GAC,sortS400,tRNA
tmRNA_Myxo.xant._TRW-34_1-366,sortS400,tmRNA
telomerase_AY058901.1-397,sortS400,telomerase
srp_Rhod.palu._CP000283,sortS400,srp
tRNA_tdbR00000226-Synechococcus_elongatus_PCC_6301-269084-Leu-CAG,sortS400,tRNA
tmRNA_Burk.pseu._TRW-28450_1-370,sortS400,tmRNA
tmRNA_Vibr.chol._U39068_1-367,sortS400,tmRNA
tRNA_tdbR00000286-Lupinus_luteus-3873-Met-BAU,sortS400,tRNA
tmRNA_Moor.ther._CP000232_1-358,sortS400,tmRNA
RNaseP_LGB5,sortS400,RNaseP
tRNA_tdbR00000177-Mycoplasma_capricolum-2095-Lys-CUU,sortS400,tRNA
RNaseP_A.ferrooxidans-g,sortS400,RNaseP
tRNA_tdbR00000590-Ascaris_suum-6253-Glu-UC,sortS400,tRNA
srp_Halo.volc._AF395888,sortS400,srp
tmRNA_Bloc.flor._BX248583_1-393,sortS400,tmRNA
RNaseP_B.hermsii,sortS400,RNaseP
srp_Schi.pomb._AU010514,sortS400,srp
tmRNA_Trep.dent._AE017226_1-351,sortS400,tmRNA
tmRNA_Thal.pseu._TRW-296543_1-344,sortS400,tmRNA
5s_Nitella-flexilis-1,sortS400,5s
RNaseP_A.telluris,sortS400,RNaseP
RNaseP_S.typhi,sortS400,RNaseP
tmRNA_Thal.weis._AF049491_1-348,sortS400,tmRNA
5s_Batrachospermum-ectocarpum-1,sortS400,5s
srp_Clos.botu._CP000728,sortS400,srp
tmRNA_envi.sequ._TRW-356-1_1-289,sortS400,tmRNA
RNaseP_ESH17b-7,sortS400,RNaseP
tRNA_tdbR00000492-Rattus_norvegicus-10116-Trp-NCA,sortS400,tRNA
16s_A.fulgidus_domain2,sortS400,16s
RNaseP_P.marinus-2,sortS400,RNaseP
5s_Halobacterium-sp.-2,sortS400,5s
5s_Methanothermobacter-thermautotrophicus-5,sortS400,5s
tRNA_tdbR00000168-Bos_taurus-9913-Ile-GAU,sortS400,tRNA
5s_Lycoperdon-pyriforme-1,sortS400,5s
srp_Myco.aviu._CP000479,sortS400,srp
5s_Coleochaete-scutata-1,sortS400,5s
RNaseP_H.cutirubrum,sortS400,RNaseP
tRNA_tdbR00000579-Aeropyrum_pernix-56636-Pro-CGG,sortS400,tRNA
srp_Para.bras._GSP-121759,sortS400,srp
tRNA_tdbR00000460-Aedes_albopictus-7160-Val-UAC,sortS400,tRNA
RNaseP_CPA61,sortS400,RNaseP
tRNA_tdbR00000489-Neurospora_crassa-5141-Trp-NCA,sortS400,tRNA
srp_Clos.acet._AE001437,sortS400,srp
tmRNA_Spir.kunk._TRW-273035_1-424,sortS400,tmRNA
16s_C.reinhardtii.chloro_domain3,sortS400,16s
RNaseP_P.douglassii,sortS400,RNaseP
srp_Wolb.endo._AE017321,sortS400,srp
5s_Haloferax-mediterranei-1,sortS400,5s
tRNA_tdbR00000514-Scenedesmus_obliquus-3088-Ini-CAU,sortS400,tRNA
tRNA_tdbR00000344-Mus_musculus-10090-Gln-JUG,sortS400,tRNA
tRNA_tdbR00000535-Xenopus_laevis-8355-Ini-CAU,sortS400,tRNA
RNaseP_P.shigelloides,sortS400,RNaseP
RNaseP_N.luteus,sortS400,RNaseP
srp_Giar.lamb._GSP-184922,sortS400,srp
RNaseP_EM14b-11,sortS400,RNaseP
srp_Oryz.sati._AC079888,sortS400,srp
tmRNA_envi.sequ._TRW-2-2_1-356,sortS400,tmRNA
telomerase_AF221909.98-496,sortS400,telomerase
srp_Trep.dent._AE017226,sortS400,srp
srp_Sulf.toko._BA000023,sortS400,srp
5s_Methylobacterium-sp.-1,sortS400,5s
srp_Phak.pach._GSP-170000-2,sortS400,srp
srp_Dros.anan._CJ969290,sortS400,srp
srp_Cyan.cald._AF022186,sortS400,srp
tRNA_tdbR00000558-Triticum_aestivum-4565-Tyr-QPA,sortS400,tRNA
tmRNA_Yers.ente._TRW-34054_1-381,sortS400,tmRNA
tRNA_tdbR00000237-Saccharomyces_cerevisiae-4932-Leu-AA,sortS400,tRNA
srp_Agro.tume._AE007869,sortS400,srp
grp1_a.I1.e.C.merochlorophea.UNK.SSU.1046,sortS400,grp1
5s_Halorubrum-terrestre-1,sortS400,5s
srp_Sino.medi._CP000738,sortS400,srp
srp_Stap.sapr._AP008934,sortS400,srp
5s_Porphyromonas-gingivalis-2,sortS400,5s
tRNA_tdbR00000271-Haloferax_volcanii-2246-Met-BAU,sortS400,tRNA
telomerase_AF221932.102-549,sortS400,telomerase
tmRNA_Baci.G._TRW-12333_1-312,sortS400,tmRNA
srp_Woli.succ._BX571662,sortS400,srp
tRNA_tdbR00000427-Gallus_gallus-9031-Ser-UGA,sortS400,tRNA
tRNA_tdbR00000545-Escherichia_coli-562-Tyr-QUA,sortS400,tRNA
srp_Onch.volv._GSP-6282,sortS400,srp
srp_Kluy.yarr._479647571,sortS400,srp
tRNA_tdbR00000391-Escherichia_coli-562-Ser-GCU,sortS400,tRNA
srp_Humu.lupu._X65985,sortS400,srp
srp_Psyc.sp.._CP000713,sortS400,srp
tmRNA_Idio.loih._AE017340_1-359,sortS400,tmRNA
5s_Geobacillus-kaustophilus-4,sortS400,5s
tmRNA_Lact.sake._TRW-314315_1-370,sortS400,tmRNA
5s_Methanococcus-voltae-2,sortS400,5s
tmRNA_Yers.inte._TRW-349965_1-381,sortS400,tmRNA
RNaseP_L.muta-2,sortS400,RNaseP
RNaseP_C.pneumoniae,sortS400,RNaseP
5s_Lactobacillus-brevis-1,sortS400,5s
RNaseP_LGA8,sortS400,RNaseP
srp_Batr.dend._GSP-403673,sortS400,srp
srp_Trep.dent._AE017246,sortS400,srp
srp_Ente.faec._BD193435,sortS400,srp
RNaseP_S.solfataricus,sortS400,RNaseP
tmRNA_Pseu.fluo._CP000076_1-394,sortS400,tmRNA
srp_Baci.alca._D11422,sortS400,srp
5s_Oceanobacillus-iheyensis-3,sortS400,5s
5s_Haloarcula-marismortui-3,sortS400,5s
5s_Escherichia-coli-14,sortS400,5s
5s_Methanothermobacter-thermautotrophicus-6,sortS400,5s
5s_Sepia-officinalis-1,sortS400,5s
5s_Diatoma-tenue-1,sortS400,5s
RNaseP_SM-A01,sortS400,RNaseP
RNaseP_SM-A6296,sortS400,RNaseP
tRNA_tdbR00000125-Bos_taurus-9913-Gly-UCC,sortS400,tRNA
tmRNA_Lact.delb._AF440335_1-316,sortS400,tmRNA
tmRNA_Chlo.tepi._TRW-194439_1-404,sortS400,tmRNA
5s_Deinococcus-radiophilus-1,sortS400,5s
srp_Taen.gutt._CK235759,sortS400,srp
tRNA_tdbR00000494-Saccharomyces_cerevisiae-4932-Trp-BCA,sortS400,tRNA
RNaseP_T.luteus,sortS400,RNaseP
RNaseP_SM-A6090,sortS400,RNaseP
RNaseP_LGW113,sortS400,RNaseP
grp1_a.I1.e.A.stipitatus.C1.SSU.1046,sortS400,grp1
tRNA_tdbR00000359-Escherichia_coli-562-Arg-CCG,sortS400,tRNA
5s_Candidatus-Phytoplasma-asteris-1,sortS400,5s
5s_Juniperus-media-1,sortS400,5s
5s_Archaeoglobus-fulgidus-1,sortS400,5s
5s_Octopus-vulgaris-1,sortS400,5s
RNaseP_M.thermoautotrphicumMarb,sortS400,RNaseP
srp_Chla.cavi._AE015925,sortS400,srp
RNaseP_SM-A1831,sortS400,RNaseP
srp_Baci.anth._AE017225,sortS400,srp
tRNA_tdbR00000565-Bos_taurus-9913-Tyr-9PA,sortS400,tRNA
srp_Trep.pall._AE000520,sortS400,srp
tmRNA_Shig.dyse._CP000034_1-363,sortS400,tmRNA
tRNA_tdbR00000235-Neurospora_crassa-5141-Leu-NAA,sortS400,tRNA
16s_T.gondii_domain3,sortS400,16s
5s_Pyrococcus-horikoshii-2,sortS400,5s
srp_Xyle.fast._AE003940,sortS400,srp
tmRNA_Fran.spec._CP000249_1-374,sortS400,tmRNA
tRNA_tdbR00000572-Leishmania_tarentolae-5689-Lys-1UU,sortS400,tRNA
RNaseP_ESH210B,sortS400,RNaseP
srp_Podo.anse._GSP-5145,sortS400,srp
16s_C.elegans_domain1,sortS400,16s
RNaseP_B.calamita,sortS400,RNaseP
RNaseP_H.pylori-RU1,sortS400,RNaseP
5s_Amphibacillus-xylanus-1,sortS400,5s
tmRNA_Para.symb._BX908798_1-405,sortS400,tmRNA
5s_Pedinomonas-minor-1,sortS400,5s
tmRNA_Stre.coll._AY485228_1-386,sortS400,tmRNA
5s_Thermus-aquaticus-1,sortS400,5s
srp_Aspe.nidu._GSP-227321,sortS400,srp
tmRNA_Myco.gall._AE015450_1-408,sortS400,tmRNA
srp_Ther.acid._AL445063,sortS400,srp
5s_Methanothermobacter-thermautotrophicus-3,sortS400,5s
srp_Yers.ente._AM286415,sortS400,srp
RNaseP_P.guilliermondii,sortS400,RNaseP
srp_Popu.trem._DN498769,sortS400,srp
23s_S.aureus_domain4,sortS400,23s
RNaseP_SM-A1113,sortS400,RNaseP
5s_Xanthomonas-campestris-1,sortS400,5s
tmRNA_Bord.aviu._AM167904_1-406,sortS400,tmRNA
tmRNA_Ther.yell._TRW-289376_1-350,sortS400,tmRNA
srp_Lact.acid._CP000033,sortS400,srp
5s_Fusarium-lunulosporum-10,sortS400,5s
tRNA_tdbR00000113-Streptomyces_coelicolor_A32-100226-Gly-CCC,sortS400,tRNA
grp1_a.I1.b.S.hofmanii.C3.tMET,sortS400,grp1
tRNA_tdbR00000368-Mesocricetus_auratus-10036-Arg-UCG,sortS400,tRNA
RNaseP_ESH167F,sortS400,RNaseP
tRNA_tdbR00000503-Thermoplasma_acidophilum-2303-Ini-CAU,sortS400,tRNA
RNaseP_Synechococcus-PCC7003,sortS400,RNaseP
tRNA_tdbR00000106-Haloferax_volcanii-2246-Gly-CCC,sortS400,tRNA
5s_Loofah-witches-broom-phytoplasma-1,sortS400,5s
23s_B.subtilis_domain4,sortS400,23s
srp_Stre.pyog._AM295007,sortS400,srp
srp_Wolb.endo._AE017259,sortS400,srp
5s_Haloferax-mediterranei-2,sortS400,5s
srp_Shig.flex._AE016979,sortS400,srp
srp_Yers.pseu._CP000720,sortS400,srp
tRNA_tdbR00000331-Mycoplasma_capricolum-2095-Gln-UG,sortS400,tRNA
tmRNA_Erwi.amyl._TRW-552_1-381,sortS400,tmRNA
tmRNA_Woli.succ._BX571661_1-369,sortS400,tmRNA
tRNA_tdbR00000312-Haloferax_volcanii-2246-Pro-GGG,sortS400,tRNA
5s_Natrialba-magadii-1,sortS400,5s
5s_Geobacillus-stearothermophilus-4,sortS400,5s
tRNA_tdbR00000365-Aedes_albopictus-7160-Arg-UCG,sortS400,tRNA
tRNA_tdbR00000141-Salmonella_typhimurium-602-His-QUG,sortS400,tRNA
tRNA_tdbR00000294-Mycoplasma_capricolum-2095-Asn-GUU,sortS400,tRNA
tRNA_tdbR00000396-Saccharomyces_cerevisiae-4932-Ser-UGA,sortS400,tRNA
tRNA_tdbR00000534-Euphausia_superba-6819-Ini-CAU,sortS400,tRNA
5s_Halococcus-morrhuae-2,sortS400,5s
srp_Halo.halo._CP000544,sortS400,srp
srp_Legi.pneu._CP000675,sortS400,srp
grp1_a.I1.b.Synechococcus.sp2.C3.tLEU,sortS400,grp1
5s_Candida-azyma-1,sortS400,5s
tRNA_tdbR00000615-Nanoarchaeum_equitans-160232-Trp-CCA,sortS400,tRNA
RNaseP_S.pneumoniae,sortS400,RNaseP
5s_Phycomyces-blakesleeanus-1,sortS400,5s
tRNA_tdbR00000030-Aedes_albopictus-7160-Asp-GUC,sortS400,tRNA
5s_Spirosoma-sp.-1,sortS400,5s
RNaseP_S.globosus,sortS400,RNaseP
5s_Trichoplax-adhaerens-1,sortS400,5s
tRNA_tdbR00000361-Saccharomyces_cerevisiae-4932-Arg-ACG,sortS400,tRNA
tmRNA_Shew.spec._TRW-323850_1-356,sortS400,tmRNA
RNaseP_U.stanburiana,sortS400,RNaseP
tmRNA_Laws.intr._AM180252_1-376,sortS400,tmRNA
srp_Shew.spec._CP000469,sortS400,srp
srp_Myco.pulm._U06833,sortS400,srp
tmRNA_Buch.aphi._BD061520_1-369,sortS400,tmRNA
tRNA_tdbR00000115-Staphylococcus_epidermidis-1282-Gly-UCC,sortS400,tRNA
RNaseP_C.vinosum,sortS400,RNaseP
tmRNA_Clos.acet._AE007587_1-356,sortS400,tmRNA
RNaseP_M.thermoautotrophicum-DH,sortS400,RNaseP
tRNA_tdbR00000478-Haloferax_volcanii-2246-Trp-BCA,sortS400,tRNA
5s_Solemya-velum-1,sortS400,5s
RNaseP_Nostoc-PCC7107,sortS400,RNaseP
tRNA_tdbR00000149-Homo_sapiens-9606-His-GUG,sortS400,tRNA
5s_Stella-humosa-1,sortS400,5s
telomerase_AF221934.121-565,sortS400,telomerase
5s_Hyphomicrobium-sp.-4,sortS400,5s
RNaseP_S.gordonii,sortS400,RNaseP
srp_Trop.whip._AE016852,sortS400,srp
tmRNA_uncu.bact._TRW-135621-1_1-397,sortS400,tmRNA
tmRNA_uncu.bact._TRW-80840-1_1-378,sortS400,tmRNA
5s_Ustilentyloma-fluitans-1,sortS400,5s
srp_Myco.bovi._BX248347,sortS400,srp
tmRNA_Pseu.syri._CP000075_1-392,sortS400,tmRNA
16s_H.sapiens.mito_domain3,sortS400,16s
RNaseP_PS26,sortS400,RNaseP
5s_Frankia-sp.-1,sortS400,5s
RNaseP_N.simplex,sortS400,RNaseP
5s_Diplonema-papillatum-2,sortS400,5s
grp1_a.I1.e.B.yamatoana.JCM2896.C1.SSU.1506,sortS400,grp1
tmRNA_Myco.pene._BA000026_1-405,sortS400,tmRNA
srp_Baci.halo._BA000004,sortS400,srp
srp_Eime.tene._CD666347,sortS400,srp
5s_Rana-pipiens-1,sortS400,5s
5s_Rickettsia-felis-1,sortS400,5s
RNaseP_T.roseum,sortS400,RNaseP
RNaseP_Y.pestis,sortS400,RNaseP
RNaseP_S.pastorianus,sortS400,RNaseP
RNaseP_S.pombe,sortS400,RNaseP
RNaseP_Synechocystis-PCC6308,sortS400,RNaseP
tmRNA_Stre.ther._CP000024_1-350,sortS400,tmRNA
grp1_a.I1.e.C.merochlorophea.UNK.SSU.1516,sortS400,grp1
RNaseP_H.sapiens,sortS400,RNaseP
tmRNA_Jako.libe._TRW-143017_1-102,sortS400,tmRNA
srp_Leis.braz._SDB-87235,sortS400,srp
tRNA_tdbR00000111-Mycoplasma_capricolum-2095-Gly-UCC,sortS400,tRNA
16s_E.coli_domain4,sortS400,16s
srp_Clos.kluy._CP000673,sortS400,srp
tmRNA_envi.sequ._TRW-32045-2_1-345,sortS400,tmRNA
srp_Tric.vagi._GSP-5722-2,sortS400,srp
srp_Xant.oryz._AE013598,sortS400,srp
tRNA_tdbR00000121-Salmonella_typhimurium-602-Gly-NCC,sortS400,tRNA
5s_Nephila-clavipes-1,sortS400,5s
RNaseP_E.faecalis,sortS400,RNaseP
tmRNA_Ther.rose._TRW-309801_1-353,sortS400,tmRNA
RNaseP_SM-A2946,sortS400,RNaseP
5s_Sulfolobus-tokodaii-1,sortS400,5s
srp_Medi.trun._AJ846712,sortS400,srp
RNaseP_F.mortiferum,sortS400,RNaseP
tRNA_tdbR00000592-Ascaris_suum-6253-Gln-UG,sortS400,tRNA
tmRNA_Ther.mari._TRW-243274-1_1-356,sortS400,tmRNA
tRNA_tdbR00000139-Mycoplasma_capricolum-2095-His-GUK,sortS400,tRNA
5s_Bacteroides-veroralis-1,sortS400,5s
srp_Enta.disp._GSP-370354,sortS400,srp
RNaseP_N.olivacea-chloroplast,sortS400,RNaseP
tRNA_tdbR00000099-Mus_musculus-10090-Phe-AA,sortS400,tRNA
5s_Candidatus-Tremblaya-princeps-5,sortS400,5s
5s_Smittium-culisetae-1,sortS400,5s
RNaseP_CPB74,sortS400,RNaseP
srp_Enta.mosh._GSP-41668,sortS400,srp
tRNA_tdbR00000536-Salmo_salar-8030-Ini-CAU,sortS400,tRNA
srp_Halo.mari._AY596297,sortS400,srp
5s_Lactococcus-lactis-4,sortS400,5s
5s_Toxoplasma-gondii-2,sortS400,5s
telomerase_AF221931.99-541,sortS400,telomerase
RNaseP_M.xanthus,sortS400,RNaseP
RNaseP_E.eschsholtzii,sortS400,RNaseP
RNaseP_P.gingivalis,sortS400,RNaseP
srp_Lemu.catt._GSP-9447,sortS400,srp
tmRNA_Pseu.fluo._CP000094_1-390,sortS400,tmRNA
tmRNA_Neis.lact._TRW-486_1-362,sortS400,tmRNA
telomerase_AC121792.109554-109950,sortS400,telomerase
tmRNA_Lact.plan._AL935259_1-372,sortS400,tmRNA
tmRNA_Heli.pylo._TRW-85962_1-386,sortS400,tmRNA
tRNA_tdbR00000104-Enterobacteria_phage_T4-10665-Gly-NCC,sortS400,tRNA
5s_Candidatus-Portiera-aleyrodidarum-1,sortS400,5s
5s_Thermus-sp.-2,sortS400,5s
RNaseP_P.acanthamoebae,sortS400,RNaseP
srp_Neos.fisc._GSP-331117,sortS400,srp
tRNA_tdbR00000034-Mesocricetus_auratus-10036-Asp-GUC,sortS400,tRNA
grp1_a.I1.m.S.pombe.B1.OX1,sortS400,grp1
tRNA_tdbR00000189-Rattus_norvegicus-10116-Lys-NUU,sortS400,tRNA
RNaseP_H.chlorum-partial,sortS400,RNaseP
23s_B.subtilis_domain3,sortS400,23s
tRNA_tdbR00000225-Synechococcus_elongatus_PCC_6301-269084-Leu-CAA,sortS400,tRNA
srp_Pich.guil._GSP-294746,sortS400,srp
srp_Deba.hans._CR382138,sortS400,srp
tmRNA_Sten.malt._TRW-40324_1-354,sortS400,tmRNA
RNaseP_C.psittaci-R54,sortS400,RNaseP
tRNA_tdbR00000282-Ascaris_suum-6253-Met-AU,sortS400,tRNA
5s_Streptomyces-violaceus-1,sortS400,5s
5s_Genistelloides-hibernus-1,sortS400,5s
srp_Phyt.infe._CV919934,sortS400,srp
5s_Tricharina-hiemalis-1,sortS400,5s
5s_Lactococcus-lactis-1,sortS400,5s
tmRNA_Myco.tube._TRW-1773_1-368,sortS400,tmRNA
RNaseP_LGW46,sortS400,RNaseP
tRNA_tdbR00000230-Glycine_max-3847-Leu-UA7,sortS400,tRNA
tmRNA_Lept.inte._AE016823_1-350,sortS400,tmRNA
5s_Saccharomyces-cerevisiae-3,sortS400,5s
RNaseP_P.fluorescens,sortS400,RNaseP
5s_Fusarium-cerealis-9,sortS400,5s
srp_Proc.mari._AE017126,sortS400,srp
srp_Meth.burt._CP000300,sortS400,srp
tRNA_tdbR00000490-Saccharomyces_cerevisiae-4932-Trp-CA,sortS400,tRNA
tmRNA_Brev.line._TRW-321955_1-377,sortS400,tmRNA
grp1_a.I1.e.Staurastrum.sp.M752.C1.SSU.1506,sortS400,grp1
RNaseP_LGB23,sortS400,RNaseP
tmRNA_Shew.amaz._CP000507_1-356,sortS400,tmRNA
RNaseP_CPA56,sortS400,RNaseP
srp_Caen.eleg._U41993,sortS400,srp
tRNA_tdbR00000542-Mycoplasma_capricolum-2095-Tyr-GUA,sortS400,tRNA
RNaseP_A.ambivalens,sortS400,RNaseP
tmRNA_Ther.ther._Y15063_1-349,sortS200,tmRNA
5s_Microtetraspora-glauca-1,sortS200,5s
5s_Andrias-japonicus-1,sortS200,5s
5s_Coxiella-burnetii-2,sortS200,5s
RNaseP_N.pyridinolyticus,sortS200,RNaseP
grp1_a.I1.e.A.capsulatus.FLs1.C1.SSU,sortS200,grp1
srp_Cocc.posa._GSP-222929,sortS200,srp
srp_Schi.japo._GSP-402676,sortS200,srp
5s_Emericella-nidulans-4,sortS200,5s
5s_Symbiobacterium-thermophilum-3,sortS200,5s
tRNA_tdbR00000553-Asterias_amurensis-7602-Tyr-GUA,sortS200,tRNA
16s_D.melanogaster_domain4,sortS200,16s
tRNA_tdbR00000469-Rattus_norvegicus-10116-Val-IAC,sortS200,tRNA
tmRNA_Cyan.mero._TRW-45157_1-236,sortS200,tmRNA
RNaseP_C.pneumoniae-CWL029,sortS200,RNaseP
5s_Sulfurococcus-mirabilis-1,sortS200,5s
tRNA_tdbR00000217-Mycoplasma_capricolum-2095-Leu-AA,sortS200,tRNA
srp_Thal.pseu._GSP-296543,sortS200,srp
srp_Proc.mari._CP000551,sortS200,srp
tRNA_tdbR00000283-Gallus_gallus-9031-Met-AU,sortS200,tRNA
tRNA_tdbR00000549-Tetrahymena_pyriformis-5908-Tyr-QUA,sortS200,tRNA
tRNA_tdbR00000591-Ascaris_suum-6253-Lys-UU,sortS200,tRNA
16s_A.fulgidus_domain4,sortS200,16s
RNaseP_S.versatilis,sortS200,RNaseP
tmRNA_Geob.sulf._AE017180_1-356,sortS200,tmRNA
tmRNA_uncu.bact._TRW-32033-1_1-354,sortS200,tmRNA
tmRNA_Acin.spec._CR543861_1-360,sortS200,tmRNA
tRNA_tdbR00000079-Rattus_norvegicus-10116-Phe-GAA,sortS200,tRNA
5s_Caulobacter-spinosum-1,sortS200,5s
telomerase_AF221927.113-556,sortS200,telomerase
srp_Myco.pulm._AL445565,sortS200,srp
tmRNA_Clos.ther._TRW-203119_1-387,sortS200,tmRNA
RNaseP_Nocardiodes-ATCC39419,sortS200,RNaseP
tmRNA_Cyan.cald._AF022186_1-254,sortS200,tmRNA
srp_Pyro.abys._AJ248283,sortS200,srp
tmRNA_Synt.acid._CP000252_1-356,sortS200,tmRNA
tRNA_tdbR00000593-Ascaris_suum-6253-Trp-CA,sortS200,tRNA
5s_Xenopus-borealis-3,sortS200,5s
grp1_a.I1.e.B.ciliata.JCM6865.C1.SSU.943,sortS200,grp1
5s_Buchnera-aphidicola-3,sortS200,5s
5s_Rhodobacter-sphaeroides-3,sortS200,5s
telomerase_AF221912.98-564,sortS200,telomerase
5s_Halorubrum-terrestre-2,sortS200,5s
tRNA_tdbR00000459-Neurospora_crassa-5141-Val-UAC,sortS200,tRNA
tmRNA_Baci.clau._AP006627_1-355,sortS200,tmRNA
tmRNA_envi.sequ._TRW-204433_1-356,sortS200,tmRNA
tmRNA_Myco.arth._TRW-243272_1-394,sortS200,tmRNA
16s_C.elegans_domain3,sortS200,16s
RNaseP_W.fluorescens,sortS200,RNaseP
5s_Tuberoidobacter-mutans-1,sortS200,5s
srp_Synt.wolf._CP000448,sortS200,srp
srp_Cand.dubl._GSP-42374,sortS200,srp
tRNA_tdbR00000290-Enterobacteria_phage_T5-10726-Asn-GUU,sortS200,tRNA
grp1_b.I1.e.T.thermophila.C1.LSU.1925,sortS200,grp1
tmRNA_Thio.crun._CP000109_1-358,sortS200,tmRNA
RNaseP_Halobacterium-NRC1,sortS200,RNaseP
tRNA_tdbR00000263-Rattus_norvegicus-10116-Leu-AA,sortS200,tRNA
srp_List.mono._U15684,sortS200,srp
RNaseP_R.prowazekii,sortS200,RNaseP
RNaseP_P.mississippiensis,sortS200,RNaseP
grp1_a.I1.e.C.grayi.UNK.SSU.1046,sortS200,grp1
tRNA_tdbR00000419-Nicotiana_rustica-4093-Ser-IGA,sortS200,tRNA
srp_Neur.cras._AL669999,sortS200,srp
5s_Streptococcus-pyogenes-4,sortS200,5s
tmRNA_Sacc.degr._CP000282_1-389,sortS200,tmRNA
RNaseP_Wolbachia-sp,sortS200,RNaseP
tRNA_tdbR00000318-Salmonella_typhimurium-602-Pro-GGG,sortS200,tRNA
tmRNA_Rhod.balt._BX294141_1-380,sortS200,tmRNA
srp_Zygo.roux._BN000170,sortS200,srp
srp_Enta.hist._AF487684,sortS200,srp
RNaseP_K.thermotolerans,sortS200,RNaseP
srp_Rick.typh._AE017197,sortS200,srp
srp_Cand.trop._GSP-294747,sortS200,srp
srp_Sacc.kluy._SKAA0027M04.b1,sortS200,srp
tRNA_tdbR00000392-Escherichia_coli-562-Ser-GGA,sortS200,tRNA
5s_Deinococcus-radiodurans-1,sortS200,5s
RNaseP_T.volcanum,sortS200,RNaseP
tRNA_tdbR00000612-Sinorhizobium_meliloti-382-Trp-CCA,sortS200,tRNA
tmRNA_Verr.spin._TRW-240016_1-356,sortS200,tmRNA
tmRNA_Wigg.glos._BA000021_1-365,sortS200,tmRNA
tmRNA_envi.sequ._TRW-32045-3_1-350,sortS200,tmRNA
tRNA_tdbR00000520-Aedes_albopictus-7160-Ini-CAU,sortS200,tRNA
tRNA_tdbR00000261-Cucumis_sativus-3659-Leu-NAA,sortS200,tRNA
RNaseP_M.hyopneumoniae,sortS200,RNaseP
tmRNA_Heli.hepa._AE017125_1-369,sortS200,tmRNA
tmRNA_Pseu.atla._CP000388_1-357,sortS200,tmRNA
tRNA_tdbR00000595-Escherichia_coli-562-Leu-BAA,sortS200,tRNA
grp1_a.I1.c.G.prostrata.C3.tLEU,sortS200,grp1
5s_Meloidogyne-arenaria-2,sortS200,5s
RNaseP_S.aureus,sortS200,RNaseP
5s_Pyrenophora-graminea-1,sortS200,5s
RNaseP_S.pyogenes,sortS200,RNaseP
srp_Legi.pneu._M31830,sortS200,srp
srp_Vibr.vuln._BA000037,sortS200,srp
5s_Mycoplasma-sp.-2,sortS200,5s
tRNA_tdbR00000621-Nicotiana_rustica-4093-Cys-GCA,sortS200,tRNA
tmRNA_Cyan.para._U30821_1-291,sortS200,tmRNA
tmRNA_Magn.spec._CP000471_1-366,sortS200,tmRNA
RNaseP_Rr368,sortS200,RNaseP
grp1_a.I1.e.T.pigmentosa.C1.LSU.1925,sortS200,grp1
RNaseP_H.aurantiacus,sortS200,RNaseP
grp1_a.I1.e.C.merochlorophea.UNK.SSU.1210,sortS200,grp1
srp_Pers.amer._X65992,sortS200,srp
tRNA_tdbR00000550-Neurospora_crassa-5141-Tyr-GUA,sortS200,tRNA
tmRNA_Myco.pneu._AE000035_1-384,sortS200,tmRNA
RNaseP_S.solfataricus-P2,sortS200,RNaseP
grp1_a.I1.e.M.caldariorum.C1.SSU.1506,sortS200,grp1
tRNA_tdbR00000049-Chlamydomonas_reinhardtii-3055-Glu-NUC,sortS200,tRNA
telomerase_AF221928.95-476,sortS200,telomerase
tRNA_tdbR00000548-Scenedesmus_obliquus-3088-Tyr-GUA,sortS200,tRNA
tmRNA_uncu.mari._TRW-363180_1-347,sortS200,tmRNA
5s_Erythromicrobium-ezovicum-1,sortS200,5s
5s_Fusarium-culmorum-6,sortS200,5s
16s_F.ananassa_domain3,sortS200,16s
5s_Methanosarcina-mazei-2,sortS200,5s
5s_Ralstonia-solanacearum-2,sortS200,5s
RNaseP_R.americana-mito,sortS200,RNaseP
srp_Phyt.infe._CV911012,sortS200,srp
tmRNA_Desu.acet._TRW-281689_1-353,sortS200,tmRNA
srp_Tryp.viva._SDB-5699,sortS200,srp
tmRNA_Stap.epid._TRW-176280_1-361,sortS200,tmRNA
5s_Uthatobasidium-fusisporum-1,sortS200,5s
tRNA_tdbR00000184-Asterias_amurensis-7602-Lys-CUU,sortS200,tRNA
telomerase_AF221911.104-513,sortS200,telomerase
srp_Bdel.bact._BX842656,sortS200,srp
tmRNA_Soli.usit._CP000473_1-352,sortS200,tmRNA
RNaseP_S.fibuligera,sortS200,RNaseP
tmRNA_Leuc.mese._TRW-1245_1-358,sortS200,tmRNA
RNaseP_H.morrhuae,sortS200,RNaseP
srp_Proc.mari._CP000111,sortS200,srp
tmRNA_Bact.mari._TRW-97084_1-385,sortS200,tmRNA
srp_Shew.balt._CP000753,sortS200,srp
srp_Psyc.arct._CP000082,sortS200,srp
tmRNA_Guil.thet._TRW-55529_1-330,sortS200,tmRNA
tRNA_tdbR00000247-Bos_taurus-9913-Leu-UAG,sortS200,tRNA
16s_A.pyrophilus_domain2,sortS200,16s
tmRNA_Syne.spec._TRW-1131_1-399,sortS200,tmRNA
srp_Bart.quin._BX897700,sortS200,srp
5s_Pyrococcus-abyssi-1,sortS200,5s
srp_Stre.sang._CP000387,sortS200,srp
tRNA_tdbR00000363-Ascaris_suum-6253-Arg-PCU,sortS200,tRNA
RNaseP_R.palustris,sortS200,RNaseP
tRNA_tdbR00000406-Saccharomyces_cerevisiae-4932-Ser-NGA,sortS200,tRNA
srp_Lotu.japo._BW598799,sortS200,srp
tmRNA_envi.sequ._TRW-32045-1_1-355,sortS200,tmRNA
tRNA_tdbR00000620-Toxoplasma_gondii-5811-Ini-CAU,sortS200,tRNA
RNaseP_T.tumescens,sortS200,RNaseP
tRNA_tdbR00000333-Escherichia_coli-562-Gln-NUG,sortS200,tRNA
tRNA_tdbR00000413-Candida_cylindracea-44322-Ser-GCU,sortS200,tRNA
grp1_b.I1.e.M.anisopliae.3.C1.LSU.1921,sortS200,grp1
telomerase_AF221916.94-481,sortS200,telomerase
tRNA_tdbR00000174-Mus_musculus-10090-Ile-IAU,sortS200,tRNA
5s_Methanothermococcus-thermolithotrophicus-1,sortS200,5s
telomerase_AF221940.103-499,sortS200,telomerase
RNaseP_C.opuntiae,sortS200,RNaseP
16s_P.occultum_domain3,sortS200,16s
tmRNA_Dict.ther._TRW-14_1-350,sortS200,tmRNA
grp1_a.I1.b.Dermocarpa.sp.ATCC29371.C3.tMET,sortS200,grp1
tmRNA_uncu.bact._TRW-32045-4_1-369,sortS200,tmRNA
srp_Humu.lupu._AJ236705,sortS200,srp
srp_Myco.spec._CP000384,sortS200,srp
RNaseP_S.servazzii,sortS200,RNaseP
tRNA_tdbR00000246-Bos_taurus-9913-Leu-NAA,sortS200,tRNA
srp_Baci.brev._D14472,sortS200,srp
5s_Xylella-fastidiosa-2,sortS200,5s
tmRNA_Bact.thet._AE015928_1-397,sortS200,tmRNA
16s_C.reinhardtii.mito_domain1,sortS200,16s
23s_B.subtilis_domain6,sortS200,23s
RNaseP_A.erythreum,sortS200,RNaseP
grp1_a.I1.e.P.inouyei.C1.SSU.943,sortS200,grp1
tRNA_tdbR00000211-Haloferax_volcanii-2246-Leu-CAA,sortS200,tRNA
tRNA_tdbR00000289-Homo_sapiens-9606-Met-BAU,sortS200,tRNA
RNaseP_C.jejuni,sortS200,RNaseP
tRNA_tdbR00000581-Aeropyrum_pernix-56636-Lys-CUU,sortS200,tRNA
grp1_a.I1.e.P.sarcinoidea.C1.SSU.943,sortS200,grp1
tmRNA_Dein.radi._TRW-243230_1-349,sortS200,tmRNA
srp_Trit.aest._BE424647,sortS200,srp
tmRNA_Coxi.burn._AE016828_1-360,sortS200,tmRNA
16s_B.subtilis_domain2,sortS200,16s
RNaseP_D.jeanneae,sortS200,RNaseP
tRNA_tdbR00000588-Aeropyrum_pernix-56636-Asp-GUC,sortS200,tRNA
5s_Aurelia_aurita-1,sortS200,5s
grp1_a.I1.e.D.parva.C1.SSU.1512,sortS200,grp1
srp_Haem.infl._CP000671,sortS200,srp
5s_Weissella-viridescens-2,sortS200,5s
srp_Perk.mari._GSP-31276,sortS200,srp
tRNA_tdbR00000266-Bos_taurus-9913-Leu-AA,sortS200,tRNA
23s_S.aureus_domain6,sortS200,23s
5s_Buchnera-aphidicola-1,sortS200,5s
tRNA_tdbR00000517-Neurospora_crassa-5141-Ini-CAU,sortS200,tRNA
16s_P.staleyi_domain3,sortS200,16s
srp_Meth.volt._M22560,sortS200,srp
23s_T.thermophilus_domain4,sortS200,23s
tmRNA_Acid.caps._TRW-240015_1-352,sortS200,tmRNA
16s_H.sapiens.mito_domain1,sortS200,16s
tRNA_tdbR00000325-Pichia_jadinii-4903-Pro-GG,sortS200,tRNA
5s_Saprospira-grandis-1,sortS200,5s
16s_B.burgdorferi_domain4,sortS200,16s
grp1_a.I1.e.P.macrosporus.C1.SSU.1506,sortS200,grp1
5s_Dehalococcoides-ethenogenes-1,sortS200,5s
5s_Wolbachia-endosymbiont-of-D.-melanogaster-1,sortS200,5s
16s_C.reinhardtii.chloro_domain2,sortS200,16s
srp_Lyco.escu._Z46746,sortS200,srp
5s_Rickettsia-prowazekii-1,sortS200,5s
grp1_a.I1.e.L.dispersa.UNK.SSU.1210,sortS200,grp1
5s_Thraustochytrium-visurgense-2,sortS200,5s
16s_T.maritima_domain4,sortS200,16s
grp1_a.I1.e.C.saccatum.C1.SSU.1512,sortS200,grp1
srp_Lodd.elon._GSP-379508,sortS200,srp
tmRNA_Ente.faec._TRW-1352_1-367,sortS200,tmRNA
grp1_a.I1.e.S.paniceum.UNK.SSU.1506,sortS200,grp1
tRNA_tdbR00000386-Mycoplasma_mycoides-2102-Ser-UGA,sortS200,tRNA
RNaseP_B.brevis,sortS200,RNaseP
tRNA_tdbR00000043-Haloferax_volcanii-2246-Glu-NUC,sortS200,tRNA
RNaseP_P.cultripes,sortS200,RNaseP
tRNA_tdbR00000463-Bos_taurus-9913-Val-UAC,sortS200,tRNA
5s_Finegoldia-magna-2,sortS200,5s
srp_Sorg.bico._BE594178,sortS200,srp
tRNA_tdbR00000483-Bacillus_subtilis-1423-Trp-CCA,sortS200,tRNA
grp1_a.I1.e.L.dispersa.UNK.SSU.789,sortS200,grp1
tRNA_tdbR00000493-Bos_taurus-9913-Trp-NCA,sortS200,tRNA
tRNA_tdbR00000613-Nanoarchaeum_equitans-160232-Glu-CUC,sortS200,tRNA
5s_Chlorobium-tepidum-1,sortS200,5s
RNaseP_ESH26-4,sortS200,RNaseP
grp1_a.I1.e.A.capsulatus.CBS213.53.C1.SSU.943,sortS200,grp1
tmRNA_Ther.teng._AE013063_1-351,sortS200,tmRNA
srp_Leis.trop._AY781789,sortS200,srp
RNaseP_PS24,sortS200,RNaseP
5s_Methanococcus-maripaludis-1,sortS200,5s
5s_Sphingomonas-ursincola-1,sortS200,5s
tRNA_tdbR00000383-Haloferax_volcanii-2246-Ser-GGA,sortS200,tRNA
srp_Stre.coel._AL939118,sortS200,srp
RNaseP_C.crescentus,sortS200,RNaseP
tRNA_tdbR00000475-Mus_musculus-10090-Val-IAC,sortS200,tRNA
srp_Psyc.ingr._CP000510,sortS200,srp
RNaseP_Pseudoanabaena-PCC6903,sortS200,RNaseP
5s_Ascobolus-immersus-4,sortS200,5s
5s_Ureaplasma-urealyticum-3,sortS200,5s
srp_Aspe.terr._GSP-341663,sortS200,srp
5s_Filobasidiella-depauperata-1,sortS200,5s
5s_Coxiella-burnetii-1,sortS200,5s
RNaseP_H.volcanii,sortS200,RNaseP
5s_Thermoplasma-volcanium-1,sortS200,5s
tRNA_tdbR00000516-Spinacia_oleracea-3562-Ini-CAU,sortS200,tRNA
tmRNA_Acid.ferr._TRW-920_1-341,sortS200,tmRNA
tmRNA_Camp.upsa._TRW-306264_1-359,sortS200,tmRNA
tmRNA_Rumi.albu._TRW-246199_1-354,sortS200,tmRNA
5s_Emericella-nidulans-5,sortS200,5s
srp_Clos.novy._CP000382,sortS200,srp
tmRNA_Paen.larv._TRW-1464_1-367,sortS200,tmRNA
tmRNA_Porp.purp._TRW-2787_1-323,sortS200,tmRNA
RNaseP_A.pernix,sortS200,RNaseP
tRNA_tdbR00000580-Aeropyrum_pernix-56636-Lys-UUU,sortS200,tRNA
16s_C.elegans_domain2,sortS200,16s
RNaseP_CPB144,sortS200,RNaseP
tmRNA_Carn.malt._AF275938_1-366,sortS200,tmRNA
tRNA_tdbR00000234-Spinacia_oleracea-3562-Leu-UA7,sortS200,tRNA
srp_Stre.muta._AE014879,sortS200,srp
16s_E.coli_domain3,sortS200,16s
5s_Bacteroides-capillosus-1,sortS200,5s
grp1_a.I1.e.Staurastrum.sp.M753.C1.SSU.1506,sortS200,grp1
tRNA_tdbR00000191-Mesocricetus_auratus-10036-Lys-NUU,sortS200,tRNA
5s_Chlamydia-trachomatis-1,sortS200,5s
srp_Myco.vanb._CP000511,sortS200,srp
tRNA_tdbR00000078-Ascaris_suum-6253-Phe-GAA,sortS200,tRNA
tRNA_tdbR00000618-Candida_albicans-5476-Leu-CAG,sortS200,tRNA
tmRNA_Chla.trac._TRW-813-2_1-420,sortS200,tmRNA
srp_Sacc.cere._U18916,sortS200,srp
tRNA_tdbR00000616-Nanoarchaeum_equitans-160232-Lys-CUU,sortS200,tRNA
tRNA_tdbR00000142-Saccharomyces_cerevisiae-4932-His-GUG,sortS200,tRNA
telomerase_AF221913.109-520,sortS200,telomerase
tmRNA_List.wels._AF440351_1-321,sortS200,tmRNA
srp_Babe.bige._GSP-5866,sortS200,srp
tRNA_tdbR00000462-Rattus_norvegicus-10116-Val-UAC,sortS200,tRNA
RNaseP_A.eutrophus,sortS200,RNaseP
5s_Caenorhabditis-elegans-3,sortS200,5s
srp_Myco.tube._AE000516,sortS200,srp
tmRNA_Prev.rumi._TRW-264731_1-401,sortS200,tmRNA
RNaseP_P.staleyi,sortS200,RNaseP
srp_Anto.locu._GSP-278021,sortS200,srp
tRNA_tdbR00000243-Rattus_norvegicus-10116-Leu-UAG,sortS200,tRNA
grp1_a.I1.e.L.dispersa.UNK.SSU.1516,sortS200,grp1
5s_Erythromicrobium-ramosum-1,sortS200,5s
5s_Nocardia-farcinica-1,sortS200,5s
srp_Citr.sine._CN181544,sortS200,srp
tmRNA_Stap.epid._AF375586_1-311,sortS200,tmRNA
srp_Schi.pomb._Z99259,sortS200,srp
RNaseP_S.unisporus,sortS200,RNaseP
RNaseP_U.urealyticum,sortS200,RNaseP
tmRNA_Xant.oryz._AE013598_1-397,sortS200,tmRNA
tRNA_tdbR00000438-Escherichia_coli-562-Thr-GGU,sortS200,tRNA
RNaseP_S.epidermidis,sortS200,RNaseP
5s_Paenibacillus-popilliae-1,sortS200,5s
tRNA_tdbR00000350-Haloferax_volcanii-2246-Arg-GCG,sortS200,tRNA
RNaseP_B.bronchiseptica,sortS200,RNaseP
16s_C.elegans_domain4,sortS200,16s
RNaseP_LGB27,sortS200,RNaseP
RNaseP_M.tuberculosis-g,sortS200,RNaseP
5s_Klebsormidium-flaccidum-1,sortS200,5s
tRNA_tdbR00000400-Loligo_bleekeri-6617-Ser-7CU,sortS200,tRNA
srp_Para.bras._EH655308,sortS200,srp
RNaseP_SMB-B3,sortS200,RNaseP
tRNA_tdbR00000009-Escherichia_coli-562-Ala-VGC,sortS200,tRNA
RNaseP_Prochlorococcus-NATL2,sortS200,RNaseP
tRNA_tdbR00000052-Aedes_albopictus-7160-Glu-NUC,sortS200,tRNA
5s_Ehrlichia-ruminantium-1,sortS200,5s
tmRNA_Myco.pulm._AL445565_1-387,sortS200,tmRNA
tmRNA_Stre.ther._CP000419_1-350,sortS200,tmRNA
16s_H.sapiens_domain3,sortS200,16s
16s_Z.mays_domain4,sortS200,16s
grp1_a.I1.e.S.paniceum.UNK.SSU.1052,sortS200,grp1
tRNA_tdbR00000019-Mycoplasma_capricolum-2095-Cys-GCA,sortS200,tRNA
tRNA_tdbR00000224-Rhodospirillum_rubrum-1085-Leu-CAA,sortS200,tRNA
tmRNA_Bdel.bact._BX842656_1-346,sortS200,tmRNA
tmRNA_Stre.scab._TRW-1883_1-402,sortS200,tmRNA
RNaseP_PS8,sortS200,RNaseP
srp_Chlo.vulg._AB001684,sortS200,srp
5s_Roseococcus-thiosulfatophilus-1,sortS200,5s
RNaseP_Buchnera-APS,sortS200,RNaseP
5s_Candidatus-Tremblaya-princeps-6,sortS200,5s
RNaseP_ESH46a-1,sortS200,RNaseP
tRNA_tdbR00000414-Lupinus_luteus-3873-Ser-CGA,sortS200,tRNA
tRNA_tdbR00000395-Saccharomyces_cerevisiae-4932-Ser-GCU,sortS200,tRNA
srp_Camp.jeju._CP000025,sortS200,srp
tRNA_tdbR00000409-Candida_cylindracea-44322-Ser-CAG,sortS200,tRNA
tRNA_tdbR00000557-Pichia_jadinii-4903-Tyr-GPA,sortS200,tRNA
tRNA_tdbR00000518-Saccharomyces_cerevisiae-4932-Ini-CAU,sortS200,tRNA
tRNA_tdbR00000567-Homo_sapiens-9606-Tyr-9PA,sortS200,tRNA
RNaseP_H.influenza,sortS200,RNaseP
tmRNA_Onio.yell._AP006628_1-423,sortS200,tmRNA
16s_B.subtilis_domain4,sortS200,16s
16s_P.staleyi_domain2,sortS200,16s
tmRNA_Lact.john._TRW-257314_1-367,sortS200,tmRNA
tRNA_tdbR00000623-Escherichia_coli-562-Pro-CGG,sortS200,tRNA
tRNA_tdbR00000379-Enterobacteria_phage_T4-10665-Ser-NGA,sortS200,tRNA
tRNA_tdbR00000124-Aedes_albopictus-7160-Gly-UCC,sortS200,tRNA
RNaseP_ESH7-4,sortS200,RNaseP
5s_Ulva-pertusa-1,sortS200,5s
RNaseP_V.cholera,sortS200,RNaseP
5s_Halorubrum-saccharovorum-1,sortS200,5s
tmRNA_Cyto.hutc._CP000383_1-404,sortS200,tmRNA
tRNA_tdbR00000619-Toxoplasma_gondii-5811-Met-CAU,sortS200,tRNA
5s_Erythromicrobium-hydrolyticum-1,sortS200,5s
tmRNA_Cald.sacc._TRW-351627_1-368,sortS200,tmRNA
16s_B.subtilis_domain3,sortS200,16s
16s_C.reinhardtii.mito_domain3,sortS200,16s
23s_T.thermophilus_domain6,sortS200,23s
5s_Rhodococcus-fascians-2,sortS200,5s
5s_Pedobacter-heparinus-1,sortS200,5s
telomerase_AF221926.103-507,sortS200,telomerase
grp1_a.I1.e.S.granulatum.C1.SSU.1506,sortS200,grp1
RNaseP_Calothrix-PCC7601,sortS200,RNaseP
RNaseP_R.rubrum,sortS200,RNaseP
tmRNA_Bord.pert._TRW-257313_1-387,sortS200,tmRNA
tRNA_tdbR00000578-Leishmania_tarentolae-5689-Glu-3UC,sortS200,tRNA
5s_Plasmodium-falciparum-1,sortS200,5s
RNaseP_H.trapanicum,sortS200,RNaseP
RNaseP_PS2,sortS200,RNaseP
5s_Mycoplasma-mobile-1,sortS200,5s
srp_Shig.flex._AE014073,sortS200,srp
RNaseP_P.troglodytes,sortS200,RNaseP
RNaseP_M.capricolum,sortS200,RNaseP
srp_Unci.rees._GSP-336963,sortS200,srp
RNaseP_C.tepidum-g,sortS200,RNaseP
srp_Phyt.soja._GSP-67593,sortS200,srp
telomerase_AY312571.605-1069,sortS200,telomerase
tmRNA_Chro.viol._AE016825_1-365,sortS200,tmRNA
tRNA_tdbR00000461-Rattus_norvegicus-10116-Val-UAC,sortS200,tRNA
tmRNA_Pelo.carb._CP000142_1-358,sortS200,tmRNA
5s_Scenedesmus-obliquus-1,sortS200,5s
srp_Yers.pseu._BX936398,sortS200,srp
RNaseP_N.jensenii,sortS200,RNaseP
23s_H.pylori_domain3,sortS200,23s
srp_Sene.crue._SDB-189209,sortS200,srp
5s_Paramecium-tetraurelia-1,sortS200,5s
grp1_a.I1.e.L.dispersa.UNK.SSU.1046,sortS200,grp1
grp1_a.I1.e.S.paniceum.UNK.SSU.287,sortS200,grp1
tmRNA_envi.sequ._TRW-259292_1-355,sortS200,tmRNA
RNaseP_N.gregoryi,sortS200,RNaseP
tmRNA_envi.sequ._TRW-351057-3_1-355,sortS200,tmRNA
tRNA_tdbR00000345-Homo_sapiens-9606-Gln-NUG,sortS200,tRNA
5s_Gracilaria-compressa-2,sortS200,5s
srp_Toxo.gond._CO743022,sortS200,srp
tmRNA_Aqui.aeol._TRW-63363_1-347,sortS200,tmRNA
grp1_a.I1.b.Phormidium.sp.N182.C3.tLEU,sortS200,grp1
telomerase_AF221918.97-547,sortS200,telomerase
tmRNA_Mora.cata._AX067460_1-359,sortS200,tmRNA
tmRNA_Emil.huxl._TRW-280463_1-291,sortS200,tmRNA
tRNA_tdbR00000467-Pichia_jadinii-4903-Val-IAC,sortS200,tRNA
srp_List.mono._AE017262,sortS200,srp
tRNA_tdbR00000127-Halocynthia_roretzi-7729-Gly-UCU,sortS200,tRNA
5s_Xenopus-laevis-5,sortS200,5s
23s_S.aureus_domain3,sortS200,23s
tmRNA_Aero.hydr._CP000462_1-360,sortS200,tmRNA
tmRNA_Bloc.penn._CP000016_1-392,sortS200,tmRNA
tmRNA_Leif.xyli._AE016822_1-394,sortS200,tmRNA
5s_Hyphomonas-oligotropha-1,sortS200,5s
tRNA_tdbR00000138-Haloferax_volcanii-2246-His-GUG,sortS200,tRNA
5s_Notophthalmus-viridescens-1,sortS200,5s
grp1_a.I1.e.P.carinii.Pc1.C1.LSU.1921,sortS200,grp1
tmRNA_Deha.ethe._CP000027_1-352,sortS200,tmRNA
tmRNA_Ther.elon._BA000039_1-386,sortS200,tmRNA
tRNA_tdbR00000036-Euglena_gracilis-3039-Asp-GUC,sortS200,tRNA
tmRNA_Prop.acne._TRW-1747-3_1-353,sortS200,tmRNA
srp_Clav.lusi._GSP-306902,sortS200,srp
tRNA_tdbR00000398-Ascaris_suum-6253-Ser-UCU,sortS200,tRNA
srp_Camp.jeju._CP000768,sortS200,srp
RNaseP_C.trachomatis-D,sortS200,RNaseP
grp1_a.I1.e.S.paniceum.UNK.SSU.114,sortS200,grp1
5s_Oryza-sativa-2,sortS200,5s
16s_C.psittaci_domain2,sortS200,16s
srp_Ther.mela._CP000716,sortS200,srp
srp_Gibb.zeae._GSP-229533,sortS200,srp
tmRNA_Phot.prof._CR378665_1-368,sortS200,tmRNA
tmRNA_Heli.pylo._TRW-85963_1-386,sortS200,tmRNA
16s_Z.mays_domain3,sortS200,16s
srp_Medi.trun._CX540689,sortS200,srp
srp_Xeno.laev._X01055,sortS200,srp
tmRNA_Heli.must._DQ250625_1-366,sortS200,tmRNA
RNaseP_LGW116,sortS200,RNaseP
RNaseP_M.barkeri,sortS200,RNaseP
srp_Porp.purp._U38804,sortS200,srp
tRNA_tdbR00000245-Rattus_norvegicus-10116-Leu-UAG,sortS200,tRNA
tmRNA_Clos.perf._TRW-195102_1-361,sortS200,tmRNA
16s_H.sapiens_domain4,sortS200,16s
srp_Thei.annu._NW_001091934,sortS200,srp
tmRNA_Camp.fetu._AY211269_1-361,sortS200,tmRNA
srp_Meth.mari._CP000745,sortS200,srp
tmRNA_Chlo.chlo._CP000108_1-401,sortS200,tmRNA
5s_Mycoplasma-gallisepticum-4,sortS200,5s
5s_Silicibacter-pomeroyi-1,sortS200,5s
5s_Bacillus-amyloliquefaciens-1,sortS200,5s
srp_Oryz.sati._AP003333,sortS200,srp
tmRNA_Urea.parv._AE002154_1-413,sortS200,tmRNA
5s_Vibrio-nereis-1,sortS200,5s
5s_Chlamydomonas-reinhardtii-2,sortS200,5s
RNaseP_SM-A3254,sortS200,RNaseP
srp_Myco.spec._CP000580,sortS200,srp
tmRNA_Nitr.mult._CP000103_1-362,sortS200,tmRNA
5s_Tremella-mesenterica-1,sortS200,5s
16s_G.intestinalis_domain3,sortS200,16s
RNaseP_C.paradoxa-cyanelle,sortS200,RNaseP
srp_Proc.spec._AJ011025,sortS200,srp
tRNA_tdbR00000555-Saccharomyces_cerevisiae-4932-Tyr-GPA,sortS200,tRNA
RNaseP_K.polysporus,sortS200,RNaseP
telomerase_AF221929.92-517,sortS200,telomerase
16s_G.intestinalis_domain1,sortS200,16s
tRNA_tdbR00000244-Rattus_norvegicus-10116-Leu-UAG,sortS200,tRNA
16s_P.occultum_domain4,sortS200,16s
RNaseP_S.acidocaldarius,sortS200,RNaseP
srp_Cand.glab._CR380957,sortS200,srp
grp1_a.I1.e.P.inouyei.C1.SSU.1506,sortS200,grp1
16s_M.polymorpha_domain3,sortS200,16s
tRNA_tdbR00000366-Rattus_norvegicus-10116-Arg-UCG,sortS200,tRNA
RNaseP_A.laidlawii,sortS200,RNaseP
tRNA_tdbR00000556-Schizosaccharomyces_pombe-4896-Tyr-GPA,sortS200,tRNA
tmRNA_Fibr.succ._TRW-59374_1-361,sortS200,tmRNA
tmRNA_Ocea.ihey._BA000028_1-364,sortS200,tmRNA
tmRNA_Stre.uber._TRW-218495_1-350,sortS200,tmRNA
RNaseP_P.innocua,sortS200,RNaseP
tmRNA_Ther.neap._TRW-309803_1-357,sortS200,tmRNA
RNaseP_P.canadensis,sortS200,RNaseP
RNaseP_Rr327,sortS200,RNaseP
tRNA_tdbR00000380-Halobacterium_salinarum-2242-Ser-MGA,sortS200,tRNA
srp_Dict.disc._BJ360333,sortS200,srp
srp_Medi.trun._AC136507-2,sortS200,srp
tRNA_tdbR00000335-Nicotiana_rustica-4093-Gln-NUG,sortS200,tRNA
tmRNA_uncu.bact._TRW-383630-1_1-364,sortS200,tmRNA
5s_Neurospora-intermedia-1,sortS200,5s
5s_Bursaphelenchus-xylophilus-1,sortS200,5s
RNaseP_M.pneumoniae,sortS200,RNaseP
tRNA_tdbR00000364-Ascaris_suum-6253-Arg-ACG,sortS200,tRNA
tmRNA_Tric.eryt._CP000393_1-398,sortS200,tmRNA
tmRNA_Cory.diph._BX248356_1-385,sortS200,tmRNA
grp1_a.I1.c.A.cherimola.C3.tLEU,sortS200,grp1
tmRNA_Dich.nodo._TRW-35819_1-352,sortS200,tmRNA
tRNA_tdbR00000167-Aedes_albopictus-7160-Ile-GAU,sortS200,tRNA
tmRNA_Syne.spec._TRW-32049_1-396,sortS200,tmRNA
tmRNA_Desu.desu._CP000112_1-360,sortS200,tmRNA
RNaseP_SM-A5584,sortS200,RNaseP
RNaseP_ESH212C,sortS200,RNaseP
23s_H.pylori_domain6,sortS200,23s
tRNA_tdbR00000169-Homo_sapiens-9606-Ile-GAU,sortS200,tRNA
tRNA_tdbR00000423-Rattus_norvegicus-10116-Ser-IGA,sortS200,tRNA
5s_Methanosarcina-vacuolata-1,sortS200,5s
5s_Fusobacterium-nucleatum-5,sortS200,5s
RNaseP_T.syrichta,sortS200,RNaseP
tmRNA_Geob.meta._CP000148_1-356,sortS200,tmRNA
16s_H.volcanii_domain1,sortS200,16s
RNaseP_E.thermomarinus,sortS200,RNaseP
srp_Oryz.sati._AP008207,sortS200,srp
tRNA_tdbR00000114-Staphylococcus_epidermidis-1282-Gly-UCC,sortS200,tRNA
tmRNA_Borr.gari._CP000013_1-363,sortS200,tmRNA
RNaseP_Nostoc-PCC7413,sortS200,RNaseP
tRNA_tdbR00000390-Escherichia_coli-562-Ser-CGA,sortS200,tRNA
tRNA_tdbR00000573-Leishmania_tarentolae-5689-Gln-3UG,sortS200,tRNA
5s_Sterkiella-nova-1,sortS200,5s
5s_Streptomyces-coelicolor-5,sortS200,5s
RNaseP_C.psittaci-2,sortS200,RNaseP
tmRNA_Fran.spec._TRW-298653_1-375,sortS200,tmRNA
srp_Hype.buty._CP000493,sortS200,srp
5s_Wolbachia-pipientis-1,sortS200,5s
RNaseP_T.commune,sortS200,RNaseP
tRNA_tdbR00000128-Halocynthia_roretzi-7729-Gly-GCU,sortS200,tRNA
tRNA_tdbR00000347-Enterobacteria_phage_T4-10665-Arg-NCU,sortS200,tRNA
tmRNA_Myxo.xant._TRW-34_1-366,sortS200,tmRNA
srp_Meth.ferv._S49762,sortS200,srp
telomerase_AY058901.1-397,sortS200,telomerase
RNaseP_ESH30-3,sortS200,RNaseP
tmRNA_Lact.brev._CP000416_1-372,sortS200,tmRNA
5s_Cyanidium-caldarium-1,sortS200,5s
tRNA_tdbR00000069-Synechococcus_sp._PCC_7002-32049-Phe-GAA,sortS200,tRNA
5s_Lactobacillus-johnsonii-1,sortS200,5s
tRNA_tdbR00000313-Haloferax_volcanii-2246-Pro-UGG,sortS200,tRNA
RNaseP_G.sulfurreducens,sortS200,RNaseP
tmRNA_envi.sequ._TRW-300695-2_1-345,sortS200,tmRNA
srp_Tetr.ther._X56981,sortS200,srp
RNaseP_LGB5,sortS200,RNaseP
tRNA_tdbR00000177-Mycoplasma_capricolum-2095-Lys-CUU,sortS200,tRNA
5s_Mycoplasma-genitalium-1,sortS200,5s
srp_Plas.berg._DC223613,sortS200,srp
5s_Planocera-reticulata-1,sortS200,5s
tmRNA_Moor.ther._CP000232_1-358,sortS200,tmRNA
5s_Ascobolus-immersus-1,sortS200,5s
16s_E.coli_domain2,sortS200,16s
16s_Z.mays_domain1,sortS200,16s
tRNA_tdbR00000590-Ascaris_suum-6253-Glu-UC,sortS200,tRNA
srp_Halo.volc._AF395888,sortS200,srp
grp1_b.I1.e.M.anisopliae.2.C1.LSU.1921,sortS200,grp1
tmRNA_Bloc.flor._BX248583_1-393,sortS200,tmRNA
tRNA_tdbR00000426-Drosophila_melanogaster-7227-Ser-CGA,sortS200,tRNA
tRNA_tdbR00000576-Leishmania_tarentolae-5689-Asp-GUC,sortS200,tRNA
tmRNA_Sulf.azor._TRW-204536_1-351,sortS200,tmRNA
srp_Schi.pomb._AU010514,sortS200,srp
tmRNA_Trep.dent._AE017226_1-351,sortS200,tmRNA
grp1_a.I1.e.S.sclerotiorum_1837.C1.LSU.798,sortS200,grp1
RNaseP_A.telluris,sortS200,RNaseP
srp_Shig.flex._CP000266,sortS200,srp
5s_Asterias-vulgaris-1,sortS200,5s
RNaseP_S.dairensis,sortS200,RNaseP
srp_Pyro.isla._CP000504,sortS200,srp
srp_Stap.epid._AX145149,sortS200,srp
5s_Symbiobacterium-thermophilum-4,sortS200,5s
5s_Chlorella-pyrenoidosa-1,sortS200,5s
srp_Ther.volc._BA000011,sortS200,srp
tmRNA_Thal.weis._AF049491_1-348,sortS200,tmRNA
5s_Gemm_obscuB,sortS200,5s
RNaseP_SM-A06,sortS200,RNaseP
16s_C.reinhardtii.mito_domain2,sortS200,16s
srp_Scle.scle._GSP-325569,sortS200,srp
5s_Tilletiaria-anomala-1,sortS200,5s
RNaseP_SL1-1,sortS200,RNaseP
16s_C.reinhardtii.chloro_domain1,sortS200,16s
srp_Urea.parv._AE002112,sortS200,srp
5s_Limulus-polyphemus-1,sortS200,5s
tmRNA_envi.sequ._TRW-356-1_1-289,sortS200,tmRNA
tmRNA_Nitr.ocea._CP000127_1-361,sortS200,tmRNA
tRNA_tdbR00000382-Haloferax_volcanii-2246-Ser-MGA,sortS200,tRNA
tRNA_tdbR00000492-Rattus_norvegicus-10116-Trp-NCA,sortS200,tRNA
16s_A.fulgidus_domain2,sortS200,16s
RNaseP_CPB149,sortS200,RNaseP
srp_Lept.coll._AF006750,sortS200,srp
RNaseP_P.marinus-2,sortS200,RNaseP
5s_Halobacterium-sp.-2,sortS200,5s
5s_Wolinella-succinogenes-1,sortS200,5s
srp_Myco.hyop._AE017243,sortS200,srp
5s_Meloidogyne-artiellia-1,sortS200,5s
RNaseP_Mxa1,sortS200,RNaseP
RNaseP_P.hollandica,sortS200,RNaseP
5s_Methanothermobacter-thermautotrophicus-5,sortS200,5s
tmRNA_Buch.aphi._AE016826_1-367,sortS200,tmRNA
16s_H.volcanii_domain2,sortS200,16s
tRNA_tdbR00000168-Bos_taurus-9913-Ile-GAU,sortS200,tRNA
23s_E.coli_domain3,sortS200,23s
RNaseP_vHge3-5,sortS200,RNaseP
tmRNA_Sali.rube._CP000159_1-369,sortS200,tmRNA
RNaseP_SM-A5888,sortS200,RNaseP
srp_Ferr.acid._GSP-333146,sortS200,srp
tRNA_tdbR00000609-Chlamydomonas_reinhardtii-3055-Leu-UA7,sortS200,tRNA
srp_Baci.anth._AE017334,sortS200,srp
tRNA_tdbR00000091-Pisum_sativum-3888-Phe-AA,sortS200,tRNA
tmRNA_uncu.bact._TRW-72274-2_1-359,sortS200,tmRNA
srp_Lact.delb._AF496545,sortS200,srp
5s_Halorubrum-distributum-3,sortS200,5s
5s_Coleochaete-scutata-1,sortS200,5s
5s_Pleurodeles-waltl-1,sortS200,5s
tRNA_tdbR00000389-Bacillus_subtilis-1423-Ser-GGA,sortS200,tRNA
tmRNA_Ther.rose._TRW-309801_1-353,sortS200,tmRNA
tRNA_tdbR00000594-Ascaris_suum-6253-Leu-AA,sortS200,tRNA
tRNA_tdbR00000393-Escherichia_coli-562-Ser-GGA,sortS200,tRNA
srp_Para.bras._GSP-121759,sortS200,srp
5s_Thermotoga-sp.-3,sortS200,5s
tRNA_tdbR00000460-Aedes_albopictus-7160-Val-UAC,sortS200,tRNA
tmRNA_Chlo.aura._AY040836_1-361,sortS200,tmRNA
RNaseP_CPA61,sortS200,RNaseP
tRNA_tdbR00000489-Neurospora_crassa-5141-Trp-NCA,sortS200,tRNA
tmRNA_Ther.fusc._CP000088_1-372,sortS200,tmRNA
tmRNA_Spir.kunk._TRW-273035_1-424,sortS200,tmRNA
tRNA_tdbR00000394-Escherichia_coli-562-Ser-VGA,sortS200,tRNA
grp1_a.I1.e.P.clavariiformis.C1.SSU.943,sortS200,grp1
5s_Myxococcus-coralloides-1,sortS200,5s
RNaseP_LGB21,sortS200,RNaseP
tRNA_tdbR00000577-Leishmania_tarentolae-5689-Glu-CUC,sortS200,tRNA
tmRNA_Croc.wats._TRW-165597_1-386,sortS200,tmRNA
telomerase_AF221908.136-584,sortS200,telomerase
16s_C.reinhardtii.chloro_domain3,sortS200,16s
5s_Streptomyces-nodosus-2,sortS200,5s
srp_Porp.yezo._AP006715,sortS200,srp
tRNA_tdbR00000583-Aeropyrum_pernix-56636-Cys-GCA,sortS200,tRNA
5s_Brucella-suis-1,sortS200,5s
tmRNA_Lept.spec._TRW-261386_1-359,sortS200,tmRNA
16s_C.psittaci_domain4,sortS200,16s
srp_Wolb.endo._AE017321,sortS200,srp
grp1_a.I1.e.G.planctonica.C1.SSU.943,sortS200,grp1
5s_Desulfurococcus-mobilis-1,sortS200,5s
5s_Thiobacillus-thioparus-1,sortS200,5s
5s_Fusarium-sporotrichioides-1,sortS200,5s
5s_Oceanobacillus-iheyensis-4,sortS200,5s
tRNA_tdbR00000505-Mycoplasma_mycoides-2102-Ini-CAU,sortS200,tRNA
RNaseP_C.diphtheriae,sortS200,RNaseP
tRNA_tdbR00000129-Saccharomyces_cerevisiae-4932-Gly-GCC,sortS200,tRNA
5s_Pseudomonas-stutzeri-2,sortS200,5s
16s_C.psittaci_domain3,sortS200,16s
RNaseP_M.fermentans,sortS200,RNaseP
srp_Plas.yoel._GSP-352914,sortS200,srp
srp_Trit.aest._X13915,sortS200,srp
srp_Xant.oryz._AP008229,sortS200,srp
5s_Paracentrotus-lividus-2,sortS200,5s
23s_T.thermophilus_domain3,sortS200,23s
5s_Porphyra-yezoensis-1,sortS200,5s
srp_Giar.lamb._GSP-184922,sortS200,srp
RNaseP_T.delbrueckii,sortS200,RNaseP
srp_Fuso.nucl._AE009951,sortS200,srp
RNaseP_N.plantarum,sortS200,RNaseP
RNaseP_EM14b-11,sortS200,RNaseP
srp_Rals.meta._CP000352,sortS200,srp
srp_Oryz.sati._AC079888,sortS200,srp
tRNA_tdbR00000466-Saccharomyces_cerevisiae-4932-Val-AC,sortS200,tRNA
tmRNA_envi.sequ._TRW-2-2_1-356,sortS200,tmRNA
telomerase_AF147806.247-692,sortS200,telomerase
srp_Trep.dent._AE017226,sortS200,srp
telomerase_AF221909.98-496,sortS200,telomerase
srp_Sulf.toko._BA000023,sortS200,srp
RNaseP_ESH183D,sortS200,RNaseP
srp_Phak.pach._GSP-170000-2,sortS200,srp
grp1_a.I1.e.P.carinii.Pc3.C1.LSU.1921,sortS200,grp1
tmRNA_Gemm.obsc._TRW-214688_1-412,sortS200,tmRNA
16s_C.reinhardtii.mito_domain4,sortS200,16s
16s_H.volcanii_domain3,sortS200,16s
5s_Rhodobacter-sphaeroides-1,sortS200,5s
srp_Lotu.corn._AP006123,sortS200,srp
tRNA_tdbR00000399-Aedes_albopictus-7160-Ser-GCU,sortS200,tRNA
tmRNA_Legi.pneu._CR628337_1-406,sortS200,tmRNA
tRNA_tdbR00000237-Saccharomyces_cerevisiae-4932-Leu-AA,sortS200,tRNA
RNaseP_CPA62,sortS200,RNaseP
tmRNA_Meth.caps._AE017282_1-356,sortS200,tmRNA
tmRNA_Pseu.halo._CR954246_1-357,sortS200,tmRNA
grp1_a.I1.e.C.merochlorophea.UNK.SSU.1046,sortS200,grp1
5s_Halorubrum-terrestre-1,sortS200,5s
RNaseP_SLC,sortS200,RNaseP
5s_Drosophila-melanogaster-2,sortS200,5s
srp_Trit.aest._CJ679223,sortS200,srp
16s_T.maritima_domain2,sortS200,16s
grp1_b.I1.e.C.saccharophila.C1.SSU.156,sortS200,grp1
16s_F.ananassa_domain4,sortS200,16s
16s_M.polymorpha_domain2,sortS200,16s
RNaseP_B.anthracis,sortS200,RNaseP
5s_Neurospora-crassa-11,sortS200,5s
srp_Sino.medi._CP000738,sortS200,srp
srp_Myco.lepr._AL023596,sortS200,srp
5s_Porphyromonas-gingivalis-2,sortS200,5s
srp_Kluy.lact._CR382126,sortS200,srp
telomerase_AF221932.102-549,sortS200,telomerase
tmRNA_Baci.G._TRW-12333_1-312,sortS200,tmRNA
tmRNA_uncu.bact._TRW-80840-3_1-379,sortS200,tmRNA
16s_S.cerevisiae_domain4,sortS200,16s
tRNA_tdbR00000504-Mycoplasma_capricolum-2095-Ini-CAU,sortS200,tRNA
5s_Rhodobacter-capsulatus-3,sortS200,5s
tmRNA_Haem.ducr._AE017143_1-367,sortS200,tmRNA
RNaseP_LGA6,sortS200,RNaseP
srp_Rhod.balt._BX294144,sortS200,srp
grp1_a.I1.e.A.adeninivorans.C1.LSU.2449,sortS200,grp1
srp_Bras.oler._GSP-109376,sortS200,srp
16s_A.pyrophilus_domain4,sortS200,16s
srp_Aero.pern._BA000002,sortS200,srp
srp_Kluy.yarr._479647571,sortS200,srp
tmRNA_Leuc.mese._AF375574_1-307,sortS200,tmRNA
tRNA_tdbR00000391-Escherichia_coli-562-Ser-GCU,sortS200,tRNA
tmRNA_Neph.oliv._AF137379-2_1-327,sortS200,tmRNA
grp1_a.I1.e.U.maydis.C1.SSU.943,sortS200,grp1
srp_Phae.nodo._GSP-321614,sortS200,srp
srp_Pyro.aero._AE009852,sortS200,srp
RNaseP_U.stansburiana,sortS200,RNaseP
srp_Ther.petr._CP000702,sortS200,srp
tmRNA_Azoa.spec._TRW-62928_1-378,sortS200,tmRNA
RNaseP_C.innocuum,sortS200,RNaseP
5s_Mycoplasma-flocculare-1,sortS200,5s
16s_A.fulgidus_domain3,sortS200,16s
5s_Wigglesworthia-glossinidia-1,sortS200,5s
5s_Wuchereria-bancrofti-1,sortS200,5s
tmRNA_Idio.loih._AE017340_1-359,sortS200,tmRNA
RNaseP_P.purpurea-chloroplast,sortS200,RNaseP
RNaseP_Anabaena-PCC7120,sortS200,RNaseP
tmRNA_Lact.sake._TRW-314315_1-370,sortS200,tmRNA
srp_Clos.ther._CP000568,sortS200,srp
5s_Azospirillum-lipoferum-1,sortS200,5s
tRNA_tdbR00000126-Halocynthia_roretzi-7729-Gly-NCU,sortS200,tRNA
grp1_a.I1.e.T.hyperangularis.C1.LSU.1925,sortS200,grp1
srp_Chla.trac._AE001298,sortS200,srp
srp_Dani.rrer._CU179657,sortS200,srp
tRNA_tdbR00000387-Bacillus_subtilis-1423-Ser-5GA,sortS200,tRNA
RNaseP_Saccharomonospora-K180,sortS200,RNaseP
5s_Hyphomicrobium-vulgare-1,sortS200,5s
grp1_a.I1.c.S.bicolor.C3.tLEU,sortS200,grp1
16s_P.staleyi_domain4,sortS200,16s
srp_Batr.dend._GSP-403673,sortS200,srp
srp_Trep.dent._AE017246,sortS200,srp
tmRNA_Pseu.aeru._CP000438_1-353,sortS200,tmRNA
RNaseP_T.pallidum,sortS200,RNaseP
RNaseP_S.solfataricus,sortS200,RNaseP
tmRNA_Grac.tenu._AY673996_1-396,sortS200,tmRNA
tRNA_tdbR00000521-Bos_taurus-9913-Ini-CAU,sortS200,tRNA
5s_Methanothermobacter-thermautotrophicus-6,sortS200,5s
RNaseP_D.radiodurans-g,sortS200,RNaseP
srp_Rick.feli._CP000053,sortS200,srp
RNaseP_SM-A2539,sortS200,RNaseP
5s_Diatoma-tenue-1,sortS200,5s
RNaseP_SM-A01,sortS200,RNaseP
RNaseP_SM-A6296,sortS200,RNaseP
tRNA_tdbR00000125-Bos_taurus-9913-Gly-UCC,sortS200,tRNA
srp_Onch.volv._BF727619,sortS200,srp
grp1_a.I1.e.E.dermatitidis.C1.SSU.943,sortS200,grp1
srp_Sola.tube._DR037646,sortS200,srp
RNaseP_T.thioparus,sortS200,RNaseP
srp_Toxo.gond._GSP-398031,sortS200,srp
tRNA_tdbR00000299-Asterias_amurensis-7602-Asn-GPU,sortS200,tRNA
tmRNA_Myco.mobi._TRW-267748_1-376,sortS200,tmRNA
tRNA_tdbR00000173-Bombyx_mori-7091-Ile-IAU,sortS200,tRNA
tmRNA_Chlo.tepi._TRW-194439_1-404,sortS200,tmRNA
grp1_a.I1.e.C.ellipsoidea.211-1a.C1.SSU.1506,sortS200,grp1
srp_Trep.pall._AE001187,sortS200,srp
tmRNA_Lact.delb._AF440335_1-316,sortS200,tmRNA
tmRNA_Thio.deni._CP000116_1-367,sortS200,tmRNA
tRNA_tdbR00000412-Candida_cylindracea-44322-Ser-CGA,sortS200,tRNA
5s_Deinococcus-radiophilus-1,sortS200,5s
srp_Taen.gutt._CK235759,sortS200,srp
tRNA_tdbR00000494-Saccharomyces_cerevisiae-4932-Trp-BCA,sortS200,tRNA
srp_Yarr.lipo._X51658,sortS200,srp
RNaseP_B.pertussis,sortS200,RNaseP
RNaseP_LGW17,sortS200,RNaseP
tmRNA_Myco.hyop._TRW-295358_1-424,sortS200,tmRNA
tmRNA_Porp.ging._TRW-242619_1-407,sortS200,tmRNA
RNaseP_C.acetobutylicum,sortS200,RNaseP
RNaseP_LGW113,sortS200,RNaseP
grp1_a.I1.e.A.stipitatus.C1.SSU.1046,sortS200,grp1
RNaseP_Z.florentinus,sortS200,RNaseP
5s_Candidatus-Phytoplasma-asteris-1,sortS200,5s
srp_Dein.radi._AE002056,sortS200,srp
16s_T.gondii_domain4,sortS200,16s
tRNA_tdbR00000359-Escherichia_coli-562-Arg-CCG,sortS200,tRNA
RNaseP_vHge2,sortS200,RNaseP
5s_Distigma-proteus-1,sortS200,5s
5s_Octopus-vulgaris-1,sortS200,5s
srp_Ence.cuni._AL590449,sortS200,srp
RNaseP_T.album,sortS200,RNaseP
RNaseP_M.thermoautotrphicumMarb,sortS200,RNaseP
RNaseP_SMB-A3,sortS200,RNaseP
tmRNA_List.gray._AF440336_1-321,sortS200,tmRNA
tmRNA_Myco.myco._BX842642_1-411,sortS200,tmRNA
tRNA_tdbR00000194-Triticum_aestivum-4565-Lys-CUU,sortS200,tRNA
5s_Chlamydomonas-reinhardtii-1,sortS200,5s
5s_Cryptomonas-paramecium-1,sortS200,5s
5s_Andrias-davidianus-1,sortS200,5s
srp_Baci.anth._AE017225,sortS200,srp
srp_Plas.reic._GSP-5854,sortS200,srp
srp_Trep.pall._AE000520,sortS200,srp
tmRNA_Rubr.gela._TRW-279263_1-372,sortS200,tmRNA
tmRNA_Stre.aver._BA000030_1-389,sortS200,tmRNA
5s_Clostridium-acetobutylicum-3,sortS200,5s
RNaseP_CPA58,sortS200,RNaseP
16s_T.gondii_domain3,sortS200,16s
5s_Pyrococcus-horikoshii-2,sortS200,5s
5s_Roseococcus-thiosulfatophilus-2,sortS200,5s
RNaseP_L.acidophilus,sortS200,RNaseP
srp_Eime.tene._GSP-413949,sortS200,srp
srp_Ther.koda._AP006878,sortS200,srp
telomerase_AF221914.112-589,sortS200,telomerase
grp1_a.I1.e.G.spirotaenia.C1.SSU.1506,sortS200,grp1
tmRNA_Trem.prin._AF481102_1-264,sortS200,tmRNA
srp_Psyc.cryo._CP000323,sortS200,srp
RNaseP_SM-A1621,sortS200,RNaseP
tmRNA_Exig.sibi._TRW-262543_1-359,sortS200,tmRNA
srp_Asco.apis._GSP-392613,sortS200,srp
tRNA_tdbR00000132-Lupinus_luteus-3873-Gly-GCC,sortS200,tRNA
RNaseP_SM-A2135,sortS200,RNaseP
tmRNA_Baci.subt._Z99121_1-360,sortS200,tmRNA
tmRNA_Haem.somn._CP000436_1-367,sortS200,tmRNA
16s_C.reinhardtii.chloro_domain4,sortS200,16s
grp1_a.I1.e.A.capsulatus.G186B.C1.SSU,sortS200,grp1
tRNA_tdbR00000607-Lupinus_luteus-3873-Leu-IAG,sortS200,tRNA
RNaseP_CPA49,sortS200,RNaseP
5s_T_cruziE,sortS200,5s
tRNA_tdbR00000572-Leishmania_tarentolae-5689-Lys-1UU,sortS200,tRNA
srp_Podo.anse._GSP-5145,sortS200,srp
tRNA_tdbR00000033-Didelphis_virginiana-9267-Asp-QUC,sortS200,tRNA
srp_Xant.camp._AM039952,sortS200,srp
srp_Nect.haem._GSP-71109,sortS200,srp
16s_P.occultum_domain2,sortS200,16s
16s_C.elegans_domain1,sortS200,16s
5s_Bacteroides-fragilis-5,sortS200,5s
5s_Lactococcus-lactis-2,sortS200,5s
tmRNA_envi.sequ._TRW-2-1_1-365,sortS200,tmRNA
RNaseP_H.pylori-RU1,sortS200,RNaseP
RNaseP_PS31,sortS200,RNaseP
tRNA_tdbR00000440-Neurospora_crassa-5141-Thr-UGU,sortS200,tRNA
tmRNA_Para.symb._BX908798_1-405,sortS200,tmRNA
tmRNA_Desu.vulg._AE017285_1-352,sortS200,tmRNA
RNaseP_SMB-B2,sortS200,RNaseP
telomerase_AF221917.99-542,sortS200,telomerase
srp_Zymo.mobi._AF203881,sortS200,srp
RNaseP_L.weilii,sortS200,RNaseP
RNaseP_LGA1,sortS200,RNaseP
RNaseP_S.lividans,sortS200,RNaseP
tmRNA_Lact.lact._AF176556_1-359,sortS200,tmRNA
tmRNA_Stre.coll._AY485228_1-386,sortS200,tmRNA
5s_Thermus-aquaticus-1,sortS200,5s
RNaseP_S.castellii,sortS200,RNaseP
RNaseP_X.fastidiosa,sortS200,RNaseP
RNaseP_M.vannielli,sortS200,RNaseP
srp_Guil.thet._AF041468,sortS200,srp
tmRNA_Fuso.nucl._TRW-393480_1-344,sortS200,tmRNA
tmRNA_uncu.bact._TRW-72274-1_1-359,sortS200,tmRNA
tmRNA_Myco.gall._AE015450_1-408,sortS200,tmRNA
tRNA_tdbR00000251-Saccharomyces_cerevisiae-4932-Leu-UAA,sortS200,tRNA
tRNA_tdbR00000032-Rattus_norvegicus-10116-Asp-GUC,sortS200,tRNA
5s_Caulobacter-sp.-4,sortS200,5s
RNaseP_CPB7776,sortS200,RNaseP
tRNA_tdbR00000080-Bos_taurus-9913-Phe-GAA,sortS200,tRNA
tRNA_tdbR00000223-Salmonella_typhimurium-602-Leu-CAG,sortS200,tRNA
tRNA_tdbR00000280-Saccharomyces_cerevisiae-4932-Met-CAU,sortS200,tRNA
telomerase_AF221937.99-545,sortS200,telomerase
tRNA_tdbR00000013-Pichia_jadinii-4903-Ala-IGC,sortS200,tRNA
5s_Onchocerca-volvulus-1,sortS200,5s
RNaseP_B.thetaiotaomicron,sortS200,RNaseP
5s_Bacteroides-thetaiotaomicron-1,sortS200,5s
tRNA_tdbR00000328-Enterobacteria_phage_T5-10726-Gln-UUG,sortS200,tRNA
srp_Yers.ente._AM286415,sortS200,srp
RNaseP_P.guilliermondii,sortS200,RNaseP
srp_Popu.trem._DN498769,sortS200,srp
tRNA_tdbR00000585-Aeropyrum_pernix-56636-Thr-CGU,sortS200,tRNA
tmRNA_envi.sequ._TRW-32045-2_1-345,sortS200,tmRNA
grp1_a.I1.e.C.merochlorophea.UNK.SSU.1389,sortS200,grp1
tRNA_tdbR00000541-Haloferax_volcanii-2246-Tyr-GUA,sortS200,tRNA
RNaseP_P.strasburgensis,sortS200,RNaseP
srp_Wolb.endo._AB080664,sortS200,srp
5s_Methanospirillum-hungatei-1,sortS200,5s
5s_Verrucomicrobium-spinosum-1,sortS200,5s
16s_H.sapiens.mito_domain2,sortS200,16s
23s_S.aureus_domain4,sortS200,23s
srp_Zymo.mobi._AE008692,sortS200,srp
RNaseP_T.littoralis,sortS200,RNaseP
tmRNA_Bifi.long._TRW-206672_1-397,sortS200,tmRNA
tmRNA_Ther.yell._TRW-289376_1-350,sortS200,tmRNA
grp1_a.I1.m.M.grisea.B2.ND1,sortS200,grp1
tmRNA_Colw.psyc._CP000083_1-350,sortS200,tmRNA
5s_Fusarium-lunulosporum-10,sortS200,5s
grp1_a.I1.b.S.hofmanii.C3.tMET,sortS200,grp1
grp1_a.I1.e.L.dispersa.UNK.SSU.114,sortS200,grp1
tRNA_tdbR00000368-Mesocricetus_auratus-10036-Arg-UCG,sortS200,tRNA
tmRNA_Cory.glut._BX927150_1-377,sortS200,tmRNA
tmRNA_Xyle.fast._TRW-155920_1-355,sortS200,tmRNA
RNaseP_H.mobilis,sortS200,RNaseP
srp_Lact.john._AE017198,sortS200,srp
srp_Plas.falc._EF690554,sortS200,srp
grp1_a.I1.e.C.grayi.UNK.SSU.1516,sortS200,grp1
srp_Meth.maze._AE008384,sortS200,srp
RNaseP_Synechococcus-PCC7003,sortS200,RNaseP
tmRNA_Lact.delb._TRW-321956_1-362,sortS200,tmRNA
RNaseP_PF101,sortS200,RNaseP
5s_Loofah-witches-broom-phytoplasma-1,sortS200,5s
tRNA_tdbR00000397-Saccharomyces_cerevisiae-4932-Ser-UGA,sortS200,tRNA
5s_Euplotes-aediculatus-1,sortS200,5s
tmRNA_Myco.Bxz1._AY129337_1-437,sortS200,tmRNA
16s_G.intestinalis_domain4,sortS200,16s
16s_M.polymorpha_domain4,sortS200,16s
23s_B.subtilis_domain4,sortS200,23s
srp_Stre.pyog._AM295007,sortS200,srp
16s_B.burgdorferi_domain2,sortS200,16s
grp1_a.I1.e.C.saxonicum.C1.SSU.1506,sortS200,grp1
RNaseP_SMB-B1,sortS200,RNaseP
grp1_a.I1.m.S.luteus.A1.LSU.2504,sortS200,grp1
RNaseP_CPB70,sortS200,RNaseP
telomerase_AF221939.99-544,sortS200,telomerase
5s_Thermomicrobium-roseum-1,sortS200,5s
srp_Tric.rees._GSP-334564-1,sortS200,srp
telomerase_U85256.1-451,sortS200,telomerase
5s_Ascaris-suum-1,sortS200,5s
srp_Shig.flex._AE016979,sortS200,srp
srp_Yers.pseu._CP000720,sortS200,srp
tRNA_tdbR00000331-Mycoplasma_capricolum-2095-Gln-UG,sortS200,tRNA
tmRNA_Woli.succ._BX571661_1-369,sortS200,tmRNA
tRNA_tdbR00000336-Aedes_albopictus-7160-Gln-NUG,sortS200,tRNA
tmRNA_Meso.viri._AF166114_1-359,sortS200,tmRNA
RNaseP_D.radiodurans,sortS200,RNaseP
tRNA_tdbR00000312-Haloferax_volcanii-2246-Pro-GGG,sortS200,tRNA
telomerase_AF221923.106-554,sortS200,telomerase
tRNA_tdbR00000611-Sinorhizobium_meliloti-382-His-GUG,sortS200,tRNA
5s_Natrinema-sp.-1,sortS200,5s
grp1_a.I1.e.D.parva.C1.SSU.943,sortS200,grp1
tmRNA_Alka.meta._TRW-293826_1-355,sortS200,tmRNA
tRNA_tdbR00000321-Saccharomyces_cerevisiae-4932-Pro-UGG,sortS200,tRNA
tRNA_tdbR00000622-Nicotiana_rustica-4093-Cys-GCA,sortS200,tRNA
RNaseP_CPA59,sortS200,RNaseP
srp_Dich.nodo._CP000513,sortS200,srp
RNaseP_S.polymorpha,sortS200,RNaseP
5s_Lactobacillus-delbrueckii-1,sortS200,5s
5s_Geobacillus-stearothermophilus-4,sortS200,5s
RNaseP_LGA2,sortS200,RNaseP
RNaseP_SMB-A5,sortS200,RNaseP
tRNA_tdbR00000365-Aedes_albopictus-7160-Arg-UCG,sortS200,tRNA
tRNA_tdbR00000141-Salmonella_typhimurium-602-His-QUG,sortS200,tRNA
tRNA_tdbR00000206-Loligo_bleekeri-6617-Lys-UUU,sortS200,tRNA
tRNA_tdbR00000294-Mycoplasma_capricolum-2095-Asn-GUU,sortS200,tRNA
tRNA_tdbR00000396-Saccharomyces_cerevisiae-4932-Ser-UGA,sortS200,tRNA
tmRNA_Copr.prot._TRW-351627_1-353,sortS200,tmRNA
tmRNA_Rubr.xyla._TRW-266117_1-360,sortS200,tmRNA
5s_Halococcus-morrhuae-2,sortS200,5s
tmRNA_Tann.fors._TRW-203275_1-400,sortS200,tmRNA
5s_Geobacillus-kaustophilus-7,sortS200,5s
srp_Halo.halo._CP000544,sortS200,srp
srp_Lact.case._CP000423,sortS200,srp
tmRNA_Yers.moll._TRW-349967_1-381,sortS200,tmRNA
grp1_a.I1.b.Synechococcus.sp2.C3.tLEU,sortS200,grp1
tmRNA_Mari.aqua._TRW-351348_1-366,sortS200,tmRNA
5s_Candida-azyma-1,sortS200,5s
5s_Rhodopirellula-baltica-1,sortS200,5s
RNaseP_Z.bailii,sortS200,RNaseP
tmRNA_Dein.geot._CP000359_1-348,sortS200,tmRNA
tRNA_tdbR00000615-Nanoarchaeum_equitans-160232-Trp-CCA,sortS200,tRNA
telomerase_AF221925.98-540,sortS200,telomerase
tmRNA_Fran.tula._CP000437_1-421,sortS200,tmRNA
telomerase_AF221935.112-602,sortS200,telomerase
tRNA_tdbR00000046-Escherichia_coli-562-Glu-SUC,sortS200,tRNA
RNaseP_Z.rouxii,sortS200,RNaseP
tRNA_tdbR00000575-Leishmania_tarentolae-5689-Thr-CGU,sortS200,tRNA
tRNA_tdbR00000522-Bos_taurus-9913-Ini-AU,sortS200,tRNA
srp_Desu.psyc._CR522870,sortS200,srp
tRNA_tdbR00000030-Aedes_albopictus-7160-Asp-GUC,sortS200,tRNA
tRNA_tdbR00000474-Drosophila_melanogaster-7227-Val-NAC,sortS200,tRNA
tmRNA_uncu.bact._TRW-45456_1-408,sortS200,tmRNA
5s_Spirosoma-sp.-1,sortS200,5s
RNaseP_S.globosus,sortS200,RNaseP
5s_Methanopyrus-kandleri-1,sortS200,5s
RNaseP_S.uvarum,sortS200,RNaseP
tmRNA_Acti.naes._TRW-240017_1-371,sortS200,tmRNA
tRNA_tdbR00000519-Phaseolus_vulgaris-3885-Ini-CAU,sortS200,tRNA
srp_Myco.hyop._AE017244,sortS200,srp
grp1_a.I1.e.T.malaccensis.C1.LSU.1925,sortS200,grp1
tmRNA_Clav.mich._TRW-31964_1-376,sortS200,tmRNA
tRNA_tdbR00000614-Nanoarchaeum_equitans-160232-Ini-CAU,sortS200,tRNA
16s_B.burgdorferi_domain3,sortS200,16s
tmRNA_Meso.flor._AE017263_1-408,sortS200,tmRNA
5s_Trichoplax-adhaerens-1,sortS200,5s
RNaseP_N.europaea,sortS200,RNaseP
RNaseP_SM-A1315,sortS200,RNaseP
tRNA_tdbR00000361-Saccharomyces_cerevisiae-4932-Arg-ACG,sortS200,tRNA
srp_Ashb.goss._AE016819,sortS200,srp
RNaseP_S.kluyveri,sortS200,RNaseP
RNaseP_SMB-B4,sortS200,RNaseP
tmRNA_Laws.intr._AM180252_1-376,sortS200,tmRNA
srp_Shew.spec._CP000469,sortS200,srp
tmRNA_Myco.geni._U39713_1-385,sortS200,tmRNA
tmRNA_Buch.aphi._BD061520_1-369,sortS200,tmRNA
tRNA_tdbR00000428-Homo_sapiens-9606-Ser-UGA,sortS200,tRNA
5s_Xenopus-tropicalis-2,sortS200,5s
RNaseP_Synechococcus-PCC6717,sortS200,RNaseP
tRNA_tdbR00000334-Hordeum_vulgare-4513-Gln-UG,sortS200,tRNA
5s_Methanothermobacter-thermautotrophicus-1,sortS200,5s
5s_Cryptococcus-laurentii-1,sortS200,5s
tRNA_tdbR00000478-Haloferax_volcanii-2246-Trp-BCA,sortS200,tRNA
5s_Taxus-baccata-1,sortS200,5s
RNaseP_Oscillatoria-PCC7515,sortS200,RNaseP
tRNA_tdbR00000149-Homo_sapiens-9606-His-GUG,sortS200,tRNA
telomerase_AF221934.121-565,sortS200,telomerase
tmRNA_Baci.lich._CP000002_1-356,sortS200,tmRNA
srp_Leis.aeth._AY722730,sortS200,srp
5s_uncultured-euryarchaeote-37F11-1,sortS200,5s
5s_Hyphomicrobium-sp.-4,sortS200,5s
srp_Hist.caps._GSP-278162,sortS200,srp
5s_Methanosarcina-barkeri-1,sortS200,5s
RNaseP_PS6,sortS200,RNaseP
srp_Sacc.para._BN000251,sortS200,srp
srp_Enta.terr._GSP-110771,sortS200,srp
tmRNA_uncu.bact._TRW-135621-1_1-397,sortS200,tmRNA
telomerase_AF221924.105-538,sortS200,telomerase
5s_Bacillus-subtilis-6,sortS200,5s
5s_Sandaracinobacter-sibiricus-1,sortS200,5s
16s_H.volcanii_domain4,sortS200,16s
RNaseP_T.thermophilus,sortS200,RNaseP
grp1_a.I1.e.S.paniceum.UNK.SSU.1210,sortS200,grp1
5s_Vitreoscilla-stercoraria-1,sortS200,5s
23s_E.coli_domain4,sortS200,23s
srp_Trit.aest._CA718249,sortS200,srp
srp_Oxyt.trif._GSP-99928,sortS200,srp
tRNA_tdbR00000352-Mycoplasma_capricolum-2095-Arg-ICG,sortS200,tRNA
grp1_s.I1.e.T.thermophila.C1.LSU.1925.schem,sortS200,grp1
tmRNA_Prop.acne._TRW-1747-1_1-371,sortS200,tmRNA
tmRNA_Trop.whip._BX251411_1-369,sortS200,tmRNA
16s_H.sapiens.mito_domain3,sortS200,16s
tmRNA_Pedi.pent._CP000422_1-369,sortS200,tmRNA
16s_G.intestinalis_domain2,sortS200,16s
tmRNA_Geob.stea._TRW-1422_1-352,sortS200,tmRNA
23s_E.coli_domain6,sortS200,23s
tmRNA_Ther.comm._TRW-289377_1-355,sortS200,tmRNA
RNaseP_R.capsulatus,sortS200,RNaseP
RNaseP_B.burgdorferi-g,sortS200,RNaseP
tRNA_tdbR00000367-Bos_taurus-9913-Arg-UCG,sortS200,tRNA
RNaseP_PS26,sortS200,RNaseP
srp_Lact.john._AE017201,sortS200,srp
srp_Mari.aqua._CP000514,sortS200,srp
srp_Zea.mays._X14661,sortS200,srp
tmRNA_Acid.ferr._TRW-243159_1-364,sortS200,tmRNA
5s_Frankia-sp.-1,sortS200,5s
grp1_a.I1.e.B.yamatoana.JCM2896.C1.SSU.1506,sortS200,grp1
tmRNA_Myco.pene._BA000026_1-405,sortS200,tmRNA
grp1_a.I1.e.T.cosmopolitanis.C1.LSU.1925,sortS200,grp1
5s_Rana-pipiens-1,sortS200,5s
RNaseP_T.roseum,sortS200,RNaseP
16s_T.maritima_domain3,sortS200,16s
5s_Anaplasma-phagocytophilum-1,sortS200,5s
RNaseP_Y.pestis,sortS200,RNaseP
srp_Chlo.tepi._AE006470,sortS200,srp
5s_Isosphaera-pallida-1,sortS200,5s
srp_Pich.stip._CP000502,sortS200,srp
RNaseP_S.pastorianus,sortS200,RNaseP
RNaseP_S.pombe,sortS200,RNaseP
RNaseP_EM14b-9,sortS200,RNaseP
tmRNA_Syne.spec._AB003477_1-394,sortS200,tmRNA
RNaseP_R.norvegicus,sortS200,RNaseP
RNaseP_Synechocystis-PCC6308,sortS200,RNaseP
grp1_a.I1.e.C.merochlorophea.UNK.SSU.1516,sortS200,grp1
tRNA_tdbR00000551-Saccharomyces_cerevisiae-4932-Tyr-GUA,sortS200,tRNA
RNaseP_H.sapiens,sortS200,RNaseP
23s_H.pylori_domain4,sortS200,23s
5s_Palmaria-palmata-1,sortS200,5s
grp1_a.I1.e.L.dispersa.UNK.SSU.287,sortS200,grp1
srp_Thei.parv._GSP-333668,sortS200,srp
tmRNA_Jako.libe._TRW-143017_1-102,sortS200,tmRNA
telomerase_AF221921.98-548,sortS200,telomerase
telomerase_AF221920.99-541,sortS200,telomerase
5s_Mycoplasma-pulmonis-1,sortS200,5s
5s_Spirogyra-sp.-1,sortS200,5s
tmRNA_Carb.hydr._CP000141_1-359,sortS200,tmRNA
16s_E.coli_domain4,sortS200,16s
tRNA_tdbR00000351-Haloferax_volcanii-2246-Arg-NCG,sortS200,tRNA
tmRNA_Lact.case._CP000423_1-364,sortS200,tmRNA
16s_H.sapiens.mito_domain4,sortS200,16s
grp1_a.I1.e.P.carinii.Pc2.C1.LSU.1921,sortS200,grp1
5s_Nitrobacter-winogradskyi-1,sortS200,5s
srp_Tric.vagi._GSP-5722-2,sortS200,srp
grp1_a.I1.e.C.ellipsoidea.IAMC-87.C1.SSU.1506,sortS200,grp1
5s_Nephila-clavipes-1,sortS200,5s
5s_Pichia-membranifaciens-1,sortS200,5s
srp_Cyan.mero._AB002583,sortS200,srp
RNaseP_Onchorhynchus-2,sortS200,RNaseP
5s_Fusarium-pseudograminearum-3,sortS200,5s
srp_Spra.loph._GSP-51541,sortS200,srp
tRNA_tdbR00000121-Salmonella_typhimurium-602-Gly-NCC,sortS200,tRNA
tmRNA_Chro.sale._CP000285_1-380,sortS200,tmRNA
RNaseP_L.ferrooxidans-MK,sortS200,RNaseP
srp_Cyan.mero._AY286123,sortS200,srp
5s_Sulfolobus-tokodaii-1,sortS200,5s
RNaseP_S.faciem,sortS200,RNaseP
grp1_a.I1.e.P.macrosporus.C1.SSU.943,sortS200,grp1
tRNA_tdbR00000592-Ascaris_suum-6253-Gln-UG,sortS200,tRNA
telomerase_AF221906.96-545,sortS200,telomerase
RNaseP_CPB69,sortS200,RNaseP
telomerase_AF221936.98-540,sortS200,telomerase
tmRNA_Nost.spec._BA000019_1-390,sortS200,tmRNA
tRNA_tdbR00000617-Nanoarchaeum_equitans-160232-Gln-UUG,sortS200,tRNA
tmRNA_Rals.sola._AL646061_1-357,sortS200,tmRNA
srp_Ther.fusc._CP000088,sortS200,srp
5s_Bacteroides-veroralis-1,sortS200,5s
tRNA_tdbR00000210-Enterobacteria_phage_T5-10726-Leu-UAG,sortS200,tRNA
grp1_a.I1.e.L.dispersa.UNK.SSU.516,sortS200,grp1
tmRNA_Noca.farc._AP006618_1-368,sortS200,tmRNA
RNaseP_N.olivacea-chloroplast,sortS200,RNaseP
5s_Candidatus-Tremblaya-princeps-5,sortS200,5s
5s_Borrelia-burgdorferi-1,sortS200,5s
5s_Tremella-mesenterica-2,sortS200,5s
RNaseP_A.brierleyi,sortS200,RNaseP
srp_Stre.pneu._AE007319,sortS200,srp
tRNA_tdbR00000190-Bos_taurus-9913-Lys-NUU,sortS200,tRNA
telomerase_AF221930.94-546,sortS200,telomerase
RNaseP_Dermocarpa-PCC7437,sortS200,RNaseP
tRNA_tdbR00000074-Tetrahymena_pyriformis-5908-Phe-GAA,sortS200,tRNA
telomerase_AF221910.112-554,sortS200,telomerase
16s_S.cerevisiae_domain3,sortS200,16s
srp_Gald.sulp._GSP-130081,sortS200,srp
5s_Caulobacter-sp.-1,sortS200,5s
tRNA_tdbR00000381-Haloferax_volcanii-2246-Ser-GCU,sortS200,tRNA
srp_Myco.geni._U39706,sortS200,srp
5s_Lactococcus-lactis-4,sortS200,5s
5s_Toxoplasma-gondii-2,sortS200,5s
RNaseP_Synechococcus-PCC7942,sortS200,RNaseP
grp1_a.I1.e.B.ciliata.JCM6865.C1.SSU.1506,sortS200,grp1
srp_Ajel.caps._CV620298,sortS200,srp
tRNA_tdbR00000403-Bos_taurus-9913-Ser-UGA,sortS200,tRNA
telomerase_AF221931.99-541,sortS200,telomerase
RNaseP_P.gingivalis,sortS200,RNaseP
srp_Lemu.catt._GSP-9447,sortS200,srp
tmRNA_Desu.psyc._CR522870_1-366,sortS200,tmRNA
5s_Geodermatophilus-obscurus-1,sortS200,5s
telomerase_AC121792.109554-109950,sortS200,telomerase
tRNA_tdbR00000143-Asterias_amurensis-7602-His-QUG,sortS200,tRNA
telomerase_AF221919.107-614,sortS200,telomerase
RNaseP_SL2D,sortS200,RNaseP
grp1_a.I1.e.P.pachydermus.C1.SSU.943,sortS200,grp1
tRNA_tdbR00000608-Lupinus_luteus-3873-Leu-UAA,sortS200,tRNA
tmRNA_Lact.plan._AL935259_1-372,sortS200,tmRNA
srp_Volv.cart._GSP-51971-2,sortS200,srp
tRNA_tdbR00000104-Enterobacteria_phage_T4-10665-Gly-NCC,sortS200,tRNA
tRNA_tdbR00000034-Mesocricetus_auratus-10036-Asp-GUC,sortS200,tRNA
RNaseP_P.acanthamoebae,sortS200,RNaseP
srp_Neos.fisc._GSP-331117,sortS200,srp
tRNA_tdbR00000189-Rattus_norvegicus-10116-Lys-NUU,sortS200,tRNA
grp1_a.I1.m.S.pombe.B1.OX1,sortS200,grp1
srp_Pseu.syri._CP000058,sortS200,srp
tmRNA_Yers.pseu._AR948532_1-364,sortS200,tmRNA
srp_Meso.viri._AF166114,sortS200,srp
tmRNA_Trep.pall._TRW-243276_1-354,sortS200,tmRNA
5s_Flectobacillus-major-1,sortS200,5s
srp_Chla.pneu._BA000008,sortS200,srp
tRNA_tdbR00000134-Bombyx_mori-7091-Gly-CC,sortS200,tRNA
5s_Neurospora-crassa-12,sortS200,5s
5s_Methanobrevibacter-ruminantium-1,sortS200,5s
tRNA_tdbR00000029-Asterias_amurensis-7602-Asp-QUC,sortS200,tRNA
tmRNA_Odon.sine._Z67753_1-368,sortS200,tmRNA
RNaseP_H.chlorum-partial,sortS200,RNaseP
23s_B.subtilis_domain3,sortS200,23s
tRNA_tdbR00000225-Synechococcus_elongatus_PCC_6301-269084-Leu-CAA,sortS200,tRNA
srp_Pich.guil._GSP-294746,sortS200,srp
srp_Ento.sulc._AF095839,sortS200,srp
grp1_a.I1.e.D.salina.C1.SSU.943,sortS200,grp1
srp_Deba.hans._CR382138,sortS200,srp
5s_Streptococcus-salivarius-1,sortS200,5s
tRNA_tdbR00000385-Mycoplasma_capricolum-2095-Ser-UGA,sortS200,tRNA
srp_Picr.torr._AE017261,sortS200,srp
tRNA_tdbR00000488-Tetrahymena_thermophila-5911-Trp-CA,sortS200,tRNA
tRNA_tdbR00000547-Geobacillus_stearothermophilus-1422-Tyr-QUA,sortS200,tRNA
RNaseP_C.psittaci-R54,sortS200,RNaseP
tRNA_tdbR00000282-Ascaris_suum-6253-Met-AU,sortS200,tRNA
5s_Pneumocystis-carinii-1,sortS200,5s
srp_Odon.sine._Z67753,sortS200,srp
5s_Streptomyces-violaceus-1,sortS200,5s
5s_Nanoarchaeum-equitans-1,sortS200,5s
5s_Genistelloides-hibernus-1,sortS200,5s
tmRNA_Buch.aphi._AE013218_1-376,sortS200,tmRNA
5s_Proasellus-coxalis-1,sortS200,5s
tmRNA_Oeno.oeni._TRW-203123_1-350,sortS200,tmRNA
RNaseP_V.spinosum,sortS200,RNaseP
grp1_a.I1.e.P.carinii.C1.SSU.1506,sortS200,grp1
srp_Ther.teng._AE012978,sortS200,srp
grp1_a.I1.e.B.yamatoana.JCM2896.C1.SSU.943,sortS200,grp1
5s_Zymomonas-mobilis-1,sortS200,5s
5s_Tricharina-hiemalis-1,sortS200,5s
srp_Phyt.infe._CV919934,sortS200,srp
RNaseP_SM-A3048,sortS200,RNaseP
srp_Heli.pylo._CP000241,sortS200,srp
5s_Clostridium-pasteurianum-1,sortS200,5s
RNaseP_LGW46,sortS200,RNaseP
grp1_a.I1.e.A.capsulatus.G184B.C1.SSU,sortS200,grp1
tmRNA_Lept.inte._AE016823_1-350,sortS200,tmRNA
5s_Saccharomyces-cerevisiae-3,sortS200,5s
srp_Cryp.parv._XM_626716,sortS200,srp
tRNA_tdbR00000420-Spinacia_oleracea-3562-Ser-IGA,sortS200,tRNA
srp_Proc.mari._AE017126,sortS200,srp
srp_Mono.brev._GSP-81824,sortS200,srp
tRNA_tdbR00000490-Saccharomyces_cerevisiae-4932-Trp-CA,sortS200,tRNA
grp1_a.I1.e.Staurastrum.sp.M752.C1.SSU.1506,sortS200,grp1
RNaseP_LGB23,sortS200,RNaseP
RNaseP_Synechocystis-PCC6803,sortS200,RNaseP
5s_Triticum-aestivum-1,sortS200,5s
RNaseP_CPA56,sortS200,RNaseP
RNaseP_S.negevensis,sortS200,RNaseP
RNaseP_A.nidulans,sortS200,RNaseP
tmRNA_Brev.line._TRW-321955_1-377,sortS200,tmRNA
tRNA_tdbR00000542-Mycoplasma_capricolum-2095-Tyr-GUA,sortS200,tRNA
RNaseP_T.celerAL1,sortS200,RNaseP
16s_Z.mays_domain2,sortS200,16s
5s_Coxiella-burnetii-2,sortS100,5s
grp1_a.I1.e.A.capsulatus.FLs1.C1.SSU,sortS100,grp1
16s_D.melanogaster_domain4,sortS100,16s
tmRNA_Cyan.mero._TRW-45157_1-236,sortS100,tmRNA
RNaseP_C.pneumoniae-CWL029,sortS100,RNaseP
5s_Sulfurococcus-mirabilis-1,sortS100,5s
srp_Thal.pseu._GSP-296543,sortS100,srp
tRNA_tdbR00000283-Gallus_gallus-9031-Met-AU,sortS100,tRNA
tRNA_tdbR00000549-Tetrahymena_pyriformis-5908-Tyr-QUA,sortS100,tRNA
tRNA_tdbR00000591-Ascaris_suum-6253-Lys-UU,sortS100,tRNA
16s_A.fulgidus_domain4,sortS100,16s
RNaseP_S.versatilis,sortS100,RNaseP
tmRNA_Geob.sulf._AE017180_1-356,sortS100,tmRNA
tmRNA_uncu.bact._TRW-32033-1_1-354,sortS100,tmRNA
tmRNA_Acin.spec._CR543861_1-360,sortS100,tmRNA
telomerase_AF221927.113-556,sortS100,telomerase
tmRNA_Clos.ther._TRW-203119_1-387,sortS100,tmRNA
tmRNA_Synt.acid._CP000252_1-356,sortS100,tmRNA
tRNA_tdbR00000593-Ascaris_suum-6253-Trp-CA,sortS100,tRNA
5s_Xenopus-borealis-3,sortS100,5s
grp1_a.I1.e.B.ciliata.JCM6865.C1.SSU.943,sortS100,grp1
telomerase_AF221912.98-564,sortS100,telomerase
5s_Rhodobacter-sphaeroides-3,sortS100,5s
tmRNA_envi.sequ._TRW-204433_1-356,sortS100,tmRNA
tmRNA_Myco.arth._TRW-243272_1-394,sortS100,tmRNA
16s_C.elegans_domain3,sortS100,16s
RNaseP_W.fluorescens,sortS100,RNaseP
srp_Synt.wolf._CP000448,sortS100,srp
tRNA_tdbR00000290-Enterobacteria_phage_T5-10726-Asn-GUU,sortS100,tRNA
grp1_b.I1.e.T.thermophila.C1.LSU.1925,sortS100,grp1
RNaseP_Halobacterium-NRC1,sortS100,RNaseP
tRNA_tdbR00000263-Rattus_norvegicus-10116-Leu-AA,sortS100,tRNA
RNaseP_R.prowazekii,sortS100,RNaseP
RNaseP_P.mississippiensis,sortS100,RNaseP
grp1_a.I1.e.C.grayi.UNK.SSU.1046,sortS100,grp1
tmRNA_Sacc.degr._CP000282_1-389,sortS100,tmRNA
srp_Neur.cras._AL669999,sortS100,srp
tRNA_tdbR00000318-Salmonella_typhimurium-602-Pro-GGG,sortS100,tRNA
tmRNA_Rhod.balt._BX294141_1-380,sortS100,tmRNA
srp_Zygo.roux._BN000170,sortS100,srp
srp_Enta.hist._AF487684,sortS100,srp
srp_Cand.trop._GSP-294747,sortS100,srp
srp_Sacc.kluy._SKAA0027M04.b1,sortS100,srp
RNaseP_T.volcanum,sortS100,RNaseP
tmRNA_Verr.spin._TRW-240016_1-356,sortS100,tmRNA
tmRNA_envi.sequ._TRW-32045-3_1-350,sortS100,tmRNA
tRNA_tdbR00000520-Aedes_albopictus-7160-Ini-CAU,sortS100,tRNA
RNaseP_M.hyopneumoniae,sortS100,RNaseP
tmRNA_Heli.hepa._AE017125_1-369,sortS100,tmRNA
tmRNA_Pseu.atla._CP000388_1-357,sortS100,tmRNA
tRNA_tdbR00000595-Escherichia_coli-562-Leu-BAA,sortS100,tRNA
grp1_a.I1.c.G.prostrata.C3.tLEU,sortS100,grp1
5s_Meloidogyne-arenaria-2,sortS100,5s
5s_Pyrenophora-graminea-1,sortS100,5s
RNaseP_S.pyogenes,sortS100,RNaseP
srp_Vibr.vuln._BA000037,sortS100,srp
tmRNA_Magn.spec._CP000471_1-366,sortS100,tmRNA
5s_Mycoplasma-sp.-2,sortS100,5s
tRNA_tdbR00000621-Nicotiana_rustica-4093-Cys-GCA,sortS100,tRNA
RNaseP_Rr368,sortS100,RNaseP
grp1_a.I1.e.T.pigmentosa.C1.LSU.1925,sortS100,grp1
grp1_a.I1.e.C.merochlorophea.UNK.SSU.1210,sortS100,grp1
srp_Pers.amer._X65992,sortS100,srp
grp1_a.I1.e.M.caldariorum.C1.SSU.1506,sortS100,grp1
telomerase_AF221928.95-476,sortS100,telomerase
tmRNA_uncu.mari._TRW-363180_1-347,sortS100,tmRNA
5s_Erythromicrobium-ezovicum-1,sortS100,5s
5s_Fusarium-culmorum-6,sortS100,5s
16s_F.ananassa_domain3,sortS100,16s
5s_Methanosarcina-mazei-2,sortS100,5s
RNaseP_R.americana-mito,sortS100,RNaseP
srp_Phyt.infe._CV911012,sortS100,srp
srp_Tryp.viva._SDB-5699,sortS100,srp
tRNA_tdbR00000184-Asterias_amurensis-7602-Lys-CUU,sortS100,tRNA
telomerase_AF221911.104-513,sortS100,telomerase
srp_Bdel.bact._BX842656,sortS100,srp
RNaseP_S.fibuligera,sortS100,RNaseP
RNaseP_H.morrhuae,sortS100,RNaseP
tmRNA_Bact.mari._TRW-97084_1-385,sortS100,tmRNA
srp_Shew.balt._CP000753,sortS100,srp
srp_Psyc.arct._CP000082,sortS100,srp
tmRNA_Guil.thet._TRW-55529_1-330,sortS100,tmRNA
tRNA_tdbR00000247-Bos_taurus-9913-Leu-UAG,sortS100,tRNA
16s_A.pyrophilus_domain2,sortS100,16s
5s_Pyrococcus-abyssi-1,sortS100,5s
srp_Stre.sang._CP000387,sortS100,srp
tRNA_tdbR00000363-Ascaris_suum-6253-Arg-PCU,sortS100,tRNA
RNaseP_R.palustris,sortS100,RNaseP
tRNA_tdbR00000406-Saccharomyces_cerevisiae-4932-Ser-NGA,sortS100,tRNA
tRNA_tdbR00000620-Toxoplasma_gondii-5811-Ini-CAU,sortS100,tRNA
RNaseP_T.tumescens,sortS100,RNaseP
grp1_b.I1.e.M.anisopliae.3.C1.LSU.1921,sortS100,grp1
telomerase_AF221916.94-481,sortS100,telomerase
tRNA_tdbR00000174-Mus_musculus-10090-Ile-IAU,sortS100,tRNA
5s_Methanothermococcus-thermolithotrophicus-1,sortS100,5s
telomerase_AF221940.103-499,sortS100,telomerase
16s_P.occultum_domain3,sortS100,16s
tmRNA_Dict.ther._TRW-14_1-350,sortS100,tmRNA
grp1_a.I1.b.Dermocarpa.sp.ATCC29371.C3.tMET,sortS100,grp1
tmRNA_uncu.bact._TRW-32045-4_1-369,sortS100,tmRNA
srp_Myco.spec._CP000384,sortS100,srp
tRNA_tdbR00000246-Bos_taurus-9913-Leu-NAA,sortS100,tRNA
5s_Xylella-fastidiosa-2,sortS100,5s
16s_C.reinhardtii.mito_domain1,sortS100,16s
23s_B.subtilis_domain6,sortS100,23s
grp1_a.I1.e.P.inouyei.C1.SSU.943,sortS100,grp1
tRNA_tdbR00000211-Haloferax_volcanii-2246-Leu-CAA,sortS100,tRNA
tRNA_tdbR00000581-Aeropyrum_pernix-56636-Lys-CUU,sortS100,tRNA
grp1_a.I1.e.P.sarcinoidea.C1.SSU.943,sortS100,grp1
srp_Trit.aest._BE424647,sortS100,srp
16s_B.subtilis_domain2,sortS100,16s
RNaseP_D.jeanneae,sortS100,RNaseP
5s_Aurelia_aurita-1,sortS100,5s
grp1_a.I1.e.D.parva.C1.SSU.1512,sortS100,grp1
tRNA_tdbR00000266-Bos_taurus-9913-Leu-AA,sortS100,tRNA
srp_Perk.mari._GSP-31276,sortS100,srp
tRNA_tdbR00000517-Neurospora_crassa-5141-Ini-CAU,sortS100,tRNA
23s_S.aureus_domain6,sortS100,23s
5s_Buchnera-aphidicola-1,sortS100,5s
16s_P.staleyi_domain3,sortS100,16s
srp_Meth.volt._M22560,sortS100,srp
23s_T.thermophilus_domain4,sortS100,23s
16s_H.sapiens.mito_domain1,sortS100,16s
tRNA_tdbR00000325-Pichia_jadinii-4903-Pro-GG,sortS100,tRNA
16s_B.burgdorferi_domain4,sortS100,16s
grp1_a.I1.e.P.macrosporus.C1.SSU.1506,sortS100,grp1
5s_Dehalococcoides-ethenogenes-1,sortS100,5s
5s_Wolbachia-endosymbiont-of-D.-melanogaster-1,sortS100,5s
16s_C.reinhardtii.chloro_domain2,sortS100,16s
grp1_a.I1.e.L.dispersa.UNK.SSU.1210,sortS100,grp1
5s_Thraustochytrium-visurgense-2,sortS100,5s
16s_T.maritima_domain4,sortS100,16s
grp1_a.I1.e.C.saccatum.C1.SSU.1512,sortS100,grp1
srp_Lodd.elon._GSP-379508,sortS100,srp
grp1_a.I1.e.S.paniceum.UNK.SSU.1506,sortS100,grp1
RNaseP_P.cultripes,sortS100,RNaseP
tRNA_tdbR00000463-Bos_taurus-9913-Val-UAC,sortS100,tRNA
srp_Sorg.bico._BE594178,sortS100,srp
grp1_a.I1.e.L.dispersa.UNK.SSU.789,sortS100,grp1
tRNA_tdbR00000493-Bos_taurus-9913-Trp-NCA,sortS100,tRNA
5s_Chlorobium-tepidum-1,sortS100,5s
grp1_a.I1.e.A.capsulatus.CBS213.53.C1.SSU.943,sortS100,grp1
tmRNA_Ther.teng._AE013063_1-351,sortS100,tmRNA
RNaseP_PS24,sortS100,RNaseP
5s_Sphingomonas-ursincola-1,sortS100,5s
srp_Stre.coel._AL939118,sortS100,srp
srp_Psyc.ingr._CP000510,sortS100,srp
RNaseP_Pseudoanabaena-PCC6903,sortS100,RNaseP
5s_Ureaplasma-urealyticum-3,sortS100,5s
tmRNA_Rumi.albu._TRW-246199_1-354,sortS100,tmRNA
tmRNA_Acid.ferr._TRW-920_1-341,sortS100,tmRNA
5s_Filobasidiella-depauperata-1,sortS100,5s
RNaseP_H.volcanii,sortS100,RNaseP
5s_Thermoplasma-volcanium-1,sortS100,5s
srp_Clos.novy._CP000382,sortS100,srp
tmRNA_Porp.purp._TRW-2787_1-323,sortS100,tmRNA
tRNA_tdbR00000580-Aeropyrum_pernix-56636-Lys-UUU,sortS100,tRNA
16s_C.elegans_domain2,sortS100,16s
RNaseP_CPB144,sortS100,RNaseP
tmRNA_Carn.malt._AF275938_1-366,sortS100,tmRNA
16s_E.coli_domain3,sortS100,16s
5s_Bacteroides-capillosus-1,sortS100,5s
grp1_a.I1.e.Staurastrum.sp.M753.C1.SSU.1506,sortS100,grp1
tRNA_tdbR00000191-Mesocricetus_auratus-10036-Lys-NUU,sortS100,tRNA
5s_Chlamydia-trachomatis-1,sortS100,5s
tRNA_tdbR00000078-Ascaris_suum-6253-Phe-GAA,sortS100,tRNA
tRNA_tdbR00000618-Candida_albicans-5476-Leu-CAG,sortS100,tRNA
tmRNA_Chla.trac._TRW-813-2_1-420,sortS100,tmRNA
srp_Sacc.cere._U18916,sortS100,srp
telomerase_AF221913.109-520,sortS100,telomerase
tmRNA_List.wels._AF440351_1-321,sortS100,tmRNA
tRNA_tdbR00000462-Rattus_norvegicus-10116-Val-UAC,sortS100,tRNA
RNaseP_A.eutrophus,sortS100,RNaseP
tmRNA_Prev.rumi._TRW-264731_1-401,sortS100,tmRNA
grp1_a.I1.e.L.dispersa.UNK.SSU.1516,sortS100,grp1
5s_Erythromicrobium-ramosum-1,sortS100,5s
srp_Citr.sine._CN181544,sortS100,srp
srp_Schi.pomb._Z99259,sortS100,srp
RNaseP_S.unisporus,sortS100,RNaseP
RNaseP_U.urealyticum,sortS100,RNaseP
5s_Paenibacillus-popilliae-1,sortS100,5s
tRNA_tdbR00000350-Haloferax_volcanii-2246-Arg-GCG,sortS100,tRNA
RNaseP_B.bronchiseptica,sortS100,RNaseP
16s_C.elegans_domain4,sortS100,16s
tRNA_tdbR00000400-Loligo_bleekeri-6617-Ser-7CU,sortS100,tRNA
srp_Para.bras._EH655308,sortS100,srp
RNaseP_SMB-B3,sortS100,RNaseP
tRNA_tdbR00000009-Escherichia_coli-562-Ala-VGC,sortS100,tRNA
RNaseP_Prochlorococcus-NATL2,sortS100,RNaseP
5s_Ehrlichia-ruminantium-1,sortS100,5s
16s_H.sapiens_domain3,sortS100,16s
16s_Z.mays_domain4,sortS100,16s
grp1_a.I1.e.S.paniceum.UNK.SSU.1052,sortS100,grp1
tmRNA_Bdel.bact._BX842656_1-346,sortS100,tmRNA
tmRNA_Stre.scab._TRW-1883_1-402,sortS100,tmRNA
5s_Roseococcus-thiosulfatophilus-1,sortS100,5s
tRNA_tdbR00000414-Lupinus_luteus-3873-Ser-CGA,sortS100,tRNA
tRNA_tdbR00000395-Saccharomyces_cerevisiae-4932-Ser-GCU,sortS100,tRNA
tRNA_tdbR00000409-Candida_cylindracea-44322-Ser-CAG,sortS100,tRNA
tmRNA_Onio.yell._AP006628_1-423,sortS100,tmRNA
tRNA_tdbR00000518-Saccharomyces_cerevisiae-4932-Ini-CAU,sortS100,tRNA
16s_B.subtilis_domain4,sortS100,16s
16s_P.staleyi_domain2,sortS100,16s
tmRNA_Lact.john._TRW-257314_1-367,sortS100,tmRNA
tRNA_tdbR00000124-Aedes_albopictus-7160-Gly-UCC,sortS100,tRNA
5s_Ulva-pertusa-1,sortS100,5s
tRNA_tdbR00000619-Toxoplasma_gondii-5811-Met-CAU,sortS100,tRNA
5s_Erythromicrobium-hydrolyticum-1,sortS100,5s
tmRNA_Cald.sacc._TRW-351627_1-368,sortS100,tmRNA
16s_B.subtilis_domain3,sortS100,16s
16s_C.reinhardtii.mito_domain3,sortS100,16s
23s_T.thermophilus_domain6,sortS100,23s
5s_Rhodococcus-fascians-2,sortS100,5s
telomerase_AF221926.103-507,sortS100,telomerase
grp1_a.I1.e.S.granulatum.C1.SSU.1506,sortS100,grp1
RNaseP_R.rubrum,sortS100,RNaseP
tmRNA_Bord.pert._TRW-257313_1-387,sortS100,tmRNA
tRNA_tdbR00000578-Leishmania_tarentolae-5689-Glu-3UC,sortS100,tRNA
5s_Plasmodium-falciparum-1,sortS100,5s
RNaseP_H.trapanicum,sortS100,RNaseP
srp_Unci.rees._GSP-336963,sortS100,srp
5s_Mycoplasma-mobile-1,sortS100,5s
telomerase_AY312571.605-1069,sortS100,telomerase
RNaseP_P.troglodytes,sortS100,RNaseP
tmRNA_Gemm.obsc._TRW-214688_1-412,sortS100,tmRNA
tmRNA_Pelo.carb._CP000142_1-358,sortS100,tmRNA
RNaseP_C.tepidum-g,sortS100,RNaseP
srp_Phyt.soja._GSP-67593,sortS100,srp
tmRNA_Chro.viol._AE016825_1-365,sortS100,tmRNA
tRNA_tdbR00000461-Rattus_norvegicus-10116-Val-UAC,sortS100,tRNA
23s_H.pylori_domain3,sortS100,23s
grp1_a.I1.e.L.dispersa.UNK.SSU.1046,sortS100,grp1
grp1_a.I1.e.S.paniceum.UNK.SSU.287,sortS100,grp1
tmRNA_envi.sequ._TRW-259292_1-355,sortS100,tmRNA
RNaseP_N.gregoryi,sortS100,RNaseP
tmRNA_envi.sequ._TRW-351057-3_1-355,sortS100,tmRNA
tRNA_tdbR00000345-Homo_sapiens-9606-Gln-NUG,sortS100,tRNA
5s_Gracilaria-compressa-2,sortS100,5s
srp_Toxo.gond._CO743022,sortS100,srp
grp1_a.I1.b.Phormidium.sp.N182.C3.tLEU,sortS100,grp1
telomerase_AF221918.97-547,sortS100,telomerase
tmRNA_Mora.cata._AX067460_1-359,sortS100,tmRNA
tmRNA_Emil.huxl._TRW-280463_1-291,sortS100,tmRNA
srp_List.mono._AE017262,sortS100,srp
tRNA_tdbR00000127-Halocynthia_roretzi-7729-Gly-UCU,sortS100,tRNA
23s_S.aureus_domain3,sortS100,23s
tmRNA_Bloc.penn._CP000016_1-392,sortS100,tmRNA
tmRNA_Leif.xyli._AE016822_1-394,sortS100,tmRNA
5s_Notophthalmus-viridescens-1,sortS100,5s
grp1_a.I1.e.P.carinii.Pc1.C1.LSU.1921,sortS100,grp1
tmRNA_Ther.elon._BA000039_1-386,sortS100,tmRNA
tmRNA_Prop.acne._TRW-1747-3_1-353,sortS100,tmRNA
srp_Clav.lusi._GSP-306902,sortS100,srp
tRNA_tdbR00000398-Ascaris_suum-6253-Ser-UCU,sortS100,tRNA
grp1_a.I1.e.S.paniceum.UNK.SSU.114,sortS100,grp1
16s_C.psittaci_domain2,sortS100,16s
srp_Ther.mela._CP000716,sortS100,srp
srp_Gibb.zeae._GSP-229533,sortS100,srp
tmRNA_Phot.prof._CR378665_1-368,sortS100,tmRNA
tmRNA_Heli.pylo._TRW-85963_1-386,sortS100,tmRNA
16s_Z.mays_domain3,sortS100,16s
srp_Xeno.laev._X01055,sortS100,srp
RNaseP_M.barkeri,sortS100,RNaseP
tRNA_tdbR00000245-Rattus_norvegicus-10116-Leu-UAG,sortS100,tRNA
16s_H.sapiens_domain4,sortS100,16s
tmRNA_Camp.fetu._AY211269_1-361,sortS100,tmRNA
srp_Meth.mari._CP000745,sortS100,srp
5s_Mycoplasma-gallisepticum-4,sortS100,5s
5s_Silicibacter-pomeroyi-1,sortS100,5s
5s_Bacillus-amyloliquefaciens-1,sortS100,5s
tmRNA_Urea.parv._AE002154_1-413,sortS100,tmRNA
srp_Myco.spec._CP000580,sortS100,srp
16s_G.intestinalis_domain3,sortS100,16s
telomerase_AF221929.92-517,sortS100,telomerase
RNaseP_K.polysporus,sortS100,RNaseP
16s_G.intestinalis_domain1,sortS100,16s
tRNA_tdbR00000244-Rattus_norvegicus-10116-Leu-UAG,sortS100,tRNA
16s_P.occultum_domain4,sortS100,16s
srp_Cand.glab._CR380957,sortS100,srp
grp1_a.I1.e.P.inouyei.C1.SSU.1506,sortS100,grp1
16s_M.polymorpha_domain3,sortS100,16s
tRNA_tdbR00000366-Rattus_norvegicus-10116-Arg-UCG,sortS100,tRNA
tRNA_tdbR00000556-Schizosaccharomyces_pombe-4896-Tyr-GPA,sortS100,tRNA
RNaseP_P.innocua,sortS100,RNaseP
RNaseP_P.canadensis,sortS100,RNaseP
RNaseP_Rr327,sortS100,RNaseP
srp_Dict.disc._BJ360333,sortS100,srp
tRNA_tdbR00000335-Nicotiana_rustica-4093-Gln-NUG,sortS100,tRNA
tmRNA_uncu.bact._TRW-383630-1_1-364,sortS100,tmRNA
5s_Neurospora-intermedia-1,sortS100,5s
5s_Bursaphelenchus-xylophilus-1,sortS100,5s
RNaseP_M.pneumoniae,sortS100,RNaseP
tRNA_tdbR00000364-Ascaris_suum-6253-Arg-ACG,sortS100,tRNA
grp1_a.I1.c.A.cherimola.C3.tLEU,sortS100,grp1
tRNA_tdbR00000167-Aedes_albopictus-7160-Ile-GAU,sortS100,tRNA
tmRNA_Syne.spec._TRW-32049_1-396,sortS100,tmRNA
23s_H.pylori_domain6,sortS100,23s
tRNA_tdbR00000169-Homo_sapiens-9606-Ile-GAU,sortS100,tRNA
5s_Methanosarcina-vacuolata-1,sortS100,5s
RNaseP_T.syrichta,sortS100,RNaseP
5s_Fusobacterium-nucleatum-5,sortS100,5s
16s_H.volcanii_domain1,sortS100,16s
srp_Oryz.sati._AP008207,sortS100,srp
tRNA_tdbR00000114-Staphylococcus_epidermidis-1282-Gly-UCC,sortS100,tRNA
tmRNA_Borr.gari._CP000013_1-363,sortS100,tmRNA
RNaseP_Nostoc-PCC7413,sortS100,RNaseP
tRNA_tdbR00000573-Leishmania_tarentolae-5689-Gln-3UG,sortS100,tRNA
5s_Streptomyces-coelicolor-5,sortS100,5s
srp_Hype.buty._CP000493,sortS100,srp
5s_Wolbachia-pipientis-1,sortS100,5s
tRNA_tdbR00000128-Halocynthia_roretzi-7729-Gly-GCU,sortS100,tRNA
tRNA_tdbR00000347-Enterobacteria_phage_T4-10665-Arg-NCU,sortS100,tRNA
tmRNA_Myxo.xant._TRW-34_1-366,sortS100,tmRNA
srp_Meth.ferv._S49762,sortS100,srp
telomerase_AY058901.1-397,sortS100,telomerase
tRNA_tdbR00000069-Synechococcus_sp._PCC_7002-32049-Phe-GAA,sortS100,tRNA
5s_Lactobacillus-johnsonii-1,sortS100,5s
tmRNA_envi.sequ._TRW-300695-2_1-345,sortS100,tmRNA
srp_Tetr.ther._X56981,sortS100,srp
tRNA_tdbR00000177-Mycoplasma_capricolum-2095-Lys-CUU,sortS100,tRNA
5s_Mycoplasma-genitalium-1,sortS100,5s
5s_Ascobolus-immersus-1,sortS100,5s
16s_E.coli_domain2,sortS100,16s
16s_Z.mays_domain1,sortS100,16s
tRNA_tdbR00000590-Ascaris_suum-6253-Glu-UC,sortS100,tRNA
grp1_b.I1.e.M.anisopliae.2.C1.LSU.1921,sortS100,grp1
tmRNA_Bloc.flor._BX248583_1-393,sortS100,tmRNA
srp_Schi.pomb._AU010514,sortS100,srp
grp1_a.I1.e.S.sclerotiorum_1837.C1.LSU.798,sortS100,grp1
RNaseP_A.telluris,sortS100,RNaseP
5s_Asterias-vulgaris-1,sortS100,5s
RNaseP_S.dairensis,sortS100,RNaseP
srp_Pyro.isla._CP000504,sortS100,srp
srp_Stap.epid._AX145149,sortS100,srp
srp_Ther.volc._BA000011,sortS100,srp
5s_Chlorella-pyrenoidosa-1,sortS100,5s
tmRNA_Thal.weis._AF049491_1-348,sortS100,tmRNA
16s_C.reinhardtii.mito_domain2,sortS100,16s
srp_Scle.scle._GSP-325569,sortS100,srp
16s_C.reinhardtii.chloro_domain1,sortS100,16s
tmRNA_envi.sequ._TRW-356-1_1-289,sortS100,tmRNA
5s_Limulus-polyphemus-1,sortS100,5s
tmRNA_Nitr.ocea._CP000127_1-361,sortS100,tmRNA
tRNA_tdbR00000492-Rattus_norvegicus-10116-Trp-NCA,sortS100,tRNA
16s_A.fulgidus_domain2,sortS100,16s
RNaseP_CPB149,sortS100,RNaseP
srp_Lept.coll._AF006750,sortS100,srp
RNaseP_P.marinus-2,sortS100,RNaseP
5s_Halobacterium-sp.-2,sortS100,5s
5s_Wolinella-succinogenes-1,sortS100,5s
srp_Myco.hyop._AE017243,sortS100,srp
RNaseP_Mxa1,sortS100,RNaseP
16s_H.volcanii_domain2,sortS100,16s
tRNA_tdbR00000168-Bos_taurus-9913-Ile-GAU,sortS100,tRNA
23s_E.coli_domain3,sortS100,23s
RNaseP_vHge3-5,sortS100,RNaseP
RNaseP_SM-A5888,sortS100,RNaseP
tRNA_tdbR00000609-Chlamydomonas_reinhardtii-3055-Leu-UA7,sortS100,tRNA
srp_Baci.anth._AE017334,sortS100,srp
tmRNA_uncu.bact._TRW-72274-2_1-359,sortS100,tmRNA
5s_Halorubrum-distributum-3,sortS100,5s
tRNA_tdbR00000594-Ascaris_suum-6253-Leu-AA,sortS100,tRNA
srp_Para.bras._GSP-121759,sortS100,srp
5s_Thermotoga-sp.-3,sortS100,5s
tRNA_tdbR00000460-Aedes_albopictus-7160-Val-UAC,sortS100,tRNA
RNaseP_CPA61,sortS100,RNaseP
tRNA_tdbR00000489-Neurospora_crassa-5141-Trp-NCA,sortS100,tRNA
tmRNA_Spir.kunk._TRW-273035_1-424,sortS100,tmRNA
grp1_a.I1.e.P.clavariiformis.C1.SSU.943,sortS100,grp1
RNaseP_LGB21,sortS100,RNaseP
telomerase_AF221908.136-584,sortS100,telomerase
16s_C.reinhardtii.chloro_domain3,sortS100,16s
tRNA_tdbR00000583-Aeropyrum_pernix-56636-Cys-GCA,sortS100,tRNA
5s_Brucella-suis-1,sortS100,5s
16s_C.psittaci_domain4,sortS100,16s
grp1_a.I1.e.G.planctonica.C1.SSU.943,sortS100,grp1
5s_Desulfurococcus-mobilis-1,sortS100,5s
5s_Oceanobacillus-iheyensis-4,sortS100,5s
5s_Pseudomonas-stutzeri-2,sortS100,5s
16s_C.psittaci_domain3,sortS100,16s
RNaseP_M.fermentans,sortS100,RNaseP
srp_Plas.yoel._GSP-352914,sortS100,srp
srp_Trit.aest._X13915,sortS100,srp
5s_Paracentrotus-lividus-2,sortS100,5s
23s_T.thermophilus_domain3,sortS100,23s
5s_Porphyra-yezoensis-1,sortS100,5s
srp_Giar.lamb._GSP-184922,sortS100,srp
RNaseP_T.delbrueckii,sortS100,RNaseP
RNaseP_EM14b-11,sortS100,RNaseP
telomerase_AF147806.247-692,sortS100,telomerase
telomerase_AF221909.98-496,sortS100,telomerase
srp_Phak.pach._GSP-170000-2,sortS100,srp
grp1_a.I1.e.P.carinii.Pc3.C1.LSU.1921,sortS100,grp1
16s_C.reinhardtii.mito_domain4,sortS100,16s
16s_H.volcanii_domain3,sortS100,16s
tRNA_tdbR00000399-Aedes_albopictus-7160-Ser-GCU,sortS100,tRNA
tmRNA_Legi.pneu._CR628337_1-406,sortS100,tmRNA
tRNA_tdbR00000237-Saccharomyces_cerevisiae-4932-Leu-AA,sortS100,tRNA
grp1_a.I1.e.C.merochlorophea.UNK.SSU.1046,sortS100,grp1
5s_Drosophila-melanogaster-2,sortS100,5s
srp_Trit.aest._CJ679223,sortS100,srp
16s_T.maritima_domain2,sortS100,16s
grp1_b.I1.e.C.saccharophila.C1.SSU.156,sortS100,grp1
16s_F.ananassa_domain4,sortS100,16s
16s_M.polymorpha_domain2,sortS100,16s
5s_Porphyromonas-gingivalis-2,sortS100,5s
srp_Kluy.lact._CR382126,sortS100,srp
telomerase_AF221932.102-549,sortS100,telomerase
tmRNA_Baci.G._TRW-12333_1-312,sortS100,tmRNA
tmRNA_uncu.bact._TRW-80840-3_1-379,sortS100,tmRNA
16s_S.cerevisiae_domain4,sortS100,16s
srp_Rhod.balt._BX294144,sortS100,srp
grp1_a.I1.e.A.adeninivorans.C1.LSU.2449,sortS100,grp1
16s_A.pyrophilus_domain4,sortS100,16s
srp_Aero.pern._BA000002,sortS100,srp
srp_Kluy.yarr._479647571,sortS100,srp
tmRNA_Neph.oliv._AF137379-2_1-327,sortS100,tmRNA
grp1_a.I1.e.U.maydis.C1.SSU.943,sortS100,grp1
srp_Phae.nodo._GSP-321614,sortS100,srp
srp_Ther.petr._CP000702,sortS100,srp
RNaseP_U.stansburiana,sortS100,RNaseP
16s_A.fulgidus_domain3,sortS100,16s
RNaseP_P.purpurea-chloroplast,sortS100,RNaseP
RNaseP_Anabaena-PCC7120,sortS100,RNaseP
tmRNA_Lact.sake._TRW-314315_1-370,sortS100,tmRNA
5s_Azospirillum-lipoferum-1,sortS100,5s
tRNA_tdbR00000126-Halocynthia_roretzi-7729-Gly-NCU,sortS100,tRNA
grp1_a.I1.e.T.hyperangularis.C1.LSU.1925,sortS100,grp1
RNaseP_Saccharomonospora-K180,sortS100,RNaseP
5s_Hyphomicrobium-vulgare-1,sortS100,5s
grp1_a.I1.c.S.bicolor.C3.tLEU,sortS100,grp1
16s_P.staleyi_domain4,sortS100,16s
srp_Trep.dent._AE017246,sortS100,srp
RNaseP_T.pallidum,sortS100,RNaseP
RNaseP_S.solfataricus,sortS100,RNaseP
tmRNA_Grac.tenu._AY673996_1-396,sortS100,tmRNA
RNaseP_D.radiodurans-g,sortS100,RNaseP
tmRNA_Cyan.cald._AF022186_1-254,sortS100,tmRNA
RNaseP_SM-A2539,sortS100,RNaseP
RNaseP_SM-A01,sortS100,RNaseP
srp_Onch.volv._BF727619,sortS100,srp
grp1_a.I1.e.E.dermatitidis.C1.SSU.943,sortS100,grp1
srp_Sola.tube._DR037646,sortS100,srp
RNaseP_T.thioparus,sortS100,RNaseP
srp_Toxo.gond._GSP-398031,sortS100,srp
tmRNA_Chlo.tepi._TRW-194439_1-404,sortS100,tmRNA
grp1_a.I1.e.C.ellipsoidea.211-1a.C1.SSU.1506,sortS100,grp1
tmRNA_Thio.deni._CP000116_1-367,sortS100,tmRNA
srp_Taen.gutt._CK235759,sortS100,srp
tRNA_tdbR00000494-Saccharomyces_cerevisiae-4932-Trp-BCA,sortS100,tRNA
srp_Yarr.lipo._X51658,sortS100,srp
RNaseP_B.pertussis,sortS100,RNaseP
RNaseP_LGW17,sortS100,RNaseP
tmRNA_Myco.hyop._TRW-295358_1-424,sortS100,tmRNA
tmRNA_Porp.ging._TRW-242619_1-407,sortS100,tmRNA
grp1_a.I1.e.A.stipitatus.C1.SSU.1046,sortS100,grp1
RNaseP_Z.florentinus,sortS100,RNaseP
5s_Candidatus-Phytoplasma-asteris-1,sortS100,5s
tRNA_tdbR00000359-Escherichia_coli-562-Arg-CCG,sortS100,tRNA
16s_T.gondii_domain4,sortS100,16s
RNaseP_vHge2,sortS100,RNaseP
srp_Ence.cuni._AL590449,sortS100,srp
tmRNA_Myco.myco._BX842642_1-411,sortS100,tmRNA
tRNA_tdbR00000194-Triticum_aestivum-4565-Lys-CUU,sortS100,tRNA
5s_Cryptomonas-paramecium-1,sortS100,5s
5s_Andrias-davidianus-1,sortS100,5s
tmRNA_Rubr.gela._TRW-279263_1-372,sortS100,tmRNA
srp_Trep.pall._AE000520,sortS100,srp
5s_Clostridium-acetobutylicum-3,sortS100,5s
RNaseP_CPA58,sortS100,RNaseP
16s_T.gondii_domain3,sortS100,16s
5s_Pyrococcus-horikoshii-2,sortS100,5s
5s_Roseococcus-thiosulfatophilus-2,sortS100,5s
telomerase_AF221914.112-589,sortS100,telomerase
tmRNA_Trem.prin._AF481102_1-264,sortS100,tmRNA
grp1_a.I1.e.G.spirotaenia.C1.SSU.1506,sortS100,grp1
16s_C.reinhardtii.chloro_domain4,sortS100,16s
grp1_a.I1.e.A.capsulatus.G186B.C1.SSU,sortS100,grp1
tRNA_tdbR00000572-Leishmania_tarentolae-5689-Lys-1UU,sortS100,tRNA
srp_Podo.anse._GSP-5145,sortS100,srp
srp_Xant.camp._AM039952,sortS100,srp
srp_Nect.haem._GSP-71109,sortS100,srp
16s_P.occultum_domain2,sortS100,16s
16s_C.elegans_domain1,sortS100,16s
5s_Bacteroides-fragilis-5,sortS100,5s
5s_Lactococcus-lactis-2,sortS100,5s
tmRNA_envi.sequ._TRW-2-1_1-365,sortS100,tmRNA
tRNA_tdbR00000440-Neurospora_crassa-5141-Thr-UGU,sortS100,tRNA
tmRNA_Para.symb._BX908798_1-405,sortS100,tmRNA
RNaseP_SMB-B2,sortS100,RNaseP
telomerase_AF221917.99-542,sortS100,telomerase
srp_Zymo.mobi._AF203881,sortS100,srp
RNaseP_L.weilii,sortS100,RNaseP
RNaseP_S.lividans,sortS100,RNaseP
tmRNA_Stre.coll._AY485228_1-386,sortS100,tmRNA
5s_Thermus-aquaticus-1,sortS100,5s
RNaseP_M.vannielli,sortS100,RNaseP
tmRNA_uncu.bact._TRW-72274-1_1-359,sortS100,tmRNA
tmRNA_Myco.gall._AE015450_1-408,sortS100,tmRNA
tRNA_tdbR00000251-Saccharomyces_cerevisiae-4932-Leu-UAA,sortS100,tRNA
tRNA_tdbR00000223-Salmonella_typhimurium-602-Leu-CAG,sortS100,tRNA
RNaseP_CPB7776,sortS100,RNaseP
tRNA_tdbR00000280-Saccharomyces_cerevisiae-4932-Met-CAU,sortS100,tRNA
tRNA_tdbR00000080-Bos_taurus-9913-Phe-GAA,sortS100,tRNA
telomerase_AF221937.99-545,sortS100,telomerase
tRNA_tdbR00000013-Pichia_jadinii-4903-Ala-IGC,sortS100,tRNA
5s_Onchocerca-volvulus-1,sortS100,5s
tRNA_tdbR00000328-Enterobacteria_phage_T5-10726-Gln-UUG,sortS100,tRNA
RNaseP_P.guilliermondii,sortS100,RNaseP
grp1_a.I1.e.C.merochlorophea.UNK.SSU.1389,sortS100,grp1
RNaseP_P.strasburgensis,sortS100,RNaseP
5s_Methanospirillum-hungatei-1,sortS100,5s
5s_Verrucomicrobium-spinosum-1,sortS100,5s
16s_H.sapiens.mito_domain2,sortS100,16s
23s_S.aureus_domain4,sortS100,23s
RNaseP_T.littoralis,sortS100,RNaseP
tmRNA_Bifi.long._TRW-206672_1-397,sortS100,tmRNA
grp1_a.I1.m.M.grisea.B2.ND1,sortS100,grp1
grp1_a.I1.b.S.hofmanii.C3.tMET,sortS100,grp1
grp1_a.I1.e.L.dispersa.UNK.SSU.114,sortS100,grp1
srp_Plas.falc._EF690554,sortS100,srp
grp1_a.I1.e.C.grayi.UNK.SSU.1516,sortS100,grp1
RNaseP_PF101,sortS100,RNaseP
5s_Loofah-witches-broom-phytoplasma-1,sortS100,5s
tRNA_tdbR00000397-Saccharomyces_cerevisiae-4932-Ser-UGA,sortS100,tRNA
tmRNA_Myco.Bxz1._AY129337_1-437,sortS100,tmRNA
16s_G.intestinalis_domain4,sortS100,16s
16s_M.polymorpha_domain4,sortS100,16s
23s_B.subtilis_domain4,sortS100,23s
srp_Stre.pyog._AM295007,sortS100,srp
16s_B.burgdorferi_domain2,sortS100,16s
grp1_a.I1.e.C.saxonicum.C1.SSU.1506,sortS100,grp1
RNaseP_SMB-B1,sortS100,RNaseP
grp1_a.I1.m.S.luteus.A1.LSU.2504,sortS100,grp1
telomerase_AF221939.99-544,sortS100,telomerase
5s_Thermomicrobium-roseum-1,sortS100,5s
srp_Tric.rees._GSP-334564-1,sortS100,srp
telomerase_U85256.1-451,sortS100,telomerase
5s_Ascaris-suum-1,sortS100,5s
srp_Shig.flex._AE016979,sortS100,srp
srp_Yers.pseu._CP000720,sortS100,srp
tmRNA_Woli.succ._BX571661_1-369,sortS100,tmRNA
tmRNA_Meso.viri._AF166114_1-359,sortS100,tmRNA
telomerase_AF221923.106-554,sortS100,telomerase
tRNA_tdbR00000611-Sinorhizobium_meliloti-382-His-GUG,sortS100,tRNA
grp1_a.I1.e.D.parva.C1.SSU.943,sortS100,grp1
tRNA_tdbR00000321-Saccharomyces_cerevisiae-4932-Pro-UGG,sortS100,tRNA
tRNA_tdbR00000622-Nicotiana_rustica-4093-Cys-GCA,sortS100,tRNA
RNaseP_S.polymorpha,sortS100,RNaseP
tRNA_tdbR00000365-Aedes_albopictus-7160-Arg-UCG,sortS100,tRNA
tmRNA_Tann.fors._TRW-203275_1-400,sortS100,tmRNA
tRNA_tdbR00000206-Loligo_bleekeri-6617-Lys-UUU,sortS100,tRNA
5s_Halococcus-morrhuae-2,sortS100,5s
5s_Geobacillus-kaustophilus-7,sortS100,5s
srp_Halo.halo._CP000544,sortS100,srp
grp1_a.I1.b.Synechococcus.sp2.C3.tLEU,sortS100,grp1
5s_Rhodopirellula-baltica-1,sortS100,5s
RNaseP_Z.bailii,sortS100,RNaseP
tmRNA_Fran.tula._CP000437_1-421,sortS100,tmRNA
telomerase_AF221925.98-540,sortS100,telomerase
telomerase_AF221935.112-602,sortS100,telomerase
tRNA_tdbR00000046-Escherichia_coli-562-Glu-SUC,sortS100,tRNA
RNaseP_Z.rouxii,sortS100,RNaseP
tRNA_tdbR00000522-Bos_taurus-9913-Ini-AU,sortS100,tRNA
srp_Desu.psyc._CR522870,sortS100,srp
tmRNA_uncu.bact._TRW-45456_1-408,sortS100,tmRNA
5s_Spirosoma-sp.-1,sortS100,5s
RNaseP_S.globosus,sortS100,RNaseP
5s_Methanopyrus-kandleri-1,sortS100,5s
RNaseP_S.uvarum,sortS100,RNaseP
srp_Myco.hyop._AE017244,sortS100,srp
grp1_a.I1.e.T.malaccensis.C1.LSU.1925,sortS100,grp1
16s_B.burgdorferi_domain3,sortS100,16s
tmRNA_Meso.flor._AE017263_1-408,sortS100,tmRNA
5s_Trichoplax-adhaerens-1,sortS100,5s
srp_Ashb.goss._AE016819,sortS100,srp
tmRNA_Laws.intr._AM180252_1-376,sortS100,tmRNA
tmRNA_Myco.geni._U39713_1-385,sortS100,tmRNA
tRNA_tdbR00000334-Hordeum_vulgare-4513-Gln-UG,sortS100,tRNA
5s_Cryptococcus-laurentii-1,sortS100,5s
tRNA_tdbR00000149-Homo_sapiens-9606-His-GUG,sortS100,tRNA
telomerase_AF221934.121-565,sortS100,telomerase
5s_uncultured-euryarchaeote-37F11-1,sortS100,5s
srp_Hist.caps._GSP-278162,sortS100,srp
srp_Sacc.para._BN000251,sortS100,srp
srp_Enta.terr._GSP-110771,sortS100,srp
tmRNA_uncu.bact._TRW-135621-1_1-397,sortS100,tmRNA
telomerase_AF221924.105-538,sortS100,telomerase
5s_Sandaracinobacter-sibiricus-1,sortS100,5s
16s_H.volcanii_domain4,sortS100,16s
grp1_a.I1.e.S.paniceum.UNK.SSU.1210,sortS100,grp1
5s_Vitreoscilla-stercoraria-1,sortS100,5s
23s_E.coli_domain4,sortS100,23s
tmRNA_Trop.whip._BX251411_1-369,sortS100,tmRNA
srp_Oxyt.trif._GSP-99928,sortS100,srp
grp1_s.I1.e.T.thermophila.C1.LSU.1925.schem,sortS100,grp1
16s_H.sapiens.mito_domain3,sortS100,16s
16s_G.intestinalis_domain2,sortS100,16s
23s_E.coli_domain6,sortS100,23s
tRNA_tdbR00000367-Bos_taurus-9913-Arg-UCG,sortS100,tRNA
tmRNA_Acid.ferr._TRW-243159_1-364,sortS100,tmRNA
grp1_a.I1.e.B.yamatoana.JCM2896.C1.SSU.1506,sortS100,grp1
tmRNA_Myco.pene._BA000026_1-405,sortS100,tmRNA
grp1_a.I1.e.T.cosmopolitanis.C1.LSU.1925,sortS100,grp1
RNaseP_T.roseum,sortS100,RNaseP
16s_T.maritima_domain3,sortS100,16s
RNaseP_Y.pestis,sortS100,RNaseP
srp_Pich.stip._CP000502,sortS100,srp
RNaseP_S.pastorianus,sortS100,RNaseP
RNaseP_S.pombe,sortS100,RNaseP
RNaseP_EM14b-9,sortS100,RNaseP
tmRNA_Syne.spec._AB003477_1-394,sortS100,tmRNA
RNaseP_R.norvegicus,sortS100,RNaseP
RNaseP_Synechocystis-PCC6308,sortS100,RNaseP
grp1_a.I1.e.C.merochlorophea.UNK.SSU.1516,sortS100,grp1
tRNA_tdbR00000551-Saccharomyces_cerevisiae-4932-Tyr-GUA,sortS100,tRNA
23s_H.pylori_domain4,sortS100,23s
grp1_a.I1.e.L.dispersa.UNK.SSU.287,sortS100,grp1
srp_Thei.parv._GSP-333668,sortS100,srp
tmRNA_Jako.libe._TRW-143017_1-102,sortS100,tmRNA
telomerase_AF221921.98-548,sortS100,telomerase
telomerase_AF221920.99-541,sortS100,telomerase
5s_Mycoplasma-pulmonis-1,sortS100,5s
16s_E.coli_domain4,sortS100,16s
16s_H.sapiens.mito_domain4,sortS100,16s
grp1_a.I1.e.P.carinii.Pc2.C1.LSU.1921,sortS100,grp1
grp1_a.I1.e.C.ellipsoidea.IAMC-87.C1.SSU.1506,sortS100,grp1
srp_Spra.loph._GSP-51541,sortS100,srp
tmRNA_Ther.rose._TRW-309801_1-353,sortS100,tmRNA
5s_Sulfolobus-tokodaii-1,sortS100,5s
RNaseP_S.faciem,sortS100,RNaseP
grp1_a.I1.e.P.macrosporus.C1.SSU.943,sortS100,grp1
telomerase_AF221906.96-545,sortS100,telomerase
telomerase_AF221936.98-540,sortS100,telomerase
tRNA_tdbR00000210-Enterobacteria_phage_T5-10726-Leu-UAG,sortS100,tRNA
grp1_a.I1.e.L.dispersa.UNK.SSU.516,sortS100,grp1
RNaseP_N.olivacea-chloroplast,sortS100,RNaseP
5s_Candidatus-Tremblaya-princeps-5,sortS100,5s
tRNA_tdbR00000190-Bos_taurus-9913-Lys-NUU,sortS100,tRNA
telomerase_AF221930.94-546,sortS100,telomerase
tRNA_tdbR00000074-Tetrahymena_pyriformis-5908-Phe-GAA,sortS100,tRNA
telomerase_AF221910.112-554,sortS100,telomerase
16s_S.cerevisiae_domain3,sortS100,16s
srp_Gald.sulp._GSP-130081,sortS100,srp
tRNA_tdbR00000381-Haloferax_volcanii-2246-Ser-GCU,sortS100,tRNA
grp1_a.I1.e.B.ciliata.JCM6865.C1.SSU.1506,sortS100,grp1
srp_Ajel.caps._CV620298,sortS100,srp
telomerase_AF221931.99-541,sortS100,telomerase
tmRNA_Desu.psyc._CR522870_1-366,sortS100,tmRNA
RNaseP_P.gingivalis,sortS100,RNaseP
telomerase_AC121792.109554-109950,sortS100,telomerase
tRNA_tdbR00000143-Asterias_amurensis-7602-His-QUG,sortS100,tRNA
telomerase_AF221919.107-614,sortS100,telomerase
grp1_a.I1.e.P.pachydermus.C1.SSU.943,sortS100,grp1
tRNA_tdbR00000104-Enterobacteria_phage_T4-10665-Gly-NCC,sortS100,tRNA
tRNA_tdbR00000034-Mesocricetus_auratus-10036-Asp-GUC,sortS100,tRNA
RNaseP_P.acanthamoebae,sortS100,RNaseP
tRNA_tdbR00000189-Rattus_norvegicus-10116-Lys-NUU,sortS100,tRNA
grp1_a.I1.m.S.pombe.B1.OX1,sortS100,grp1
srp_Pseu.syri._CP000058,sortS100,srp
srp_Meso.viri._AF166114,sortS100,srp
tmRNA_Trep.pall._TRW-243276_1-354,sortS100,tmRNA
5s_Flectobacillus-major-1,sortS100,5s
5s_Neurospora-crassa-12,sortS100,5s
5s_Methanobrevibacter-ruminantium-1,sortS100,5s
RNaseP_H.chlorum-partial,sortS100,RNaseP
23s_B.subtilis_domain3,sortS100,23s
srp_Pich.guil._GSP-294746,sortS100,srp
grp1_a.I1.e.D.salina.C1.SSU.943,sortS100,grp1
srp_Deba.hans._CR382138,sortS100,srp
5s_Streptococcus-salivarius-1,sortS100,5s
RNaseP_C.psittaci-R54,sortS100,RNaseP
tRNA_tdbR00000282-Ascaris_suum-6253-Met-AU,sortS100,tRNA
5s_Streptomyces-violaceus-1,sortS100,5s
5s_Nanoarchaeum-equitans-1,sortS100,5s
tmRNA_Oeno.oeni._TRW-203123_1-350,sortS100,tmRNA
RNaseP_V.spinosum,sortS100,RNaseP
grp1_a.I1.e.P.carinii.C1.SSU.1506,sortS100,grp1
srp_Ther.teng._AE012978,sortS100,srp
grp1_a.I1.e.B.yamatoana.JCM2896.C1.SSU.943,sortS100,grp1
RNaseP_SM-A3048,sortS100,RNaseP
grp1_a.I1.e.A.capsulatus.G184B.C1.SSU,sortS100,grp1
srp_Cryp.parv._XM_626716,sortS100,srp
grp1_a.I1.e.Staurastrum.sp.M752.C1.SSU.1506,sortS100,grp1
RNaseP_LGB23,sortS100,RNaseP
RNaseP_Synechocystis-PCC6803,sortS100,RNaseP
5s_Triticum-aestivum-1,sortS100,5s
tmRNA_Ocea.ihey._BA000028_1-364,sortS100,tmRNA
RNaseP_T.celerAL1,sortS100,RNaseP
16s_Z.mays_domain2,sortS100,16s
tmRNA_Ther.ther._Y15063_1-349,clusS400,tmRNA
srp_Caen.eleg._AY948608,clusS400,srp
tRNA_tdbR00000553-Asterias_amurensis-7602-Tyr-GUA,clusS400,tRNA
5s_Microbotryum-violaceum-1,clusS400,5s
tRNA_tdbR00000549-Tetrahymena_pyriformis-5908-Tyr-QUA,clusS400,tRNA
16s_A.fulgidus_domain4,clusS400,16s
5s_Sphacelotheca-polygoni-persicariae-1,clusS400,5s
tmRNA_Geob.sulf._AE017180_1-356,clusS400,tmRNA
tmRNA_uncu.bact._TRW-32033-1_1-354,clusS400,tmRNA
tmRNA_Acin.spec._CR543861_1-360,clusS400,tmRNA
srp_Myco.pulm._AL445565,clusS400,srp
RNaseP_Nocardiodes-ATCC39419,clusS400,RNaseP
tRNA_tdbR00000593-Ascaris_suum-6253-Trp-CA,clusS400,tRNA
RNaseP_A.truei,clusS400,RNaseP
srp_Acin.spec._CR543861,clusS400,srp
5s_Methylobacterium-organophilum-1,clusS400,5s
tmRNA_Stre.agal._AE014233_1-350,clusS400,tmRNA
tRNA_tdbR00000290-Enterobacteria_phage_T5-10726-Asn-GUU,clusS400,tRNA
RNaseP_SM-A0911,clusS400,RNaseP
RNaseP_R.prowazekii,clusS400,RNaseP
grp1_a.I1.e.C.grayi.UNK.SSU.1046,clusS400,grp1
tmRNA_Rhod.balt._BX294141_1-380,clusS400,tmRNA
srp_Borr.afze._CP000395,clusS400,srp
srp_Syne.spec._CP000097,clusS400,srp
srp_Rick.typh._AE017197,clusS400,srp
5s_Acheta-domesticus-1,clusS400,5s
srp_Cand.trop._GSP-294747,clusS400,srp
5s_Deinococcus-radiodurans-1,clusS400,5s
RNaseP_LGW23,clusS400,RNaseP
RNaseP_T.volcanum,clusS400,RNaseP
RNaseP_S.glauca-K195,clusS400,RNaseP
tmRNA_Verr.spin._TRW-240016_1-356,clusS400,tmRNA
5s_Mycoplasma-hyopneumoniae-1,clusS400,5s
tmRNA_Heli.hepa._AE017125_1-369,clusS400,tmRNA
srp_Lyco.escu._Z29104,clusS400,srp
tRNA_tdbR00000595-Escherichia_coli-562-Leu-BAA,clusS400,tRNA
tmRNA_Salm.ente._AE014613_1-363,clusS400,tmRNA
5s_Pyrenophora-graminea-1,clusS400,5s
srp_Legi.pneu._AE017354,clusS400,srp
RNaseP_Rr368,clusS400,RNaseP
srp_Pers.amer._X65992,clusS400,srp
grp1_a.I1.e.M.caldariorum.C1.SSU.1506,clusS400,grp1
telomerase_AF221928.95-476,clusS400,telomerase
16s_F.ananassa_domain3,clusS400,16s
RNaseP_R.americana-mito,clusS400,RNaseP
tmRNA_Stap.epid._TRW-176280_1-361,clusS400,tmRNA
srp_Coxi.burn._CP000733,clusS400,srp
srp_Proc.mari._CP000111,clusS400,srp
srp_Psyc.arct._CP000082,clusS400,srp
srp_Bart.quin._BX897700,clusS400,srp
tRNA_tdbR00000363-Ascaris_suum-6253-Arg-PCU,clusS400,tRNA
srp_Stre.sang._CP000387,clusS400,srp
srp_Lotu.japo._BW598799,clusS400,srp
srp_Rick.cono._AE008680,clusS400,srp
5s_Sabellastarte-japonica-1,clusS400,5s
RNaseP_T.celerAL1-2,clusS400,RNaseP
tmRNA_Past.mult._AE006115_1-367,clusS400,tmRNA
telomerase_AF221916.94-481,clusS400,telomerase
tRNA_tdbR00000174-Mus_musculus-10090-Ile-IAU,clusS400,tRNA
telomerase_AF221940.103-499,clusS400,telomerase
tmRNA_Azot.vine._TRW-354_1-352,clusS400,tmRNA
tmRNA_Thal.pseu._EF067921_1-344,clusS400,tmRNA
tmRNA_Dict.ther._TRW-14_1-350,clusS400,tmRNA
tmRNA_uncu.bact._TRW-32045-4_1-369,clusS400,tmRNA
tRNA_tdbR00000246-Bos_taurus-9913-Leu-NAA,clusS400,tRNA
srp_Medi.trun._BE941271,clusS400,srp
tRNA_tdbR00000581-Aeropyrum_pernix-56636-Lys-CUU,clusS400,tRNA
23s_B.subtilis_domain6,clusS400,23s
tmRNA_Camp.lari._TRW-306263_1-359,clusS400,tmRNA
tmRNA_Dein.radi._TRW-243230_1-349,clusS400,tmRNA
tmRNA_Coxi.burn._AE016828_1-360,clusS400,tmRNA
5s_Thermotoga-maritima-1,clusS400,5s
grp1_a.I1.e.D.parva.C1.SSU.1512,clusS400,grp1
tRNA_tdbR00000517-Neurospora_crassa-5141-Ini-CAU,clusS400,tRNA
srp_Perk.mari._GSP-31276,clusS400,srp
5s_C_paradoxE,clusS400,5s
srp_Meth.volt._M22560,clusS400,srp
23s_T.thermophilus_domain4,clusS400,23s
tmRNA_Myco.smeg._CP000480_1-369,clusS400,tmRNA
srp_Meth.acet._X17238,clusS400,srp
srp_Sulf.acid._CP000077,clusS400,srp
5s_Methanothermobacter-thermautotrophicus-7,clusS400,5s
RNaseP_B.stearothermophilus,clusS400,RNaseP
5s_Dehalococcoides-ethenogenes-1,clusS400,5s
5s_Onchocerca-cervicalis-1,clusS400,5s
grp1_a.I1.e.L.dispersa.UNK.SSU.1210,clusS400,grp1
5s_Streptococcus-pyogenes-1,clusS400,5s
grp1_a.I1.e.C.saccatum.C1.SSU.1512,clusS400,grp1
srp_Lodd.elon._GSP-379508,clusS400,srp
grp1_a.I1.e.S.paniceum.UNK.SSU.1506,clusS400,grp1
5s_Finegoldia-magna-2,clusS400,5s
srp_Sorg.bico._BE594178,clusS400,srp
grp1_a.I1.e.A.capsulatus.CBS213.53.C1.SSU.943,clusS400,grp1
RNaseP_ESH20b-4,clusS400,RNaseP
RNaseP_N.gonnorhoeae,clusS400,RNaseP
srp_Baci.amyl._CP000560,clusS400,srp
RNaseP_CPB139,clusS400,RNaseP
5s_Andrias-japonicus-2,clusS400,5s
5s_Methanococcus-maripaludis-1,clusS400,5s
RNaseP_SM-A3153,clusS400,RNaseP
RNaseP_S.mutans,clusS400,RNaseP
RNaseP_C.crescentus,clusS400,RNaseP
tmRNA_Cory.effi._BA000035_1-376,clusS400,tmRNA
srp_Novo.arom._CP000248,clusS400,srp
RNaseP_C.limicola,clusS400,RNaseP
RNaseP_Pseudoanabaena-PCC6903,clusS400,RNaseP
5s_Ascobolus-immersus-4,clusS400,5s
tmRNA_Acid.ferr._TRW-920_1-341,clusS400,tmRNA
5s_Filobasidiella-depauperata-1,clusS400,5s
srp_Rhod.spec._CP000431,clusS400,srp
RNaseP_H.volcanii,clusS400,RNaseP
tRNA_tdbR00000307-Moloney_murine_leukemia_virus-11801-Pro-IGG,clusS400,tRNA
srp_Caen.eleg._Z34533,clusS400,srp
5s_Emericella-nidulans-5,clusS400,5s
tRNA_tdbR00000078-Ascaris_suum-6253-Phe-GAA,clusS400,tRNA
srp_Myco.vanb._CP000511,clusS400,srp
RNaseP_C.testosteroni,clusS400,RNaseP
5s_Paracoccus-denitrificans-2,clusS400,5s
telomerase_AF221913.109-520,clusS400,telomerase
srp_Babe.bige._GSP-5866,clusS400,srp
RNaseP_M.luteus,clusS400,RNaseP
5s_Caenorhabditis-elegans-3,clusS400,5s
tmRNA_Prev.rumi._TRW-264731_1-401,clusS400,tmRNA
RNaseP_P.staleyi,clusS400,RNaseP
srp_Anto.locu._GSP-278021,clusS400,srp
5s_Ehrlichia-chaffeensis-1,clusS400,5s
5s_Erythromicrobium-ramosum-1,clusS400,5s
5s_Chlamydophila-caviae-1,clusS400,5s
RNaseP_Nocardiodes-NSP41,clusS400,RNaseP
tmRNA_Serr.marc._TRW-273526_1-364,clusS400,tmRNA
tmRNA_Arth.spec._CP000454_1-369,clusS400,tmRNA
RNaseP_S.epidermidis,clusS400,RNaseP
RNaseP_B.bronchiseptica,clusS400,RNaseP
16s_C.elegans_domain4,clusS400,16s
tRNA_tdbR00000400-Loligo_bleekeri-6617-Ser-7CU,clusS400,tRNA
tmRNA_Myco.pulm._AL445565_1-387,clusS400,tmRNA
RNaseP_SM-A02,clusS400,RNaseP
16s_H.sapiens_domain3,clusS400,16s
RNaseP_C.pecorum-IPA,clusS400,RNaseP
RNaseP_I.calvum,clusS400,RNaseP
srp_Aply.cali._GSP-6500,clusS400,srp
RNaseP_PS8,clusS400,RNaseP
srp_Heli.acin._AM260522,clusS400,srp
5s_Cryptosporidium-parvum-1,clusS400,5s
tRNA_tdbR00000414-Lupinus_luteus-3873-Ser-CGA,clusS400,tRNA
srp_Camp.jeju._CP000025,clusS400,srp
srp_Pyro.hori._BA000001,clusS400,srp
tmRNA_Lact.john._TRW-257314_1-367,clusS400,tmRNA
srp_Tryp.cong._SDB-5692,clusS400,srp
RNaseP_M.phosphovorus-JCM9379,clusS400,RNaseP
RNaseP_PS22,clusS400,RNaseP
tRNA_tdbR00000379-Enterobacteria_phage_T4-10665-Ser-NGA,clusS400,tRNA
RNaseP_ESH7-4,clusS400,RNaseP
5s_Ulva-pertusa-1,clusS400,5s
5s_Azoarcus-sp.-1,clusS400,5s
srp_Cryp.homi._GSP-353151,clusS400,srp
RNaseP_R.rubrum,clusS400,RNaseP
RNaseP_H.trapanicum,clusS400,RNaseP
srp_Nitr.euro._BX321857,clusS400,srp
5s_Mycoplasma-mobile-1,clusS400,5s
srp_Shig.flex._AE014073,clusS400,srp
srp_Unci.rees._GSP-336963,clusS400,srp
tmRNA_Gemm.obsc._TRW-214688_1-412,clusS400,tmRNA
tmRNA_Meth.flag._CP000284_1-361,clusS400,tmRNA
tRNA_tdbR00000461-Rattus_norvegicus-10116-Val-UAC,clusS400,tRNA
tmRNA_Geob.kaus._BA000043_1-352,clusS400,tmRNA
RNaseP_N.jensenii,clusS400,RNaseP
tmRNA_envi.sequ._TRW-351057-3_1-355,clusS400,tmRNA
srp_Toxo.gond._CO743022,clusS400,srp
5s_Burkholderia-cepacia-2,clusS400,5s
tmRNA_Mora.cata._AX067460_1-359,clusS400,tmRNA
tmRNA_Stre.miti._TRW-246201_1-348,clusS400,tmRNA
5s_Chaetomorpha-moniligera-1,clusS400,5s
5s_Rhodobacter-capsulatus-2,clusS400,5s
23s_S.aureus_domain3,clusS400,23s
RNaseP_N.fulvus-KCTC9580,clusS400,RNaseP
grp1_a.I1.e.P.carinii.Pc1.C1.LSU.1921,clusS400,grp1
RNaseP_ESH7-9,clusS400,RNaseP
srp_Popu.bals._GSP-73824,clusS400,srp
5s_Candida-melibiosica-1,clusS400,5s
RNaseP_CPA63,clusS400,RNaseP
RNaseP_LGW116,clusS400,RNaseP
srp_Bras.napu._EE409827,clusS400,srp
16s_H.sapiens_domain4,clusS400,16s
srp_Thei.annu._NW_001091934,clusS400,srp
srp_Stre.pyog._CP000262,clusS400,srp
5s_Bacillus-amyloliquefaciens-1,clusS400,5s
srp_Myco.spec._CP000580,clusS400,srp
srp_Gibb.moni._GSP-334819,clusS400,srp
RNaseP_C.hydrogenoformans,clusS400,RNaseP
RNaseP_C.paradoxa-cyanelle,clusS400,RNaseP
telomerase_AF221929.92-517,clusS400,telomerase
tRNA_tdbR00000244-Rattus_norvegicus-10116-Leu-UAG,clusS400,tRNA
16s_P.occultum_domain4,clusS400,16s
tRNA_tdbR00000366-Rattus_norvegicus-10116-Arg-UCG,clusS400,tRNA
16s_M.polymorpha_domain3,clusS400,16s
tmRNA_Stre.uber._TRW-218495_1-350,clusS400,tmRNA
RNaseP_A.laidlawii,clusS400,RNaseP
tRNA_tdbR00000556-Schizosaccharomyces_pombe-4896-Tyr-GPA,clusS400,tRNA
srp_Cand.albi._GSP-237561,clusS400,srp
RNaseP_SM-A1519,clusS400,RNaseP
tRNA_tdbR00000203-Loligo_bleekeri-6617-Lys-NUU,clusS400,tRNA
tmRNA_uncu.bact._TRW-383630-1_1-364,clusS400,tmRNA
5s_Mycobacterium-avium-1,clusS400,5s
RNaseP_B.halodurans,clusS400,RNaseP
tRNA_tdbR00000364-Ascaris_suum-6253-Arg-ACG,clusS400,tRNA
srp_Dein.radi._AE000513,clusS400,srp
tmRNA_Dich.nodo._TRW-35819_1-352,clusS400,tmRNA
srp_Baci.amyl._D11416,clusS400,srp
RNaseP_Prochlorococcus-TATL2,clusS400,RNaseP
tmRNA_Syne.spec._D90916_1-396,clusS400,tmRNA
5s_Clostridium-acetobutylicum-1,clusS400,5s
RNaseP_Nostoc-PCC7413,clusS400,RNaseP
5s_Euglena-gracilis-2,clusS400,5s
RNaseP_C.psittaci-2,clusS400,RNaseP
tmRNA_Chla.abor._CR848038_1-425,clusS400,tmRNA
srp_Geob.ther._CP000557,clusS400,srp
tmRNA_Shew.frig._CP000447_1-356,clusS400,tmRNA
srp_Acin.baum._CP000521,clusS400,srp
srp_Ther.mari._AE000512,clusS400,srp
5s_Acetobacter-aceti-2,clusS400,5s
RNaseP_SM-A1214,clusS400,RNaseP
RNaseP_Anabaena-ATCC29413,clusS400,RNaseP
srp_Noca.farc._AP006618,clusS400,srp
srp_Pseu.ento._CT573326,clusS400,srp
RNaseP_G.sulfurreducens,clusS400,RNaseP
tmRNA_Chla.muri._AE002296_1-418,clusS400,tmRNA
16s_E.coli_domain2,clusS400,16s
16s_Z.mays_domain1,clusS400,16s
srp_Arab.tha._X55111,clusS400,srp
srp_Aspe.flav._GSP-332952,clusS400,srp
srp_Zea.mays._CF602412,clusS400,srp
tRNA_tdbR00000576-Leishmania_tarentolae-5689-Asp-GUC,clusS400,tRNA
srp_Cryp.parv._AA532232,clusS400,srp
5s_Bacillus-cereus-10,clusS400,5s
RNaseP_S.carlsbergensis,clusS400,RNaseP
srp_Ther.volc._BA000011,clusS400,srp
tmRNA_Myco.hyop._TRW-262719_1-433,clusS400,tmRNA
5s_Chlorella-pyrenoidosa-1,clusS400,5s
16s_C.reinhardtii.chloro_domain1,clusS400,16s
srp_Myco.geni._L43967,clusS400,srp
5s_Lingula-anatina-2,clusS400,5s
srp_Volv.cart._GSP-51971-1,clusS400,srp
tmRNA_Vibr.fisc._CP000020_1-367,clusS400,tmRNA
RNaseP_CPB149,clusS400,RNaseP
srp_Myco.hyop._AE017243,clusS400,srp
5s_Meloidogyne-artiellia-1,clusS400,5s
RNaseP_P.hollandica,clusS400,RNaseP
tmRNA_Clos.diff._AM180355_1-350,clusS400,tmRNA
23s_E.coli_domain3,clusS400,23s
tmRNA_Sali.rube._CP000159_1-369,clusS400,tmRNA
RNaseP_SM-A5888,clusS400,RNaseP
srp_Ferr.acid._GSP-333146,clusS400,srp
tmRNA_Dein.radi._AE001939_1-346,clusS400,tmRNA
tmRNA_Prop.acne._TRW-1747-2_1-353,clusS400,tmRNA
tmRNA_Clos.perf._CP000312_1-361,clusS400,tmRNA
tRNA_tdbR00000389-Bacillus_subtilis-1423-Ser-GGA,clusS400,tRNA
RNaseP_E.coli-JM109,clusS400,RNaseP
RNaseP_LGB21,clusS400,RNaseP
telomerase_AF221908.136-584,clusS400,telomerase
tmRNA_Emil.huxl._AY741371_1-291,clusS400,tmRNA
5s_Halorubrum-distributum-7,clusS400,5s
RNaseP_C.diphtheriae,clusS400,RNaseP
tmRNA_Stap.epid._TRW-1282-2_1-362,clusS400,tmRNA
5s_Pseudomonas-stutzeri-2,clusS400,5s
RNaseP_M.fermentans,clusS400,RNaseP
srp_Xant.oryz._AP008229,clusS400,srp
5s_Haemophilus-influenzae-1,clusS400,5s
5s_Halobacterium-salinarum-2,clusS400,5s
srp_Para.symb._BX908798,clusS400,srp
srp_Chla.pneu._AE001624,clusS400,srp
srp_Leis.braz._AY722724,clusS400,srp
srp_Proc.mari._BX572093,clusS400,srp
5s_Kutzneria-albida-1,clusS400,5s
16s_H.volcanii_domain3,clusS400,16s
tmRNA_Legi.pneu._CR628337_1-406,clusS400,tmRNA
tmRNA_Meth.caps._AE017282_1-356,clusS400,tmRNA
tmRNA_Xant.camp._AE012247_1-397,clusS400,tmRNA
RNaseP_SLC,clusS400,RNaseP
5s_Acidithiobacillus-ferrooxidans-1,clusS400,5s
RNaseP_B.anthracis,clusS400,RNaseP
srp_Myco.lepr._AL023596,clusS400,srp
RNaseP_T.aquaticus,clusS400,RNaseP
tmRNA_Haem.ducr._AE017143_1-367,clusS400,tmRNA
srp_Rhod.balt._BX294144,clusS400,srp
tmRNA_Azoa.spec._TRW-62928_1-378,clusS400,tmRNA
5s_Streptomyces-avermitilis-1,clusS400,5s
16s_A.fulgidus_domain3,clusS400,16s
RNaseP_Prochlorococcus-TATL2-2,clusS400,RNaseP
tmRNA_Myco.geni._TRW-243273_1-388,clusS400,tmRNA
RNaseP_Prochlorococcus-TAK9803-2,clusS400,RNaseP
5s_Azospirillum-lipoferum-1,clusS400,5s
tmRNA_List.inno._TRW-1642-2_1-370,clusS400,tmRNA
grp1_a.I1.e.T.hyperangularis.C1.LSU.1925,clusS400,grp1
RNaseP_Onchorhynchus-sp-2,clusS400,RNaseP
RNaseP_B.bufo,clusS400,RNaseP
tRNA_tdbR00000276-Escherichia_coli-562-Met-MAU,clusS400,tRNA
srp_Pseu.syri._CP000075,clusS400,srp
5s_Ambystoma-salmoides-1,clusS400,5s
srp_Myco.gall._AE015450,clusS400,srp
srp_Rick.feli._CP000053,clusS400,srp
RNaseP_SM-A2539,clusS400,RNaseP
tmRNA_Cyan.cald._AF022186_1-254,clusS400,tmRNA
RNaseP_CPB147,clusS400,RNaseP
RNaseP_M.avium,clusS400,RNaseP
grp1_a.I1.e.E.dermatitidis.C1.SSU.943,clusS400,grp1
srp_Meth.mari._BX957223,clusS400,srp
tRNA_tdbR00000299-Asterias_amurensis-7602-Asn-GPU,clusS400,tRNA
tRNA_tdbR00000053-Bos_taurus-9913-Glu-NUC,clusS400,tRNA
RNaseP_SM-A2743,clusS400,RNaseP
grp1_a.I1.e.C.ellipsoidea.211-1a.C1.SSU.1506,clusS400,grp1
srp_Trep.pall._AE001187,clusS400,srp
tmRNA_Thio.deni._CP000116_1-367,clusS400,tmRNA
tmRNA_Myco.hyop._TRW-295358_1-424,clusS400,tmRNA
RNaseP_B.pertussis,clusS400,RNaseP
RNaseP_LGW17,clusS400,RNaseP
tmRNA_Porp.ging._TRW-242619_1-407,clusS400,tmRNA
RNaseP_Z.florentinus,clusS400,RNaseP
tRNA_tdbR00000054-Saccharomyces_cerevisiae-4932-Glu-3UC,clusS400,tRNA
RNaseP_T.maritima,clusS400,RNaseP
16s_T.gondii_domain4,clusS400,16s
tmRNA_Shew.spec._CP000444_1-355,clusS400,tmRNA
tRNA_tdbR00000042-Haloferax_volcanii-2246-Glu-MUC,clusS400,tRNA
srp_Ence.cuni._AL590449,clusS400,srp
tmRNA_Chla.pneu._TRW-83558_1-426,clusS400,tmRNA
RNaseP_T.album,clusS400,RNaseP
tmRNA_List.gray._AF440336_1-321,clusS400,tmRNA
srp_Fran.tula._CP000437,clusS400,srp
RNaseP_SM-A1012,clusS400,RNaseP
5s_Acidiphilium-acidophilum-1,clusS400,5s
5s_Chlamydomonas-reinhardtii-1,clusS400,5s
RNaseP_SM-A5382,clusS400,RNaseP
tmRNA_Rubr.gela._TRW-279263_1-372,clusS400,tmRNA
srp_Plas.reic._GSP-5854,clusS400,srp
tmRNA_Stre.aver._BA000030_1-389,clusS400,tmRNA
srp_Eime.tene._GSP-413949,clusS400,srp
tmRNA_Burk.thai._CP000086_1-370,clusS400,tmRNA
tmRNA_Exig.sibi._TRW-262543_1-359,clusS400,tmRNA
srp_Asco.apis._GSP-392613,clusS400,srp
tmRNA_Baci.subt._Z99121_1-360,clusS400,tmRNA
5s_Finegoldia-magna-1,clusS400,5s
RNaseP_P.abyssi,clusS400,RNaseP
tmRNA_Neis.meni._AE002452_1-360,clusS400,tmRNA
srp_Xant.camp._AM039952,clusS400,srp
tmRNA_Burk.mall._CP000010_1-370,clusS400,tmRNA
5s_Lactococcus-lactis-2,clusS400,5s
srp_Wolb.endo._AE017196,clusS400,srp
RNaseP_PS31,clusS400,RNaseP
srp_Meth.ther._AE000666,clusS400,srp
RNaseP_D.desulfuricans,clusS400,RNaseP
RNaseP_SMB-B2,clusS400,RNaseP
telomerase_AF221917.99-542,clusS400,telomerase
srp_Zymo.mobi._AF203881,clusS400,srp
5s_Bacillus-firmus-1,clusS400,5s
5s_Rhodococcus-fascians-1,clusS400,5s
srp_Homo.sapi._BF908693,clusS400,srp
RNaseP_LGA1,clusS400,RNaseP
RNaseP_SM-A1726,clusS400,RNaseP
srp_Stap.aure._AC025951,clusS400,srp
RNaseP_M.vannielli,clusS400,RNaseP
srp_Chae.glob._GSP-306901,clusS400,srp
tRNA_tdbR00000280-Saccharomyces_cerevisiae-4932-Met-CAU,clusS400,tRNA
tRNA_tdbR00000080-Bos_taurus-9913-Phe-GAA,clusS400,tRNA
tmRNA_Stre.pyog._AE010048_1-348,clusS400,tmRNA
RNaseP_B.thetaiotaomicron,clusS400,RNaseP
5s_Methanothermobacter-thermautotrophicus-2,clusS400,5s
5s_Beggiatoa-alba-1,clusS400,5s
srp_Lact.john._AX926712,clusS400,srp
5s_Bacteroides-thetaiotaomicron-1,clusS400,5s
5s_Streptomyces-ambofaciens-1,clusS400,5s
tRNA_tdbR00000328-Enterobacteria_phage_T5-10726-Gln-UUG,clusS400,tRNA
RNaseP_E.coli,clusS400,RNaseP
RNaseP_P.strasburgensis,clusS400,RNaseP
tmRNA_Esch.coli._AE005491_1-363,clusS400,tmRNA
RNaseP_ERE,clusS400,RNaseP
16s_H.sapiens.mito_domain2,clusS400,16s
tRNA_tdbR00000085-Schizosaccharomyces_pombe-4896-Phe-AA,clusS400,tRNA
grp1_a.I1.e.C.grayi.UNK.SSU.1516,clusS400,grp1
srp_Thal.pseu._EF067921,clusS400,srp
16s_G.intestinalis_domain4,clusS400,16s
tmRNA_Clos.teta._AE015927_1-355,clusS400,tmRNA
16s_M.polymorpha_domain4,clusS400,16s
5s_Bacteroides-fragilis-1,clusS400,5s
5s_Listeria-monocytogenes-3,clusS400,5s
tRNA_tdbR00000048-Synechocystis_sp.-1143-Glu-NUC,clusS400,tRNA
tmRNA_Meso.viri._AF166114_1-359,clusS400,tmRNA
srp_Tric.spir._GSP-6334,clusS400,srp
tmRNA_Alka.meta._TRW-293826_1-355,clusS400,tmRNA
tRNA_tdbR00000622-Nicotiana_rustica-4093-Cys-GCA,clusS400,tRNA
RNaseP_S.polymorpha,clusS400,RNaseP
5s_Lactobacillus-delbrueckii-1,clusS400,5s
srp_Leis.infa._AM502223,clusS400,srp
RNaseP_CPB72,clusS400,RNaseP
5s_Gelidium-amansii-2,clusS400,5s
tRNA_tdbR00000011-Neurospora_crassa-5141-Ala-UGC,clusS400,tRNA
srp_Lact.case._CP000423,clusS400,srp
tRNA_tdbR00000105-Halobacterium_salinarum-2242-Gly-GCC,clusS400,tRNA
telomerase_AF221935.112-602,clusS400,telomerase
srp_Desu.psyc._CR522870,clusS400,srp
5s_Thermoplasma-acidophilum-1,clusS400,5s
tRNA_tdbR00000222-Escherichia_coli-562-Leu-GAG,clusS400,tRNA
16s_B.burgdorferi_domain3,clusS400,16s
tmRNA_Mann.haem._TRW-272629_1-367,clusS400,tmRNA
5s_Gnetum-gnemon-1,clusS400,5s
srp_Stap.aure._AP009351,clusS400,srp
RNaseP_S.putrefaciens,clusS400,RNaseP
tmRNA_Myco.geni._U39713_1-385,clusS400,tmRNA
RNaseP_Synechococcus-PCC6717,clusS400,RNaseP
5s_Cryptococcus-laurentii-1,clusS400,5s
RNaseP_B.burgdorferi,clusS400,RNaseP
5s_Bifidobacterium-longum-1,clusS400,5s
tmRNA_Baci.lich._CP000002_1-356,clusS400,tmRNA
srp_Sacc.para._BN000251,clusS400,srp
tmRNA_Erwi.chry._TRW-198628_1-381,clusS400,tmRNA
tRNA_tdbR00000012-Saccharomyces_cerevisiae-4932-Ala-IGC,clusS400,tRNA
5s_Bacillus-subtilis-6,clusS400,5s
tmRNA_Neis.gono._TRW-242231_1-363,clusS400,tmRNA
tmRNA_Ente.faec._BD193796_1-367,clusS400,tmRNA
srp_Coxi.burn._AE016828,clusS400,srp
RNaseP_M.fervidus,clusS400,RNaseP
tRNA_tdbR00000352-Mycoplasma_capricolum-2095-Arg-ICG,clusS400,tRNA
grp1_s.I1.e.T.thermophila.C1.LSU.1925.schem,clusS400,grp1
tmRNA_Geob.stea._TRW-1422_1-352,clusS400,tmRNA
RNaseP_S.cerevisiae,clusS400,RNaseP
srp_Buch.aphi._AE014017,clusS400,srp
srp_Camp.jeju._AL111168,clusS400,srp
tmRNA_Odon.sine._TRW-2839_1-371,clusS400,tmRNA
tmRNA_uncu.bact._TRW-80840-2_1-379,clusS400,tmRNA
RNaseP_ESH183A,clusS400,RNaseP
5s_Rickettsia-moozeri-1,clusS400,5s
RNaseP_R.norvegicus,clusS400,RNaseP
23s_H.pylori_domain4,clusS400,23s
tmRNA_List.inno._TRW-1642-1_1-370,clusS400,tmRNA
srp_Meth.jann._L77117,clusS400,srp
srp_Rick.prow._AJ235273,clusS400,srp
5s_Mycoplasma-pulmonis-1,clusS400,5s
5s_Spirogyra-sp.-1,clusS400,5s
RNaseP_P131,clusS400,RNaseP
grp1_a.I1.e.C.ellipsoidea.IAMC-87.C1.SSU.1506,clusS400,grp1
srp_Spra.loph._GSP-51541,clusS400,srp
RNaseP_L.ferrooxidans-MK,clusS400,RNaseP
RNaseP_S.equi,clusS400,RNaseP
srp_Myco.gall._AE016968,clusS400,srp
RNaseP_CPB69,clusS400,RNaseP
tmRNA_Rals.sola._AL646061_1-357,clusS400,tmRNA
RNaseP_S.aureus-2,clusS400,RNaseP
tRNA_tdbR00000285-Triticum_aestivum-4565-Met-BAU,clusS400,tRNA
RNaseP_A.ferrooxidans,clusS400,RNaseP
tRNA_tdbR00000210-Enterobacteria_phage_T5-10726-Leu-UAG,clusS400,tRNA
tmRNA_Noca.farc._AP006618_1-368,clusS400,tmRNA
5s_Tremella-mesenterica-2,clusS400,5s
tRNA_tdbR00000190-Bos_taurus-9913-Lys-NUU,clusS400,tRNA
srp_Stre.pneu._AE007319,clusS400,srp
tRNA_tdbR00000074-Tetrahymena_pyriformis-5908-Phe-GAA,clusS400,tRNA
5s_Halorubrum-distributum-6,clusS400,5s
tmRNA_Salm.bong._TRW-218493_1-363,clusS400,tmRNA
5s_Streptomyces-roseoverticillatus-1,clusS400,5s
grp1_a.I1.e.B.ciliata.JCM6865.C1.SSU.1506,clusS400,grp1
srp_Ajel.caps._CV620298,clusS400,srp
tmRNA_Desu.psyc._CR522870_1-366,clusS400,tmRNA
tRNA_tdbR00000143-Asterias_amurensis-7602-His-QUG,clusS400,tRNA
telomerase_AF221919.107-614,clusS400,telomerase
RNaseP_SL2D,clusS400,RNaseP
tRNA_tdbR00000216-Mycoplasma_capricolum-2095-Leu-BAA,clusS400,tRNA
srp_Gall.gall._AB073218,clusS400,srp
tRNA_tdbR00000446-Halobacterium_salinarum-2242-Val-CAC,clusS400,tRNA
5s_Methanobrevibacter-ruminantium-1,clusS400,5s
tRNA_tdbR00000029-Asterias_amurensis-7602-Asp-QUC,clusS400,tRNA
tmRNA_Baci.cere._AE017194_1-355,clusS400,tmRNA
tmRNA_Burk.ceno._CP000378_1-370,clusS400,tmRNA
srp_Ento.sulc._AF095839,clusS400,srp
srp_Lyco.escu._Z29103,clusS400,srp
5s_Anthoceros-punctatus-1,clusS400,5s
5s_Candida-albicans-1,clusS400,5s
5s_Streptomyces-diastaticus-1,clusS400,5s
srp_Odon.sine._Z67753,clusS400,srp
5s_Zymomonas-mobilis-1,clusS400,5s
RNaseP_SM-A3048,clusS400,RNaseP
srp_Tryp.bruc._AC159431,clusS400,srp
srp_Camp.jeju._CP000538,clusS400,srp
tmRNA_Ocea.ihey._BA000028_1-364,clusS400,tmRNA
5s_Mycobacterium-leprae-2,clusS400,5s
tRNA_tdbR00000335-Nicotiana_rustica-4093-Gln-NUG,clusS400,tRNA
srp_Clos.botu._AM412317,clusS400,srp
5s_Andrias-japonicus-1,clusS400,5s
5s_Coxiella-burnetii-2,clusS400,5s
srp_Schi.japo._GSP-402676,clusS400,srp
grp1_a.I1.e.A.capsulatus.FLs1.C1.SSU,clusS400,grp1
5s_Emericella-nidulans-4,clusS400,5s
srp_Humu.lupu._AJ236706,clusS400,srp
tmRNA_Kleb.pneu._TRW-272620_1-363,clusS400,tmRNA
5s_Sulfurococcus-mirabilis-1,clusS400,5s
tRNA_tdbR00000217-Mycoplasma_capricolum-2095-Leu-AA,clusS400,tRNA
srp_Proc.mari._CP000551,clusS400,srp
tRNA_tdbR00000283-Gallus_gallus-9031-Met-AU,clusS400,tRNA
srp_Pyro.abys._AJ248283,clusS400,srp
tmRNA_Synt.acid._CP000252_1-356,clusS400,tmRNA
tmRNA_Baci.clau._AP006627_1-355,clusS400,tmRNA
5s_Buchnera-aphidicola-3,clusS400,5s
telomerase_AF221912.98-564,clusS400,telomerase
tmRNA_envi.sequ._TRW-204433_1-356,clusS400,tmRNA
tmRNA_Myco.arth._TRW-243272_1-394,clusS400,tmRNA
16s_C.elegans_domain3,clusS400,16s
tmRNA_Cyan.mero._AY286123_1-236,clusS400,tmRNA
grp1_b.I1.e.T.thermophila.C1.LSU.1925,clusS400,grp1
5s_Anaplasma-marginale-1,clusS400,5s
srp_List.mono._U15684,clusS400,srp
srp_Yarr.lipo._CR382127,clusS400,srp
5s_Halococcus-morrhuae-1,clusS400,5s
srp_Zygo.roux._BN000170,clusS400,srp
srp_Enta.hist._AF487684,clusS400,srp
srp_Pyro.occu._M21085,clusS400,srp
RNaseP_P.aerogenes,clusS400,RNaseP
tRNA_tdbR00000131-Triticum_aestivum-4565-Gly-GCC,clusS400,tRNA
tmRNA_Pseu.syri._CP000058_1-388,clusS400,tmRNA
tRNA_tdbR00000520-Aedes_albopictus-7160-Ini-CAU,clusS400,tRNA
RNaseP_H.chlorum,clusS400,RNaseP
tmRNA_Pseu.atla._CP000388_1-357,clusS400,tmRNA
RNaseP_S.equi-g,clusS400,RNaseP
RNaseP_Prochlorococcus-PAC1A,clusS400,RNaseP
grp1_a.I1.c.G.prostrata.C3.tLEU,clusS400,grp1
5s_Meloidogyne-arenaria-2,clusS400,5s
5s_Crossiella-cryophila-1,clusS400,5s
tmRNA_Magn.spec._CP000471_1-366,clusS400,tmRNA
tmRNA_Aste.yell._CP000061_1-426,clusS400,tmRNA
grp1_a.I1.e.T.pigmentosa.C1.LSU.1925,clusS400,grp1
5s_Legionella-longbeachae-1,clusS400,5s
srp_Clos.diff._AM180355,clusS400,srp
RNaseP_H.aurantiacus,clusS400,RNaseP
tmRNA_Myco.pneu._AE000035_1-384,clusS400,tmRNA
RNaseP_M.sedula,clusS400,RNaseP
RNaseP_LGB32,clusS400,RNaseP
5s_Fusarium-culmorum-6,clusS400,5s
srp_Phyt.infe._CV911012,clusS400,srp
5s_Spirogyra-grevilleana-1,clusS400,5s
RNaseP_P.furiosus-2,clusS400,RNaseP
telomerase_AF221911.104-513,clusS400,telomerase
tmRNA_Phot.lumi._BX571870_1-364,clusS400,tmRNA
16s_A.pyrophilus_domain2,clusS400,16s
tmRNA_Syne.spec._TRW-1131_1-399,clusS400,tmRNA
srp_Symb.ther._AP006840,clusS400,srp
srp_Prop.acne._AE017283,clusS400,srp
5s_Pyrococcus-abyssi-1,clusS400,5s
srp_Chla.pneu._AE001363,clusS400,srp
srp_Gluc.oxyd._CP000009,clusS400,srp
srp_Legi.pneu._CR628336,clusS400,srp
srp_Plas.gall._GSP-5849,clusS400,srp
tmRNA_envi.sequ._TRW-32045-1_1-355,clusS400,tmRNA
srp_Lact.delb._CP000412,clusS400,srp
RNaseP_T.neapolitana,clusS400,RNaseP
RNaseP_T.tumescens,clusS400,RNaseP
5s_Prosthecochloris-aestuarii-1,clusS400,5s
RNaseP_C.aurantiacus,clusS400,RNaseP
srp_Chla.abor._CR848038,clusS400,srp
grp1_a.I1.b.Dermocarpa.sp.ATCC29371.C3.tMET,clusS400,grp1
srp_Myco.spec._CP000384,clusS400,srp
RNaseP_C.trachomatis,clusS400,RNaseP
tRNA_tdbR00000045-Escherichia_coli-562-Glu-SUC,clusS400,tRNA
srp_Stre.pyog._AE004092,clusS400,srp
16s_C.reinhardtii.mito_domain1,clusS400,16s
tRNA_tdbR00000211-Haloferax_volcanii-2246-Leu-CAA,clusS400,tRNA
16s_B.subtilis_domain2,clusS400,16s
tRNA_tdbR00000266-Bos_taurus-9913-Leu-AA,clusS400,tRNA
5s_Brucella-melitensis-2,clusS400,5s
23s_S.aureus_domain6,clusS400,23s
16s_P.staleyi_domain3,clusS400,16s
tmRNA_Heli.pylo._AE000511_1-386,clusS400,tmRNA
16s_H.sapiens.mito_domain1,clusS400,16s
5s_Cryptococcus-bacillisporus-1,clusS400,5s
5s_Azotobacter-vinelandii-1,clusS400,5s
5s_Caulobacter-sp.-2,clusS400,5s
5s_Wolbachia-endosymbiont-of-D.-melanogaster-1,clusS400,5s
16s_T.maritima_domain4,clusS400,16s
RNaseP_M.bovis,clusS400,RNaseP
tmRNA_Ente.faec._TRW-1352_1-367,clusS400,tmRNA
tRNA_tdbR00000386-Mycoplasma_mycoides-2102-Ser-UGA,clusS400,tRNA
5s_Chlorobium-tepidum-1,clusS400,5s
5s_Paracoccus-denitrificans-1,clusS400,5s
5s_Rickettsia-conorii-1,clusS400,5s
RNaseP_ESH26-4,clusS400,RNaseP
5s_Alcaligenes-faecalis-1,clusS400,5s
RNaseP_ESH7-16,clusS400,RNaseP
RNaseP_S.bovis,clusS400,RNaseP
srp_Xyle.fast._AE009442,clusS400,srp
5s_Coxiella-burnetii-1,clusS400,5s
tmRNA_Porp.purp._TRW-2787_1-323,clusS400,tmRNA
RNaseP_CPB144,clusS400,RNaseP
16s_E.coli_domain3,clusS400,16s
5s_Fusarium-asiaticum-8,clusS400,5s
srp_Sacc.cere._U18916,clusS400,srp
srp_Ente.faec._AE016953,clusS400,srp
RNaseP_SM-A2237,clusS400,RNaseP
RNaseP_C.muridarum-g,clusS400,RNaseP
tmRNA_List.wels._AF440351_1-321,clusS400,tmRNA
RNaseP_A.eutrophus,clusS400,RNaseP
tmRNA_Acti.pleu._TRW-228399_1-366,clusS400,tmRNA
grp1_a.I1.e.L.dispersa.UNK.SSU.1516,clusS400,grp1
tmRNA_Stap.epid._AF375586_1-311,clusS400,tmRNA
5s_Gluconobacter-oxydans-3,clusS400,5s
tmRNA_Cyan.para._TRW-2762_1-294,clusS400,tmRNA
RNaseP_LGB27,clusS400,RNaseP
tmRNA_Lact.gass._CP000413_1-366,clusS400,tmRNA
RNaseP_SMB-B3,clusS400,RNaseP
tRNA_tdbR00000009-Escherichia_coli-562-Ala-VGC,clusS400,tRNA
srp_Lact.plan._AL935253,clusS400,srp
tRNA_tdbR00000052-Aedes_albopictus-7160-Glu-NUC,clusS400,tRNA
srp_Sus.scro._BP459377,clusS400,srp
srp_Bloc.flor._BX248585,clusS400,srp
grp1_a.I1.e.S.paniceum.UNK.SSU.1052,clusS400,grp1
srp_Lyco.escu._Z29109,clusS400,srp
tmRNA_Stre.scab._TRW-1883_1-402,clusS400,tmRNA
tmRNA_Clos.perf._CP000246_1-361,clusS400,tmRNA
tmRNA_Pseu.aeru._AE004091_1-353,clusS400,tmRNA
RNaseP_ESH167E,clusS400,RNaseP
5s_Haloarcula-marismortui-1,clusS400,5s
srp_Call.jacc._GSP-9483,clusS400,srp
5s_Rubrivivax-gelatinosus-1,clusS400,5s
srp_Vibr.para._BA000031,clusS400,srp
16s_B.subtilis_domain3,clusS400,16s
tmRNA_Pelo.carb._CP000142_1-358,clusS400,tmRNA
RNaseP_M.capricolum,clusS400,RNaseP
5s_Tremella-encephala-1,clusS400,5s
tmRNA_Chro.viol._AE016825_1-365,clusS400,tmRNA
srp_Gloe.viol._BA000045,clusS400,srp
tmRNA_Acti.pleu._TRW-44294_1-366,clusS400,tmRNA
23s_H.pylori_domain3,clusS400,23s
srp_Sene.crue._SDB-189209,clusS400,srp
5s_Paramecium-tetraurelia-1,clusS400,5s
5s_Buchnera-aphidicola-2,clusS400,5s
5s_Mycoplasma-gallisepticum-2,clusS400,5s
5s_Leifsonia-aquatica-1,clusS400,5s
RNaseP_Onchorhynchus-1,clusS400,RNaseP
tRNA_tdbR00000345-Homo_sapiens-9606-Gln-NUG,clusS400,tRNA
RNaseP_L.japonicus-IFO12422,clusS400,RNaseP
srp_Lyco.escu._Z29110,clusS400,srp
grp1_a.I1.b.Phormidium.sp.N182.C3.tLEU,clusS400,grp1
tmRNA_Myco.afri._TRW-33894_1-368,clusS400,tmRNA
srp_Burk.mall._CP000526,clusS400,srp
tmRNA_Bloc.penn._CP000016_1-392,clusS400,tmRNA
5s_Hyphomonas-oligotropha-1,clusS400,5s
tmRNA_Fuso.nucl._AE009951_1-344,clusS400,tmRNA
tmRNA_Deha.ethe._CP000027_1-352,clusS400,tmRNA
tmRNA_Ther.elon._BA000039_1-386,clusS400,tmRNA
tRNA_tdbR00000036-Euglena_gracilis-3039-Asp-GUC,clusS400,tRNA
srp_Meso.flor._AE017263,clusS400,srp
5s_Oryza-sativa-2,clusS400,5s
16s_C.psittaci_domain2,clusS400,16s
tmRNA_Phot.prof._CR378665_1-368,clusS400,tmRNA
RNaseP_M.maripaludus,clusS400,RNaseP
srp_Medi.trun._CX540689,clusS400,srp
5s_Pichia-angusta-1,clusS400,5s
tmRNA_Heli.must._DQ250625_1-366,clusS400,tmRNA
5s_Mycoplasma-gallisepticum-3,clusS400,5s
RNaseP_M.barkeri,clusS400,RNaseP
tmRNA_Camp.fetu._AY211269_1-361,clusS400,tmRNA
tmRNA_Urea.parv._AE002154_1-413,clusS400,tmRNA
srp_Fran.spec._CP000249,clusS400,srp
16s_G.intestinalis_domain1,clusS400,16s
RNaseP_SM-A1932,clusS400,RNaseP
tRNA_tdbR00000221-Escherichia_coli-562-Leu-CAG,clusS400,tRNA
RNaseP_SM-A2642,clusS400,RNaseP
RNaseP_M.pneumoniae,clusS400,RNaseP
tmRNA_Tric.eryt._CP000393_1-398,clusS400,tmRNA
tmRNA_Cory.diph._BX248356_1-385,clusS400,tmRNA
grp1_a.I1.c.A.cherimola.C3.tLEU,clusS400,grp1
5s_Homarus-gammarus-1,clusS400,5s
tRNA_tdbR00000167-Aedes_albopictus-7160-Ile-GAU,clusS400,tRNA
tmRNA_Syne.spec._TRW-32049_1-396,clusS400,tmRNA
tmRNA_Desu.desu._CP000112_1-360,clusS400,tmRNA
tmRNA_Myco.lepr._AL583919_1-366,clusS400,tmRNA
RNaseP_B.megaterium,clusS400,RNaseP
tRNA_tdbR00000169-Homo_sapiens-9606-Ile-GAU,clusS400,tRNA
tmRNA_Yers.pest._AE009952_1-364,clusS400,tmRNA
srp_Medi.trun._AC136507-1,clusS400,srp
16s_H.volcanii_domain1,clusS400,16s
srp_Oryz.sati._AP008207,clusS400,srp
srp_Buch.aphi._AE013218,clusS400,srp
tmRNA_Borr.gari._CP000013_1-363,clusS400,tmRNA
5s_Sterkiella-nova-1,clusS400,5s
5s_Wolbachia-pipientis-1,clusS400,5s
tRNA_tdbR00000332-Escherichia_coli-562-Gln-CUG,clusS400,tRNA
tRNA_tdbR00000128-Halocynthia_roretzi-7729-Gly-GCU,clusS400,tRNA
srp_Sulf.solf._Y08257,clusS400,srp
RNaseP_F.yabuuchiae,clusS400,RNaseP
tRNA_tdbR00000347-Enterobacteria_phage_T4-10665-Arg-NCU,clusS400,tRNA
RNaseP_ESH30-3,clusS400,RNaseP
RNaseP_CPB141,clusS400,RNaseP
tmRNA_Lact.brev._CP000416_1-372,clusS400,tmRNA
5s_Cyanidium-caldarium-1,clusS400,5s
5s_Mycoplasma-genitalium-1,clusS400,5s
5s_Ascobolus-immersus-1,clusS400,5s
tmRNA_Clos.perf._AP003190_1-358,clusS400,tmRNA
grp1_a.I1.e.S.sclerotiorum_1837.C1.LSU.798,clusS400,grp1
5s_Clostridium-butyricum-1,clusS400,5s
srp_Haem.somn._CP000436,clusS400,srp
5s_Asterias-vulgaris-1,clusS400,5s
srp_Clos.beij._CP000721,clusS400,srp
5s_Gemm_obscuB,clusS400,5s
RNaseP_SM-A06,clusS400,RNaseP
16s_C.reinhardtii.mito_domain2,clusS400,16s
srp_Scle.scle._GSP-325569,clusS400,srp
tmRNA_Yers.fred._TRW-349966_1-363,clusS400,tmRNA
RNaseP_SL1-1,clusS400,RNaseP
tmRNA_Nitr.ocea._CP000127_1-361,clusS400,tmRNA
5s_Methanolobus-tindarius-2,clusS400,5s
srp_Aede.aegy._GSP-7159,clusS400,srp
srp_Myco.capr._CP000123,clusS400,srp
tmRNA_Buch.aphi._AE016826_1-367,clusS400,tmRNA
RNaseP_vHge3-5,clusS400,RNaseP
tmRNA_Nost.punc._TRW-63737_1-390,clusS400,tmRNA
tmRNA_Rals.eutr._CP000090_1-360,clusS400,tmRNA
srp_Lact.delb._AF496545,clusS400,srp
tmRNA_Shew.spec._CP000446_1-355,clusS400,tmRNA
tmRNA_Ther.fusc._CP000088_1-372,clusS400,tmRNA
grp1_a.I1.e.P.clavariiformis.C1.SSU.943,clusS400,grp1
tmRNA_Croc.wats._TRW-165597_1-386,clusS400,tmRNA
tRNA_tdbR00000583-Aeropyrum_pernix-56636-Cys-GCA,clusS400,tRNA
grp1_a.I1.e.G.planctonica.C1.SSU.943,clusS400,grp1
5s_Desulfurococcus-mobilis-1,clusS400,5s
srp_Gynu.aura._SDB-109565,clusS400,srp
5s_Lentinula-edodes-2,clusS400,5s
tRNA_tdbR00000270-Avian_myeloblastosis_virus-11866-Met-BAU,clusS400,tRNA
16s_C.psittaci_domain3,clusS400,16s
srp_Trit.aest._X13915,clusS400,srp
RNaseP_SM-A2033,clusS400,RNaseP
5s_Paracentrotus-lividus-2,clusS400,5s
23s_T.thermophilus_domain3,clusS400,23s
RNaseP_C.tepidum,clusS400,RNaseP
RNaseP_T.delbrueckii,clusS400,RNaseP
RNaseP_N.plantarum,clusS400,RNaseP
tRNA_tdbR00000229-Glycine_max-3847-Leu-JAA,clusS400,tRNA
srp_Stre.pyog._AE006489,clusS400,srp
RNaseP_M.thermoautotrophicumDH-2,clusS400,RNaseP
tRNA_tdbR00000031-Rattus_norvegicus-10116-Asp-QUC,clusS400,tRNA
tmRNA_List.seel._AF440350_1-321,clusS400,tmRNA
telomerase_AF147806.247-692,clusS400,telomerase
grp1_a.I1.e.P.carinii.Pc3.C1.LSU.1921,clusS400,grp1
tRNA_tdbR00000407-Saccharomyces_cerevisiae-4932-Ser-IGA,clusS400,tRNA
tmRNA_Shew.deni._CP000302_1-355,clusS400,tmRNA
srp_Lotu.corn._AP006123,clusS400,srp
srp_Haem.ducr._AE017143,clusS400,srp
RNaseP_CPA62,clusS400,RNaseP
tmRNA_Pseu.halo._CR954246_1-357,clusS400,tmRNA
16s_T.maritima_domain2,clusS400,16s
grp1_b.I1.e.C.saccharophila.C1.SSU.156,clusS400,grp1
16s_M.polymorpha_domain2,clusS400,16s
tmRNA_Aqui.aeol._AE000749_1-344,clusS400,tmRNA
tRNA_tdbR00000504-Mycoplasma_capricolum-2095-Ini-CAU,clusS400,tRNA
16s_A.pyrophilus_domain4,clusS400,16s
tmRNA_Leuc.mese._AF375574_1-307,clusS400,tmRNA
grp1_a.I1.e.U.maydis.C1.SSU.943,clusS400,grp1
srp_Plas.falc._AE014819,clusS400,srp
5s_Acetobacter-sp.-1,clusS400,5s
srp_Crit.fasc._AY781797,clusS400,srp
5s_Mycoplasma-flocculare-1,clusS400,5s
srp_Ehrl.cani._CP000107,clusS400,srp
tRNA_tdbR00000126-Halocynthia_roretzi-7729-Gly-NCU,clusS400,tRNA
5s_Methanothermobacter-thermautotrophicus-4,clusS400,5s
tRNA_tdbR00000152-Haloferax_volcanii-2246-Ile-NAU,clusS400,tRNA
tRNA_tdbR00000044-Mycoplasma_capricolum-2095-Glu-UC,clusS400,tRNA
5s_Acremonium-persicinum-1,clusS400,5s
RNaseP_Saccharomonospora-K180,clusS400,RNaseP
5s_Hyphomicrobium-vulgare-1,clusS400,5s
grp1_a.I1.c.S.bicolor.C3.tLEU,clusS400,grp1
5s_Xenopus-borealis-1,clusS400,5s
srp_Proc.mari._BX572096,clusS400,srp
srp_Brad.japo._BA000040,clusS400,srp
tRNA_tdbR00000231-Phaseolus_vulgaris-3885-Leu-BAA,clusS400,tRNA
RNaseP_D.radiodurans-g,clusS400,RNaseP
srp_Toxo.gond._GSP-398031,clusS400,srp
tmRNA_Borr.burg._TRW-224326_1-362,clusS400,tmRNA
RNaseP_C.psittaci,clusS400,RNaseP
RNaseP_N.albus,clusS400,RNaseP
tRNA_tdbR00000173-Bombyx_mori-7091-Ile-IAU,clusS400,tRNA
5s_Pyrococcus-horikoshii-1,clusS400,5s
tRNA_tdbR00000020-Escherichia_coli-562-Cys-GCA,clusS400,tRNA
srp_Zea.mays._AY108846,clusS400,srp
srp_Haem.ducr._AE017154,clusS400,srp
5s_Distigma-proteus-1,clusS400,5s
RNaseP_SMB-A3,clusS400,RNaseP
tmRNA_Myco.myco._BX842642_1-411,clusS400,tmRNA
srp_Lotu.corn._AP006364,clusS400,srp
tRNA_tdbR00000194-Triticum_aestivum-4565-Lys-CUU,clusS400,tRNA
5s_Andrias-davidianus-1,clusS400,5s
5s_Clostridium-acetobutylicum-3,clusS400,5s
RNaseP_L.acidophilus,clusS400,RNaseP
tmRNA_Trem.prin._AF481102_1-264,clusS400,tmRNA
grp1_a.I1.e.G.spirotaenia.C1.SSU.1506,clusS400,grp1
srp_Psyc.cryo._CP000323,clusS400,srp
tRNA_tdbR00000275-Thermus_thermophilus-274-Met-CAU,clusS400,tRNA
tmRNA_Haem.somn._CP000436_1-367,clusS400,tmRNA
5s_Brevibacterium-linens-1,clusS400,5s
16s_C.reinhardtii.chloro_domain4,clusS400,16s
grp1_a.I1.e.A.capsulatus.G186B.C1.SSU,clusS400,grp1
tmRNA_Prot.mira._TRW-584_1-367,clusS400,tmRNA
RNaseP_S.japonicus,clusS400,RNaseP
5s_Spirochaeta-aurantia-1,clusS400,5s
srp_Nect.haem._GSP-71109,clusS400,srp
16s_P.occultum_domain2,clusS400,16s
tRNA_tdbR00000440-Neurospora_crassa-5141-Thr-UGU,clusS400,tRNA
srp_Myco.capr._D00560,clusS400,srp
5s_Taphrina-deformans-1,clusS400,5s
tmRNA_Stap.epid._TRW-1282-1_1-361,clusS400,tmRNA
5s_Streptomyces-nodosus-3,clusS400,5s
RNaseP_E.eschscholtzii-1,clusS400,RNaseP
RNaseP_B.subtilis,clusS400,RNaseP
RNaseP_S.castellii,clusS400,RNaseP
RNaseP_X.fastidiosa,clusS400,RNaseP
srp_Guil.thet._AF041468,clusS400,srp
tmRNA_uncu.bact._TRW-72274-1_1-359,clusS400,tmRNA
tRNA_tdbR00000251-Saccharomyces_cerevisiae-4932-Leu-UAA,clusS400,tRNA
srp_Pseu.puti._CP000712,clusS400,srp
5s_Onchocerca-volvulus-1,clusS400,5s
tRNA_tdbR00000384-Mycoplasma_capricolum-2095-Ser-GCU,clusS400,tRNA
srp_Zymo.mobi._AE008692,clusS400,srp
grp1_a.I1.m.M.grisea.B2.ND1,clusS400,grp1
srp_Meso.loti._BA000012,clusS400,srp
tmRNA_Colw.psyc._CP000083_1-350,clusS400,tmRNA
srp_Geob.uran._CP000698,clusS400,srp
tmRNA_Cory.glut._BX927150_1-377,clusS400,tmRNA
tmRNA_Vibr.para._BA000031_1-368,clusS400,tmRNA
tmRNA_Chla.trac._AE001276_1-417,clusS400,tmRNA
5s_Euplotes-aediculatus-1,clusS400,5s
5s_Fusarium-asiaticum-2,clusS400,5s
grp1_a.I1.e.C.saxonicum.C1.SSU.1506,clusS400,grp1
telomerase_AF221939.99-544,clusS400,telomerase
5s_Thermomicrobium-roseum-1,clusS400,5s
telomerase_U85256.1-451,clusS400,telomerase
telomerase_AF221923.106-554,clusS400,telomerase
grp1_a.I1.e.D.parva.C1.SSU.943,clusS400,grp1
RNaseP_purpleX,clusS400,RNaseP
tRNA_tdbR00000321-Saccharomyces_cerevisiae-4932-Pro-UGG,clusS400,tRNA
RNaseP_S.typhimurium,clusS400,RNaseP
RNaseP_CPA59,clusS400,RNaseP
RNaseP_SMB-A5,clusS400,RNaseP
tmRNA_Tann.fors._TRW-203275_1-400,clusS400,tmRNA
RNaseP_M.formicicum,clusS400,RNaseP
RNaseP_P.horikoshi,clusS400,RNaseP
5s_Geobacillus-kaustophilus-7,clusS400,5s
tmRNA_Mari.aqua._TRW-351348_1-366,clusS400,tmRNA
tmRNA_Chla.trac._TRW-272561_1-420,clusS400,tmRNA
RNaseP_Z.bailii,clusS400,RNaseP
5s_Ureaplasma-parvum-3,clusS400,5s
5s_Pyrococcus-furiosus-1,clusS400,5s
5s_Methanopyrus-kandleri-1,clusS400,5s
tmRNA_Spir.citr._AM285321_1-424,clusS400,tmRNA
srp_Myco.hyop._AE017244,clusS400,srp
grp1_a.I1.e.T.malaccensis.C1.LSU.1925,clusS400,grp1
tmRNA_Salm.ente._TRW-59204_1-363,clusS400,tmRNA
tmRNA_Meso.flor._AE017263_1-408,clusS400,tmRNA
tmRNA_Shew.putr._TRW-319224_1-356,clusS400,tmRNA
RNaseP_N.europaea,clusS400,RNaseP
5s_Mycoplasma-haemofelis-1,clusS400,5s
RNaseP_S.kluyveri,clusS400,RNaseP
5s_Brevibacterium-casei-1,clusS400,5s
5s_Rhizoctonia-globularis-1,clusS400,5s
RNaseP_S.glauca-K194,clusS400,RNaseP
5s_Blastocladiella-simplex-1,clusS400,5s
tmRNA_Borr.burg._AE001118_1-359,clusS400,tmRNA
tmRNA_List.ivan._AF440342_1-321,clusS400,tmRNA
tmRNA_Stre.gord._TRW-29390_1-349,clusS400,tmRNA
5s_Methanosarcina-barkeri-1,clusS400,5s
5s_Symbiobacterium-thermophilum-1,clusS400,5s
RNaseP_PS6,clusS400,RNaseP
tmRNA_Psyc.cryo._CP000323_1-359,clusS400,tmRNA
telomerase_AF221924.105-538,clusS400,telomerase
5s_Campylobacter-jejuni-3,clusS400,5s
tmRNA_Anab.vari._CP000117_1-390,clusS400,tmRNA
5s_Sandaracinobacter-sibiricus-1,clusS400,5s
5s_Nadsonia-fulvescens-1,clusS400,5s
RNaseP_T.thermophilus,clusS400,RNaseP
grp1_a.I1.e.S.paniceum.UNK.SSU.1210,clusS400,grp1
tmRNA_Trop.whip._BX251411_1-369,clusS400,tmRNA
srp_Oxyt.trif._GSP-99928,clusS400,srp
RNaseP_SM-A4065,clusS400,RNaseP
16s_G.intestinalis_domain2,clusS400,16s
23s_E.coli_domain6,clusS400,23s
tmRNA_Ther.comm._TRW-289377_1-355,clusS400,tmRNA
RNaseP_R.capsulatus,clusS400,RNaseP
srp_Cion.savi._BW551179,clusS400,srp
RNaseP_B.burgdorferi-g,clusS400,RNaseP
RNaseP_SM-A03,clusS400,RNaseP
srp_Cion.inte._GSP-7719,clusS400,srp
5s_Bursaphelenchus-mucronatus-1,clusS400,5s
srp_Lact.john._AE017201,clusS400,srp
srp_Zea.mays._X14661,clusS400,srp
srp_Lact.sali._CP000233,clusS400,srp
5s_Deinococcus-radiodurans-2,clusS400,5s
RNaseP_M.phosphovorus-JCM9380,clusS400,RNaseP
grp1_a.I1.e.T.cosmopolitanis.C1.LSU.1925,clusS400,grp1
tmRNA_Stre.pyog._AE006568_1-345,clusS400,tmRNA
16s_T.maritima_domain3,clusS400,16s
srp_Chlo.tepi._AE006470,clusS400,srp
5s_Rhodobacter-sphaeroides-2,clusS400,5s
srp_Pich.stip._CP000502,clusS400,srp
5s_Lactococcus-lactis-5,clusS400,5s
tRNA_tdbR00000551-Saccharomyces_cerevisiae-4932-Tyr-GUA,clusS400,tRNA
tmRNA_Chla.cavi._AE015925_1-425,clusS400,tmRNA
srp_Mari.mari._CP000449,clusS400,srp
srp_Thei.parv._GSP-333668,clusS400,srp
srp_Stre.pneu._AE005672,clusS400,srp
5s_Bradyrhizobium-japonicum-1,clusS400,5s
RNaseP_M.thermolithotrophicus,clusS400,RNaseP
16s_H.sapiens.mito_domain4,clusS400,16s
5s_Nitrobacter-winogradskyi-1,clusS400,5s
5s_Pichia-membranifaciens-1,clusS400,5s
RNaseP_LGA10,clusS400,RNaseP
5s_Fusarium-pseudograminearum-3,clusS400,5s
tRNA_tdbR00000082-Neurospora_crassa-5141-Phe-AA,clusS400,tRNA
grp1_a.I1.e.P.macrosporus.C1.SSU.943,clusS400,grp1
5s_Acyrthosiphon-magnoliae-1,clusS400,5s
5s_Bacillus-anthracis-1,clusS400,5s
RNaseP_SM-A4977,clusS400,RNaseP
grp1_a.I1.e.L.dispersa.UNK.SSU.516,clusS400,grp1
RNaseP_A.brierleyi,clusS400,RNaseP
telomerase_AF221930.94-546,clusS400,telomerase
tmRNA_Pseu.fluo._TRW-216595_1-397,clusS400,tmRNA
RNaseP_Dermocarpa-PCC7437,clusS400,RNaseP
telomerase_AF221910.112-554,clusS400,telomerase
srp_Gald.sulp._GSP-130081,clusS400,srp
5s_Caulobacter-sp.-1,clusS400,5s
srp_Myco.geni._U39706,clusS400,srp
tRNA_tdbR00000022-Enterobacteria_phage_T5-10726-Asp-GUC,clusS400,tRNA
5s_Thermococcus-kodakarensis-1,clusS400,5s
tRNA_tdbR00000403-Bos_taurus-9913-Ser-UGA,clusS400,tRNA
5s_Ascobolus-immersus-2,clusS400,5s
grp1_a.I1.e.P.pachydermus.C1.SSU.943,clusS400,grp1
srp_Baci.anth._AE016879,clusS400,srp
RNaseP_PS1,clusS400,RNaseP
RNaseP_PS33,clusS400,RNaseP
srp_Chla.pneu._BA000008,clusS400,srp
5s_Neurospora-crassa-12,clusS400,5s
srp_Myco.myco._BX293980,clusS400,srp
srp_Trit.aest._CJ572413,clusS400,srp
srp_Desu.vulg._AE017311,clusS400,srp
RNaseP_Onchorhynchus-sp-1,clusS400,RNaseP
srp_Cion.inte._BW088710,clusS400,srp
RNaseP_L.muta-1,clusS400,RNaseP
srp_Lyco.escu._Z29099,clusS400,srp
RNaseP_A.chroococcum,clusS400,RNaseP
tRNA_tdbR00000385-Mycoplasma_capricolum-2095-Ser-UGA,clusS400,tRNA
srp_Picr.torr._AE017261,clusS400,srp
5s_Pneumocystis-carinii-1,clusS400,5s
tmRNA_Buch.aphi._AE013218_1-376,clusS400,tmRNA
RNaseP_A.fulgidus,clusS400,RNaseP
srp_Ther.teng._AE012978,clusS400,srp
srp_Trit.aest._CD897082,clusS400,srp
grp1_a.I1.e.B.yamatoana.JCM2896.C1.SSU.943,clusS400,grp1
5s_Chlamydophila-pneumoniae-3,clusS400,5s
5s_Haloferax-volcanii-3,clusS400,5s
tmRNA_Prev.inte._TRW-246198_1-400,clusS400,tmRNA
grp1_a.I1.e.A.capsulatus.G184B.C1.SSU,clusS400,grp1
srp_Lact.lact._AE006305,clusS400,srp
5s_Eimeria-tenella-1,clusS400,5s
RNaseP_A.nidulans,clusS400,RNaseP
RNaseP_T.celerAL1,clusS400,RNaseP
tmRNA_Xyle.fast._AE003849_1-355,clusS400,tmRNA
RNaseP_PS4,clusS400,RNaseP
5s_Microtetraspora-glauca-1,clusS400,5s
RNaseP_EF,clusS400,RNaseP
5s_Burkholderia-caryophylli-1,clusS400,5s
RNaseP_VSDW,clusS400,RNaseP
5s_Symbiobacterium-thermophilum-3,clusS400,5s
tmRNA_Rubr.xyla._CP000386_1-360,clusS400,tmRNA
5s_Locusta-migratoria-1,clusS400,5s
RNaseP_S.bikiniensis,clusS400,RNaseP
srp_Thal.pseu._GSP-296543,clusS400,srp
RNaseP_Synechococcus-MINOS1,clusS400,RNaseP
tmRNA_Pseu.puti._AE015451_1-399,clusS400,tmRNA
RNaseP_M.tuberculosis,clusS400,RNaseP
srp_Myco.lepr._AL583925,clusS400,srp
tRNA_tdbR00000079-Rattus_norvegicus-10116-Phe-GAA,clusS400,tRNA
tmRNA_Baci.anth._AE016879_1-355,clusS400,tmRNA
5s_Clavispora-opuntiae-1,clusS400,5s
tmRNA_Bord.bron._TRW-257310_1-387,clusS400,tmRNA
tmRNA_Stre.equi._TRW-1336_1-349,clusS400,tmRNA
grp1_a.I1.e.B.ciliata.JCM6865.C1.SSU.943,clusS400,grp1
RNaseP_SM-A07,clusS400,RNaseP
5s_Mycoplasma-sp.-1,clusS400,5s
RNaseP_W.fluorescens,clusS400,RNaseP
srp_Stre.muta._AE014133,clusS400,srp
RNaseP_Halobacterium-NRC1,clusS400,RNaseP
tmRNA_Sacc.degr._CP000282_1-389,clusS400,tmRNA
RNaseP_Wolbachia-sp,clusS400,RNaseP
5s_Dipsacomyces-acuminosporus-1,clusS400,5s
tRNA_tdbR00000021-Saccharomyces_cerevisiae-4932-Cys-GCA,clusS400,tRNA
RNaseP_K.thermotolerans,clusS400,RNaseP
tRNA_tdbR00000392-Escherichia_coli-562-Ser-GGA,clusS400,tRNA
RNaseP_M.hyopneumoniae,clusS400,RNaseP
RNaseP_S.aureus,clusS400,RNaseP
tRNA_tdbR00000175-Haloferax_volcanii-2246-Lys-NUU,clusS400,tRNA
5s_Actinokineospora-riparia-1,clusS400,5s
5s_Bacteroides-fragilis-2,clusS400,5s
tmRNA_Cyan.para._U30821_1-291,clusS400,tmRNA
srp_Lyco.escu._Z29105,clusS400,srp
grp1_a.I1.e.C.merochlorophea.UNK.SSU.1210,clusS400,grp1
tRNA_tdbR00000049-Chlamydomonas_reinhardtii-3055-Glu-NUC,clusS400,tRNA
tmRNA_Stre.suis._TRW-286604_1-348,clusS400,tmRNA
tmRNA_uncu.mari._TRW-363180_1-347,clusS400,tmRNA
srp_Dict.disc._AJ699381,clusS400,srp
tRNA_tdbR00000184-Asterias_amurensis-7602-Lys-CUU,clusS400,tRNA
RNaseP_PS27,clusS400,RNaseP
srp_Citr.sine._CN181543,clusS400,srp
tmRNA_Aero.hydr._AY442269_1-360,clusS400,tmRNA
tmRNA_Rals.sola._AL646052_1-360,clusS400,tmRNA
RNaseP_S.fibuligera,clusS400,RNaseP
tmRNA_Soli.usit._CP000473_1-352,clusS400,tmRNA
tmRNA_Bact.mari._TRW-97084_1-385,clusS400,tmRNA
srp_Para.bras._CN238860,clusS400,srp
srp_Shew.balt._CP000753,clusS400,srp
tmRNA_Ther.ther._TRW-300852_1-349,clusS400,tmRNA
RNaseP_R.palustris,clusS400,RNaseP
srp_Hypo.jeco._GSP-334564-2,clusS400,srp
5s_Pyrococcus-furiosus-2,clusS400,5s
5s_Lactobacillus-acidophilus-1,clusS400,5s
tmRNA_Myco.capr._S67602_1-408,clusS400,tmRNA
tRNA_tdbR00000035-Saccharomyces_cerevisiae-4932-Asp-GUC,clusS400,tRNA
5s_Rhodobacter-capsulatus-1,clusS400,5s
RNaseP_H.pylori-48K,clusS400,RNaseP
grp1_b.I1.e.M.anisopliae.3.C1.LSU.1921,clusS400,grp1
RNaseP_C.opuntiae,clusS400,RNaseP
16s_P.occultum_domain3,clusS400,16s
5s_Auricularia-auricula-judae-1,clusS400,5s
srp_Leis.dono._AY722733,clusS400,srp
tmRNA_Kine.radi._TRW-266940_1-366,clusS400,tmRNA
grp1_a.I1.e.P.sarcinoidea.C1.SSU.943,clusS400,grp1
5s_Aurelia_aurita-1,clusS400,5s
srp_Enta.inva._GSP-370355,clusS400,srp
srp_Haem.infl._CP000671,clusS400,srp
tmRNA_Acid.caps._TRW-240015_1-352,clusS400,tmRNA
5s_Porphyra-umbilicalis-1,clusS400,5s
RNaseP_P.vulgaris,clusS400,RNaseP
grp1_a.I1.e.P.macrosporus.C1.SSU.1506,clusS400,grp1
srp_Borr.burg._AE000783,clusS400,srp
RNaseP_B.brevis,clusS400,RNaseP
tRNA_tdbR00000463-Bos_taurus-9913-Val-UAC,clusS400,tRNA
tRNA_tdbR00000493-Bos_taurus-9913-Trp-NCA,clusS400,tRNA
5s_Thermus-sp.-1,clusS400,5s
RNaseP_PS24,clusS400,RNaseP
RNaseP_M.leprae,clusS400,RNaseP
5s_Asellus-aquaticus-1,clusS400,5s
RNaseP_SM-A3761,clusS400,RNaseP
tRNA_tdbR00000383-Haloferax_volcanii-2246-Ser-GGA,clusS400,tRNA
tmRNA_Citr.rode._TRW-67825_1-365,clusS400,tmRNA
tRNA_tdbR00000574-Leishmania_tarentolae-5689-Trp-CCA,clusS400,tRNA
srp_Lact.brev._CP000416,clusS400,srp
srp_Cocc.immi._GSP-396776,clusS400,srp
tmRNA_Rumi.albu._TRW-246199_1-354,clusS400,tmRNA
tmRNA_Camp.upsa._TRW-306264_1-359,clusS400,tmRNA
tmRNA_Lact.acid._CP000033_1-369,clusS400,tmRNA
RNaseP_A.pernix,clusS400,RNaseP
tmRNA_Guil.thet._AF041468_1-327,clusS400,tmRNA
tRNA_tdbR00000580-Aeropyrum_pernix-56636-Lys-UUU,clusS400,tRNA
5s_Idiomarina-loihiensis-2,clusS400,5s
tmRNA_Nitr.euro._BX321865_1-360,clusS400,tmRNA
tRNA_tdbR00000191-Mesocricetus_auratus-10036-Lys-NUU,clusS400,tRNA
RNaseP_CPB73,clusS400,RNaseP
srp_Myco.geni._BD439871,clusS400,srp
RNaseP_S.viridis-K185,clusS400,RNaseP
tRNA_tdbR00000142-Saccharomyces_cerevisiae-4932-His-GUG,clusS400,tRNA
srp_Tetr.rost._SDB-5909,clusS400,srp
RNaseP_E.asper,clusS400,RNaseP
srp_Myco.tube._AE000516,clusS400,srp
5s_Porphyromonas-gingivalis-1,clusS400,5s
5s_Acinetospora-crinita-1,clusS400,5s
tRNA_tdbR00000243-Rattus_norvegicus-10116-Leu-UAG,clusS400,tRNA
RNaseP_U.urealyticum,clusS400,RNaseP
5s_Paenibacillus-popilliae-1,clusS400,5s
5s_Klebsormidium-flaccidum-1,clusS400,5s
srp_Stre.dysg._AJ489606,clusS400,srp
16s_Z.mays_domain4,clusS400,16s
tRNA_tdbR00000110-Methanobacterium_thermaggregans-83982-Gly-GCC,clusS400,tRNA
tRNA_tdbR00000224-Rhodospirillum_rubrum-1085-Leu-CAA,clusS400,tRNA
RNaseP_Buchnera-APS,clusS400,RNaseP
srp_Aspe.clav._GSP-344612,clusS400,srp
RNaseP_L.ferrooxidans-CF,clusS400,RNaseP
tRNA_tdbR00000409-Candida_cylindracea-44322-Ser-CAG,clusS400,tRNA
tRNA_tdbR00000518-Saccharomyces_cerevisiae-4932-Ini-CAU,clusS400,tRNA
srp_Neph.oliv._AF137379,clusS400,srp
srp_Xyle.fast._AE012554,clusS400,srp
tmRNA_Syne.elon._TRW-32046_1-394,clusS400,tmRNA
RNaseP_ERH,clusS400,RNaseP
tmRNA_Cyto.hutc._CP000383_1-404,clusS400,tmRNA
RNaseP_V.cholera,clusS400,RNaseP
5s_Crithidia-fasciculata-1,clusS400,5s
srp_Ocea.ihey._BA000028,clusS400,srp
tRNA_tdbR00000619-Toxoplasma_gondii-5811-Met-CAU,clusS400,tRNA
5s_Caulobacter-sp.-3,clusS400,5s
tmRNA_Cald.sacc._TRW-351627_1-368,clusS400,tmRNA
23s_T.thermophilus_domain6,clusS400,23s
16s_C.reinhardtii.mito_domain3,clusS400,16s
telomerase_AF221926.103-507,clusS400,telomerase
tmRNA_Pola.spec._CP000316_1-387,clusS400,tmRNA
RNaseP_S.cyanea-K168T,clusS400,RNaseP
telomerase_AY312571.605-1069,clusS400,telomerase
srp_Chla.trac._CP000051,clusS400,srp
5s_Ureaplasma-parvum-1,clusS400,5s
RNaseP_N.flavus,clusS400,RNaseP
grp1_a.I1.e.S.paniceum.UNK.SSU.287,clusS400,grp1
RNaseP_N.gregoryi,clusS400,RNaseP
5s_Aeromonas-media-1,clusS400,5s
srp_Desu.vulg._AE017285,clusS400,srp
telomerase_AF221918.97-547,clusS400,telomerase
tmRNA_Aqui.aeol._TRW-63363_1-347,clusS400,tmRNA
5s_Mycoplasma-pneumoniae-1,clusS400,5s
srp_List.mono._AE017262,clusS400,srp
tRNA_tdbR00000127-Halocynthia_roretzi-7729-Gly-UCU,clusS400,tRNA
5s_Wolbachia-endosymbiont-of-B.-malayi-1,clusS400,5s
5s_Arabidopsis-thaliana-1,clusS400,5s
tRNA_tdbR00000138-Haloferax_volcanii-2246-His-GUG,clusS400,tRNA
srp_Dani.rrer._BX470258,clusS400,srp
srp_Esch.coli._AE014075,clusS400,srp
RNaseP_C.pneumoniae-AR39,clusS400,RNaseP
srp_Clav.lusi._GSP-306902,clusS400,srp
tRNA_tdbR00000170-Saccharomyces_cerevisiae-4932-Ile-IAU,clusS400,tRNA
tRNA_tdbR00000398-Ascaris_suum-6253-Ser-UCU,clusS400,tRNA
5s_Acidithiobacillus-ferrooxidans-2,clusS400,5s
5s_Corynebacterium-efficiens-1,clusS400,5s
grp1_a.I1.e.S.paniceum.UNK.SSU.114,clusS400,grp1
16s_Z.mays_domain3,clusS400,16s
RNaseP_P.maris,clusS400,RNaseP
5s_Filobasidiella-neoformans-1,clusS400,5s
5s_Bacillus-subtilis-5,clusS400,5s
srp_Heli.annu._AJ828095,clusS400,srp
5s_Silicibacter-pomeroyi-1,clusS400,5s
RNaseP_SM-A3254,clusS400,RNaseP
tmRNA_Nitr.mult._CP000103_1-362,clusS400,tmRNA
srp_Shew.loih._CP000606,clusS400,srp
5s_Tremella-mesenterica-1,clusS400,5s
tmRNA_Burk.fung._TRW-266265_1-370,clusS400,tmRNA
RNaseP_K.polysporus,clusS400,RNaseP
tRNA_tdbR00000001-Halobacterium_salinarum-2242-Ala-CGC,clusS400,tRNA
srp_Cand.glab._CR380957,clusS400,srp
grp1_a.I1.e.P.inouyei.C1.SSU.1506,clusS400,grp1
RNaseP_Rr327,clusS400,RNaseP
RNaseP_SM-A04,clusS400,RNaseP
tRNA_tdbR00000380-Halobacterium_salinarum-2242-Ser-MGA,clusS400,tRNA
srp_Cory.jeik._CR931997,clusS400,srp
srp_Proc.mari._AE017165,clusS400,srp
tmRNA_Baci.subt._TRW-1423_1-363,clusS400,tmRNA
5s_Neurospora-africana-1,clusS400,5s
5s_Antheraea-pernyi-1,clusS400,5s
RNaseP_ESH212C,clusS400,RNaseP
5s_Xenopus-borealis-2,clusS400,5s
5s_Flavobacterium-johnsoniae-1,clusS400,5s
tRNA_tdbR00000423-Rattus_norvegicus-10116-Ser-IGA,clusS400,tRNA
tmRNA_Lept.spec._TRW-261385_1-359,clusS400,tmRNA
5s_Methanosarcina-vacuolata-1,clusS400,5s
tmRNA_Neis.meni._AL162755_1-360,clusS400,tmRNA
RNaseP_T.syrichta,clusS400,RNaseP
tRNA_tdbR00000114-Staphylococcus_epidermidis-1282-Gly-UCC,clusS400,tRNA
tmRNA_Acid.ferr._TRW-133824_1-364,clusS400,tmRNA
tRNA_tdbR00000573-Leishmania_tarentolae-5689-Gln-3UG,clusS400,tRNA
srp_Sacc.cere._U18917,clusS400,srp
RNaseP_A.obstetricans,clusS400,RNaseP
srp_Hype.buty._CP000493,clusS400,srp
srp_Plas.berg._DC223490,clusS400,srp
RNaseP_E.eschscholtzii-2,clusS400,RNaseP
srp_Meth.ferv._S49762,clusS400,srp
tmRNA_Erwi.caro._BX950851_1-363,clusS400,tmRNA
tRNA_tdbR00000069-Synechococcus_sp._PCC_7002-32049-Phe-GAA,clusS400,tRNA
tmRNA_envi.sequ._TRW-300695-2_1-345,clusS400,tmRNA
tmRNA_envi.sequ._TRW-363179_1-348,clusS400,tmRNA
5s_Micrococcus-luteus-4,clusS400,5s
RNaseP_Prochlorococcus-NATL1,clusS400,RNaseP
grp1_b.I1.e.M.anisopliae.2.C1.LSU.1921,clusS400,grp1
tRNA_tdbR00000262-Rattus_norvegicus-10116-Leu-AA,clusS400,tRNA
tmRNA_Lact.sake._AF400065_1-370,clusS400,tmRNA
tmRNA_Sulf.azor._TRW-204536_1-351,clusS400,tmRNA
tmRNA_Vibr.chol._AE004170_1-367,clusS400,tmRNA
srp_Oryz.sati._AP003253,clusS400,srp
srp_Pris.paci._GSP-54126,clusS400,srp
RNaseP_S.dairensis,clusS400,RNaseP
srp_Pyro.isla._CP000504,clusS400,srp
5s_Caulobacter-sp.-5,clusS400,5s
5s_Arthrobacter-globiformis-1,clusS400,5s
5s_Limulus-polyphemus-1,clusS400,5s
tRNA_tdbR00000382-Haloferax_volcanii-2246-Ser-MGA,clusS400,tRNA
5s_Toxoplasma-gondii-1,clusS400,5s
tmRNA_Stap.aure._BA000017_1-362,clusS400,tmRNA
5s_Clostridium-innocuum-1,clusS400,5s
5s_Halorubrum-distributum-4,clusS400,5s
5s_Hyphomicrobium-sp.-1,clusS400,5s
srp_Lept.coll._AF006750,clusS400,srp
5s_Wolinella-succinogenes-1,clusS400,5s
srp_Humu.lupu._AJ236703,clusS400,srp
RNaseP_Mxa1,clusS400,RNaseP
srp_Schm.medi._GSP-79327,clusS400,srp
16s_H.volcanii_domain2,clusS400,16s
tmRNA_Stap.aure._AC074317_1-359,clusS400,tmRNA
5s_Gluconacetobacter-xylinus-1,clusS400,5s
srp_Baci.anth._AE017334,clusS400,srp
srp_Lyco.escu._Z46744,clusS400,srp
srp_Arab.thal._AL161496,clusS400,srp
5s_Halorubrum-distributum-3,clusS400,5s
5s_Pleurodeles-waltl-1,clusS400,5s
tmRNA_Myco.aviu._AE016958_1-368,clusS400,tmRNA
tmRNA_Chlo.aura._AY040836_1-361,clusS400,tmRNA
RNaseP_L.borgpetersenii,clusS400,RNaseP
tmRNA_Prop.acne._AE017283_1-371,clusS400,tmRNA
tRNA_tdbR00000577-Leishmania_tarentolae-5689-Glu-CUC,clusS400,tRNA
16s_C.psittaci_domain4,clusS400,16s
5s_Methanothermus-fervidus-1,clusS400,5s
5s_Thiobacillus-thioparus-1,clusS400,5s
RNaseP_F.antarctica,clusS400,RNaseP
5s_Fusarium-sporotrichioides-1,clusS400,5s
tRNA_tdbR00000129-Saccharomyces_cerevisiae-4932-Gly-GCC,clusS400,tRNA
5s_Porphyra-yezoensis-1,clusS400,5s
srp_Fuso.nucl._AE009951,clusS400,srp
5s_Nocardioides-albus-1,clusS400,5s
tmRNA_Phot.asym._TRW-291112_1-364,clusS400,tmRNA
RNaseP_ESH183D,clusS400,RNaseP
srp_Myco.smeg._CP000480,clusS400,srp
16s_C.reinhardtii.mito_domain4,clusS400,16s
tRNA_tdbR00000399-Aedes_albopictus-7160-Ser-GCU,clusS400,tRNA
RNaseP_M.flocculare,clusS400,RNaseP
srp_Baci.subt._X06803,clusS400,srp
5s_Drosophila-melanogaster-2,clusS400,5s
16s_F.ananassa_domain4,clusS400,16s
5s_Neurospora-crassa-11,clusS400,5s
srp_Kluy.lact._CR382126,clusS400,srp
tmRNA_uncu.bact._TRW-80840-3_1-379,clusS400,tmRNA
16s_S.cerevisiae_domain4,clusS400,16s
RNaseP_LGA6,clusS400,RNaseP
grp1_a.I1.e.A.adeninivorans.C1.LSU.2449,clusS400,grp1
srp_Aero.pern._BA000002,clusS400,srp
tmRNA_Esch.coli._AP009048_1-363,clusS400,tmRNA
srp_Phae.nodo._GSP-321614,clusS400,srp
srp_Pyro.aero._AE009852,clusS400,srp
5s_Mycobacterium-bovis-3,clusS400,5s
RNaseP_U.stansburiana,clusS400,RNaseP
RNaseP_C.innocuum,clusS400,RNaseP
RNaseP_P.purpurea-chloroplast,clusS400,RNaseP
tmRNA_Leuc.mese._CP000414_1-358,clusS400,tmRNA
RNaseP_Anabaena-PCC7120,clusS400,RNaseP
srp_Ente.faec._AE016830,clusS400,srp
tmRNA_Pseu.ento._CT573326_1-392,clusS400,tmRNA
5s_Colwellia-psychrerythraea-1,clusS400,5s
16s_P.staleyi_domain4,clusS400,16s
tRNA_tdbR00000212-Haloferax_volcanii-2246-Leu-CAG,clusS400,tRNA
5s_Methylobacterium-extorquens-1,clusS400,5s
5s_Bacillus-anthracis-10,clusS400,5s
RNaseP_T.pallidum,clusS400,RNaseP
5s_Burkholderia-cepacia-1,clusS400,5s
srp_Chla.muri._AE002321,clusS400,srp
tmRNA_Grac.tenu._AY673996_1-396,clusS400,tmRNA
tRNA_tdbR00000521-Bos_taurus-9913-Ini-CAU,clusS400,tRNA
RNaseP_C.sporogenes,clusS400,RNaseP
RNaseP_T.thioparus,clusS400,RNaseP
srp_Camp.curv._CP000767,clusS400,srp
tmRNA_Myco.mobi._TRW-267748_1-376,clusS400,tmRNA
5s_Chlorobium-limicola-2,clusS400,5s
srp_Arab.thal._AC005311,clusS400,srp
srp_Humu.japo._X65991,clusS400,srp
RNaseP_C.acetobutylicum,clusS400,RNaseP
5s_Acidithiobacillus-ferrooxidans-3,clusS400,5s
srp_Dein.radi._AE002056,clusS400,srp
RNaseP_Prochlorococcus-PAC1B,clusS400,RNaseP
srp_Myco.hyop._AE017332,clusS400,srp
5s_Cryptomonas-paramecium-1,clusS400,5s
RNaseP_TP1,clusS400,RNaseP
5s_Helicobacter-pylori-2,clusS400,5s
5s_Methanococcus-vannielii-1,clusS400,5s
tmRNA_Neis.meni._TRW-122587_1-363,clusS400,tmRNA
RNaseP_CPA58,clusS400,RNaseP
5s_Roseococcus-thiosulfatophilus-2,clusS400,5s
tmRNA_Acti.succ._TRW-339671_1-367,clusS400,tmRNA
telomerase_AF221914.112-589,clusS400,telomerase
RNaseP_SM-A1621,clusS400,RNaseP
RNaseP_SM-A2135,clusS400,RNaseP
srp_Meth.kand._AE010387,clusS400,srp
RNaseP_CPA49,clusS400,RNaseP
srp_Vibr.vuln._AE016807,clusS400,srp
tRNA_tdbR00000033-Didelphis_virginiana-9267-Asp-QUC,clusS400,tRNA
tmRNA_Camp.jeju._AL139078_1-356,clusS400,tmRNA
tmRNA_envi.sequ._TRW-2-1_1-365,clusS400,tmRNA
tmRNA_Desu.vulg._AE017285_1-352,clusS400,tmRNA
5s_Candida-antarctica-1,clusS400,5s
srp_Heli.exil._EE659686,clusS400,srp
RNaseP_S.lividans,clusS400,RNaseP
srp_Heli.pylo._AE001441,clusS400,srp
tmRNA_Psyc.arct._CP000082_1-359,clusS400,tmRNA
tRNA_tdbR00000032-Rattus_norvegicus-10116-Asp-GUC,clusS400,tRNA
5s_Caulobacter-sp.-4,clusS400,5s
RNaseP_CPB7776,clusS400,RNaseP
telomerase_AF221937.99-545,clusS400,telomerase
RNaseP_SM-A4674,clusS400,RNaseP
5s_Methanosarcina-acetivorans-1,clusS400,5s
RNaseP_P.alcalifaciens,clusS400,RNaseP
grp1_a.I1.e.C.merochlorophea.UNK.SSU.1389,clusS400,grp1
srp_Fran.tula._AM286280,clusS400,srp
5s_Asellus-aquaticus-2,clusS400,5s
5s_Methanospirillum-hungatei-1,clusS400,5s
5s_Verrucomicrobium-spinosum-1,clusS400,5s
RNaseP_A.tumefaciens,clusS400,RNaseP
RNaseP_A.fastidiosum,clusS400,RNaseP
grp1_a.I1.e.L.dispersa.UNK.SSU.114,clusS400,grp1
srp_Leis.braz._AM494942,clusS400,srp
tmRNA_Yers.berc._TRW-349968_1-381,clusS400,tmRNA
srp_Plas.falc._EF690554,clusS400,srp
tmRNA_Lact.delb._TRW-321956_1-362,clusS400,tmRNA
RNaseP_PF101,clusS400,RNaseP
tmRNA_Myco.Bxz1._AY129337_1-437,clusS400,tmRNA
16s_B.burgdorferi_domain2,clusS400,16s
RNaseP_C.difficile,clusS400,RNaseP
RNaseP_SMB-B1,clusS400,RNaseP
grp1_a.I1.m.S.luteus.A1.LSU.2504,clusS400,grp1
RNaseP_CPB70,clusS400,RNaseP
5s_Ascaris-suum-1,clusS400,5s
RNaseP_D.radiodurans,clusS400,RNaseP
srp_Dich.nodo._CP000513,clusS400,srp
RNaseP_LGA2,clusS400,RNaseP
5s_Chlorobium-limicola-1,clusS400,5s
srp_Humu.japo._X65990,clusS400,srp
tmRNA_Copr.prot._TRW-351627_1-353,clusS400,tmRNA
5s_Pseudomonas-aeruginosa-3,clusS400,5s
RNaseP_E.faecalis-2,clusS400,RNaseP
5s_Cyanophora-paradoxa-1,clusS400,5s
srp_Anab.vari._CP000117,clusS400,srp
tmRNA_Dein.geot._CP000359_1-348,clusS400,tmRNA
5s_Haloferax-volcanii-1,clusS400,5s
telomerase_AF221925.98-540,clusS400,telomerase
RNaseP_SM-A4876,clusS400,RNaseP
5s_Streptomyces-griseus-3,clusS400,5s
RNaseP_Z.rouxii,clusS400,RNaseP
RNaseP_M.genitalium,clusS400,RNaseP
tmRNA_uncu.bact._TRW-45456_1-408,clusS400,tmRNA
tmRNA_Acti.naes._TRW-240017_1-371,clusS400,tmRNA
5s_Mycoplasma-mycoides-1,clusS400,5s
5s_Acholeplasma-laidlawii-2,clusS400,5s
tmRNA_Clav.mich._TRW-31964_1-376,clusS400,tmRNA
tmRNA_Heli.pylo._AE000590_1-383,clusS400,tmRNA
RNaseP_SM-A1315,clusS400,RNaseP
srp_Ashb.goss._AE016819,clusS400,srp
RNaseP_SMB-B4,clusS400,RNaseP
5s_Actinia-equina-1,clusS400,5s
RNaseP_G.gorilla,clusS400,RNaseP
5s_Xenopus-tropicalis-2,clusS400,5s
5s_Methanothermobacter-thermautotrophicus-1,clusS400,5s
5s_Taxus-baccata-1,clusS400,5s
RNaseP_Oscillatoria-PCC7515,clusS400,RNaseP
tmRNA_Acti.acti._TRW-272556_1-366,clusS400,tmRNA
srp_Syne.spec._BA000022,clusS400,srp
5s_uncultured-euryarchaeote-37F11-1,clusS400,5s
srp_Hist.caps._GSP-278162,clusS400,srp
RNaseP_Prochlorococcus-PCC9511,clusS400,RNaseP
16s_H.volcanii_domain4,clusS400,16s
srp_Moor.ther._CP000232,clusS400,srp
tRNA_tdbR00000323-Saccharomyces_cerevisiae-4932-Pro-NGG,clusS400,tRNA
23s_E.coli_domain4,clusS400,23s
tmRNA_Pedi.pent._CP000422_1-369,clusS400,tmRNA
tRNA_tdbR00000367-Bos_taurus-9913-Arg-UCG,clusS400,tRNA
5s_Isosphaera-pallida-1,clusS400,5s
5s_Haloarcula-marismortui-2,clusS400,5s
srp_Nema.vect._GSP-45351,clusS400,srp
RNaseP_EM14b-9,clusS400,RNaseP
grp1_a.I1.e.L.dispersa.UNK.SSU.287,clusS400,grp1
telomerase_AF221921.98-548,clusS400,telomerase
telomerase_AF221920.99-541,clusS400,telomerase
RNaseP_M.jannaschii,clusS400,RNaseP
tmRNA_Carb.hydr._CP000141_1-359,clusS400,tmRNA
tmRNA_Shew.onei._AX048560_1-355,clusS400,tmRNA
tmRNA_Lact.case._CP000423_1-364,clusS400,tmRNA
grp1_a.I1.e.P.carinii.Pc2.C1.LSU.1921,clusS400,grp1
srp_Cyan.mero._AB002583,clusS400,srp
RNaseP_Onchorhynchus-2,clusS400,RNaseP
tmRNA_Chro.sale._CP000285_1-380,clusS400,tmRNA
tRNA_tdbR00000218-Mycoplasma_capricolum-2095-Leu-UAG,clusS400,tRNA
srp_Cyan.mero._AY286123,clusS400,srp
RNaseP_S.faciem,clusS400,RNaseP
telomerase_AF221906.96-545,clusS400,telomerase
telomerase_AF221936.98-540,clusS400,telomerase
tmRNA_Nost.spec._BA000019_1-390,clusS400,tmRNA
5s_Acremonium-chrysogenum-1,clusS400,5s
RNaseP_P.putida,clusS400,RNaseP
RNaseP_Synechococcus-PCC7001,clusS400,RNaseP
5s_Borrelia-burgdorferi-1,clusS400,5s
tmRNA_Vibr.vuln._AE016795_1-367,clusS400,tmRNA
tmRNA_Stre.aure._AY616521_1-382,clusS400,tmRNA
5s_Christiansenia-pallida-1,clusS400,5s
16s_S.cerevisiae_domain3,clusS400,16s
RNaseP_E1B,clusS400,RNaseP
RNaseP_Synechococcus-PCC7942,clusS400,RNaseP
srp_Sola.tube._DR037645,clusS400,srp
srp_Aqui.aeol._AE000657,clusS400,srp
5s_Geodermatophilus-obscurus-1,clusS400,5s
srp_Popu.trem._BU866844,clusS400,srp
RNaseP_S.marcescens,clusS400,RNaseP
srp_Meth.bark._CP000099,clusS400,srp
srp_Pseu.syri._CP000058,clusS400,srp
tRNA_tdbR00000228-Glycine_max-3847-Leu-BAA,clusS400,tRNA
srp_Meso.viri._AF166114,clusS400,srp
tmRNA_Trep.pall._TRW-243276_1-354,clusS400,tmRNA
5s_Flectobacillus-major-1,clusS400,5s
tRNA_tdbR00000322-Phaseolus_vulgaris-3885-Pro-UGG,clusS400,tRNA
tmRNA_Odon.sine._Z67753_1-368,clusS400,tmRNA
tmRNA_Burk.viet._TRW-269482_1-370,clusS400,tmRNA
grp1_a.I1.e.D.salina.C1.SSU.943,clusS400,grp1
5s_Streptococcus-salivarius-1,clusS400,5s
5s_Nanoarchaeum-equitans-1,clusS400,5s
RNaseP_SM-A3355,clusS400,RNaseP
RNaseP_CPA54,clusS400,RNaseP
tmRNA_Oeno.oeni._TRW-203123_1-350,clusS400,tmRNA
RNaseP_V.spinosum,clusS400,RNaseP
grp1_a.I1.e.P.carinii.C1.SSU.1506,clusS400,grp1
5s_Caulobacter-crescentus-2,clusS400,5s
srp_Heli.pylo._CP000241,clusS400,srp
srp_Chro.sale._CP000285,clusS400,srp
srp_Mono.brev._GSP-81824,clusS400,srp
RNaseP_Synechocystis-PCC6803,clusS400,RNaseP
16s_Z.mays_domain2,clusS400,16s
RNaseP_ESH20b-1,clusS400,RNaseP
RNaseP_N.pyridinolyticus,clusS400,RNaseP
16s_D.melanogaster_domain4,clusS400,16s
tmRNA_Pant.stew._TRW-66269_1-363,clusS400,tmRNA
RNaseP_C.pneumoniae-CWL029,clusS400,RNaseP
tmRNA_Neis.meni._TRW-122586_1-363,clusS400,tmRNA
srp_Chla.rein._SDB-3055,clusS400,srp
srp_Stre.aver._BA000030,clusS400,srp
tRNA_tdbR00000591-Ascaris_suum-6253-Lys-UU,clusS400,tRNA
telomerase_AF221927.113-556,clusS400,telomerase
5s_Paracoccus-versutus-1,clusS400,5s
tmRNA_Clos.ther._TRW-203119_1-387,clusS400,tmRNA
srp_Pseu.aeru._AE004091,clusS400,srp
RNaseP_H.pylori-26695,clusS400,RNaseP
5s_Achromobacter-denitrificans-1,clusS400,5s
srp_Sacc.kluy._AJ550805,clusS400,srp
5s_Salmonella-typhi-1,clusS400,5s
5s_Meloidogyne-arenaria-3,clusS400,5s
5s_Xenopus-borealis-3,clusS400,5s
tmRNA_Clos.botu._TRW-36826_1-355,clusS400,tmRNA
5s_Rhodobacter-sphaeroides-3,clusS400,5s
5s_Planctomyces-brasiliensis-1,clusS400,5s
tRNA_tdbR00000459-Neurospora_crassa-5141-Val-UAC,clusS400,tRNA
srp_Geob.meta._CP000148,clusS400,srp
srp_Trit.aest._CA626434,clusS400,srp
tmRNA_Thio.crun._CP000109_1-358,clusS400,tmRNA
5s_Renobacter-vaculatum-1,clusS400,5s
RNaseP_P.mississippiensis,clusS400,RNaseP
srp_Neur.cras._AL669999,clusS400,srp
RNaseP_P.aeruginosa,clusS400,RNaseP
srp_Nost.spec._BA000019,clusS400,srp
5s_Clostridium-tyrobutyricum-4,clusS400,5s
RNaseP_SM-A4775,clusS400,RNaseP
srp_Trit.aest._BQ167677,clusS400,srp
5s_Amycolatopsis-lactamdurans-1,clusS400,5s
tmRNA_Wigg.glos._BA000021_1-365,clusS400,tmRNA
tmRNA_envi.sequ._TRW-32045-3_1-350,clusS400,tmRNA
5s_Chlorella-sp.-1,clusS400,5s
5s_Desulfovibrio-vulgaris-1,clusS400,5s
RNaseP_S.pyogenes,clusS400,RNaseP
srp_Halo.halo._X01698,clusS400,srp
RNaseP_BH145,clusS400,RNaseP
tRNA_tdbR00000550-Neurospora_crassa-5141-Tyr-GUA,clusS400,tRNA
tRNA_tdbR00000025-Thermus_thermophilus-274-Asp-GUC,clusS400,tRNA
RNaseP_S.solfataricus-P2,clusS400,RNaseP
srp_Azoa.spec._CR555306,clusS400,srp
srp_Lyco.escu._Z29100,clusS400,srp
5s_Erythromicrobium-ezovicum-1,clusS400,5s
tmRNA_Shew.balt._TRW-325240_1-356,clusS400,tmRNA
5s_Ralstonia-solanacearum-2,clusS400,5s
tmRNA_Desu.acet._TRW-281689_1-353,clusS400,tmRNA
srp_Tryp.viva._SDB-5699,clusS400,srp
tmRNA_Soda.glos._AP008232_1-384,clusS400,tmRNA
RNaseP_P.furiosus,clusS400,RNaseP
srp_Magn.magn._AP007255,clusS400,srp
srp_Aqui.aeol._AE000759,clusS400,srp
srp_Heli.pylo._AE001439,clusS400,srp
srp_Bdel.bact._BX842656,clusS400,srp
RNaseP_H.morrhuae,clusS400,RNaseP
srp_Grac.tenu._AY673996,clusS400,srp
tmRNA_Guil.thet._TRW-55529_1-330,clusS400,tmRNA
tRNA_tdbR00000247-Bos_taurus-9913-Leu-UAG,clusS400,tRNA
srp_Dros.erec._GSP-7220,clusS400,srp
5s_Gloiopeltis-complanata-1,clusS400,5s
tRNA_tdbR00000418-Nicotiana_rustica-4093-Ser-IGA,clusS400,tRNA
tRNA_tdbR00000406-Saccharomyces_cerevisiae-4932-Ser-NGA,clusS400,tRNA
srp_Shig.flex._AE005674,clusS400,srp
srp_Prun.arme._CB819242,clusS400,srp
5s_Fusobacterium-mortiferum-1,clusS400,5s
RNaseP_S.servazzii,clusS400,RNaseP
tmRNA_Xyle.fast._AE009442_1-355,clusS400,tmRNA
srp_Baci.brev._D14472,clusS400,srp
tmRNA_Bact.thet._AE015928_1-397,clusS400,tmRNA
grp1_a.I1.e.P.inouyei.C1.SSU.943,clusS400,grp1
RNaseP_A.erythreum,clusS400,RNaseP
RNaseP_C.jejuni,clusS400,RNaseP
srp_Trit.aest._BE424647,clusS400,srp
RNaseP_D.jeanneae,clusS400,RNaseP
5s_Buchnera-aphidicola-1,clusS400,5s
RNaseP_H.pylori-J99,clusS400,RNaseP
srp_Caul.cres._U49738,clusS400,srp
5s_Saprospira-grandis-1,clusS400,5s
RNaseP_LGW18,clusS400,RNaseP
16s_B.burgdorferi_domain4,clusS400,16s
5s_Frankia-sp.-2,clusS400,5s
16s_C.reinhardtii.chloro_domain2,clusS400,16s
tmRNA_Stre.suis._TRW-218494_1-354,clusS400,tmRNA
5s_Thraustochytrium-visurgense-2,clusS400,5s
RNaseP_P.cultripes,clusS400,RNaseP
5s_Illex-illecebrosus-1,clusS400,5s
grp1_a.I1.e.L.dispersa.UNK.SSU.789,clusS400,grp1
tmRNA_Ther.teng._AE013063_1-351,clusS400,tmRNA
srp_Heli.pylo._AE000524,clusS400,srp
5s_Methanobacterium-formicicum-1,clusS400,5s
tmRNA_Bact.frag._CR626927_1-398,clusS400,tmRNA
5s_Sphingomonas-ursincola-1,clusS400,5s
tmRNA_Myco.capr._D13067_1-411,clusS400,tmRNA
srp_Rhod.palu._CP000250,clusS400,srp
RNaseP_S.octosporus,clusS400,RNaseP
srp_Schi.mans._GSP-6183,clusS400,srp
srp_Arch.fulg._AE000782,clusS400,srp
5s_Thermoplasma-volcanium-1,clusS400,5s
tmRNA_Paen.larv._TRW-1464_1-367,clusS400,tmRNA
tmRNA_Stre.sobr._TRW-246202_1-349,clusS400,tmRNA
srp_List.inno._AL596173,clusS400,srp
16s_C.elegans_domain2,clusS400,16s
tmRNA_Carn.malt._AF275938_1-366,clusS400,tmRNA
RNaseP_S.shibatae,clusS400,RNaseP
5s_Desulfovibrio-vulgaris-2,clusS400,5s
srp_Stre.muta._AE014879,clusS400,srp
srp_Cory.effi._BA000035,clusS400,srp
5s_Bacteroides-capillosus-1,clusS400,5s
grp1_a.I1.e.Staurastrum.sp.M753.C1.SSU.1506,clusS400,grp1
tmRNA_Baci.halo._BA000004_1-361,clusS400,tmRNA
5s_Chlamydia-trachomatis-1,clusS400,5s
tmRNA_Ente.saka._TRW-28141_1-364,clusS400,tmRNA
tmRNA_Fuso.nucl._AE010567_1-341,clusS400,tmRNA
tmRNA_Fran.tula._AJ749949_1-421,clusS400,tmRNA
RNaseP_D.vulgaris,clusS400,RNaseP
tRNA_tdbR00000462-Rattus_norvegicus-10116-Val-UAC,clusS400,tRNA
srp_Bifi.adol._AP009256,clusS400,srp
RNaseP_S.bayanus,clusS400,RNaseP
srp_Clos.perf._BA000016,clusS400,srp
RNaseP_S.unisporus,clusS400,RNaseP
RNaseP_Nostoc-PCC6705,clusS400,RNaseP
5s_Fusobacterium-nucleatum-4,clusS400,5s
srp_Medi.trun._AC136507,clusS400,srp
tmRNA_Lact.lact._AE006373_1-359,clusS400,tmRNA
RNaseP_M.tuberculosis-g,clusS400,RNaseP
srp_Plas.berg._GSP-5823,clusS400,srp
tmRNA_Clos.acet._AE001437_1-359,clusS400,tmRNA
RNaseP_Prochlorococcus-NATL2,clusS400,RNaseP
srp_Caul.cres._AE005700,clusS400,srp
5s_Ehrlichia-ruminantium-1,clusS400,5s
tmRNA_Stre.ther._CP000419_1-350,clusS400,tmRNA
tRNA_tdbR00000019-Mycoplasma_capricolum-2095-Cys-GCA,clusS400,tRNA
tmRNA_Bdel.bact._BX842656_1-346,clusS400,tmRNA
srp_Chlo.vulg._AB001684,clusS400,srp
srp_Bran.flor._GSP-7739,clusS400,srp
5s_Roseococcus-thiosulfatophilus-1,clusS400,5s
5s_Candidatus-Tremblaya-princeps-6,clusS400,5s
RNaseP_ESH46a-1,clusS400,RNaseP
RNaseP_Fischerella-UTEX1829,clusS400,RNaseP
tRNA_tdbR00000395-Saccharomyces_cerevisiae-4932-Ser-GCU,clusS400,tRNA
5s_Bacteroides-fragilis-6,clusS400,5s
tmRNA_Onio.yell._AP006628_1-423,clusS400,tmRNA
RNaseP_H.influenza,clusS400,RNaseP
16s_B.subtilis_domain4,clusS400,16s
16s_P.staleyi_domain2,clusS400,16s
5s_Anaerorhabdus-furcosa-1,clusS400,5s
5s_Gracilaria-compressa-1,clusS400,5s
tRNA_tdbR00000124-Aedes_albopictus-7160-Gly-UCC,clusS400,tRNA
tRNA_tdbR00000209-Enterobacteria_phage_T4-10665-Leu-NAA,clusS400,tRNA
5s_Halorubrum-saccharovorum-1,clusS400,5s
5s_Erythromicrobium-hydrolyticum-1,clusS400,5s
5s_Pedobacter-heparinus-1,clusS400,5s
grp1_a.I1.e.S.granulatum.C1.SSU.1506,clusS400,grp1
RNaseP_Calothrix-PCC7601,clusS400,RNaseP
tmRNA_Chla.muri._TRW-83560_1-421,clusS400,tmRNA
5s_Araneus-diadematus-1,clusS400,5s
5s_Plasmodium-falciparum-1,clusS400,5s
RNaseP_PS2,clusS400,RNaseP
tmRNA_Neph.oliv._AF137379-1_1-327,clusS400,tmRNA
5s_Lentinula-edodes-1,clusS400,5s
5s_Candidatus-Tremblaya-princeps-2,clusS400,5s
5s_Cryptobranchus-alleganiensis-1,clusS400,5s
5s_Phleogena-faginea-1,clusS400,5s
srp_Yers.pseu._BX936398,clusS400,srp
grp1_a.I1.e.L.dispersa.UNK.SSU.1046,clusS400,grp1
RNaseP_T.acidophilum,clusS400,RNaseP
tmRNA_Bifi.long._TRW-205913_1-397,clusS400,tmRNA
srp_Tric.vagi._GSP-5722-1,clusS400,srp
5s_Gracilaria-compressa-2,clusS400,5s
5s_Xenopus-laevis-5,clusS400,5s
RNaseP_LGB41,clusS400,RNaseP
tmRNA_Aero.hydr._CP000462_1-360,clusS400,tmRNA
tmRNA_Leif.xyli._AE016822_1-394,clusS400,tmRNA
5s_Notophthalmus-viridescens-1,clusS400,5s
RNaseP_SM-A5179,clusS400,RNaseP
tRNA_tdbR00000109-Haloferax_volcanii-2246-Gly-NCC,clusS400,tRNA
5s_Pseudomonas-aeruginosa-1,clusS400,5s
srp_Camp.jeju._CP000768,clusS400,srp
tRNA_tdbR00000037-Rattus_norvegicus-10116-Asp-GUC,clusS400,tRNA
srp_Porp.purp._U38804,clusS400,srp
tRNA_tdbR00000023-Haloferax_volcanii-2246-Asp-GUC,clusS400,tRNA
tRNA_tdbR00000245-Rattus_norvegicus-10116-Leu-UAG,clusS400,tRNA
srp_Xant.axon._AE011739,clusS400,srp
tmRNA_Chlo.chlo._CP000108_1-401,clusS400,tmRNA
tmRNA_Pseu.syri._AE016853_1-388,clusS400,tmRNA
tmRNA_Myco.lepr._TRW-272631_1-369,clusS400,tmRNA
5s_Vibrio-nereis-1,clusS400,5s
5s_Chlamydomonas-reinhardtii-2,clusS400,5s
srp_Medi.trun._CT485797,clusS400,srp
16s_G.intestinalis_domain3,clusS400,16s
srp_Zea.mays._CB179518,clusS400,srp
RNaseP_S.acidocaldarius,clusS400,RNaseP
tmRNA_Ther.neap._TRW-309803_1-357,clusS400,tmRNA
tmRNA_Fibr.succ._TRW-59374_1-361,clusS400,tmRNA
tmRNA_Rals.meta._CP000352_1-360,clusS400,tmRNA
RNaseP_SM-A3862,clusS400,RNaseP
RNaseP_P.innocua,clusS400,RNaseP
RNaseP_P.canadensis,clusS400,RNaseP
tmRNA_Chla.pneu._AE002224_1-423,clusS400,tmRNA
tRNA_tdbR00000215-Haloferax_volcanii-2246-Leu-5AG,clusS400,tRNA
5s_Bursaphelenchus-xylophilus-1,clusS400,5s
tmRNA_Stre.muta._TRW-210007_1-349,clusS400,tmRNA
RNaseP_SM-A05,clusS400,RNaseP
RNaseP_SM-A5584,clusS400,RNaseP
5s_Euplotes-eurystomus-1,clusS400,5s
23s_H.pylori_domain6,clusS400,23s
5s_Fusobacterium-nucleatum-5,clusS400,5s
tmRNA_Geob.meta._CP000148_1-356,clusS400,tmRNA
RNaseP_E.thermomarinus,clusS400,RNaseP
5s_Agaricus-edulis-1,clusS400,5s
tmRNA_Fran.spec._TRW-298653_1-375,clusS400,tmRNA
tmRNA_Xant.axon._AE011783_1-397,clusS400,tmRNA
RNaseP_T.commune,clusS400,RNaseP
tmRNA_Myxo.xant._TRW-34_1-366,clusS400,tmRNA
telomerase_AY058901.1-397,clusS400,telomerase
5s_Legionella-pneumophila-1,clusS400,5s
5s_Artemia-salina-1,clusS400,5s
srp_Cory.glut._AP009044,clusS400,srp
tmRNA_Moor.ther._CP000232_1-358,clusS400,tmRNA
RNaseP_LGB5,clusS400,RNaseP
tRNA_tdbR00000177-Mycoplasma_capricolum-2095-Lys-CUU,clusS400,tRNA
srp_Burk.mall._CP000010,clusS400,srp
RNaseP_A.ferrooxidans-g,clusS400,RNaseP
tRNA_tdbR00000590-Ascaris_suum-6253-Glu-UC,clusS400,tRNA
tmRNA_Bloc.flor._BX248583_1-393,clusS400,tmRNA
RNaseP_B.hermsii,clusS400,RNaseP
srp_Schi.pomb._AU010514,clusS400,srp
tmRNA_Trep.dent._AE017226_1-351,clusS400,tmRNA
5s_Nitella-flexilis-1,clusS400,5s
RNaseP_A.telluris,clusS400,RNaseP
RNaseP_S.typhi,clusS400,RNaseP
tmRNA_Thal.weis._AF049491_1-348,clusS400,tmRNA
srp_Alka.meta._CP000724,clusS400,srp
5s_Batrachospermum-ectocarpum-1,clusS400,5s
tmRNA_envi.sequ._TRW-356-1_1-289,clusS400,tmRNA
RNaseP_ESH17b-7,clusS400,RNaseP
5s_Fusarium-asiaticum-3,clusS400,5s
tRNA_tdbR00000492-Rattus_norvegicus-10116-Trp-NCA,clusS400,tRNA
16s_A.fulgidus_domain2,clusS400,16s
5s_Halobacterium-sp.-2,clusS400,5s
tRNA_tdbR00000168-Bos_taurus-9913-Ile-GAU,clusS400,tRNA
5s_Lycoperdon-pyriforme-1,clusS400,5s
5s_Coleochaete-scutata-1,clusS400,5s
srp_Onch.volv._AI249203,clusS400,srp
RNaseP_H.cutirubrum,clusS400,RNaseP
srp_Humu.lupu._X65983,clusS400,srp
srp_Para.bras._GSP-121759,clusS400,srp
tRNA_tdbR00000460-Aedes_albopictus-7160-Val-UAC,clusS400,tRNA
RNaseP_CPA61,clusS400,RNaseP
RNaseP_P.marinus,clusS400,RNaseP
tRNA_tdbR00000489-Neurospora_crassa-5141-Trp-NCA,clusS400,tRNA
5s_Flavobacterium-hydatis-1,clusS400,5s
16s_C.reinhardtii.chloro_domain3,clusS400,16s
tmRNA_Camp.coli._AL111168_1-359,clusS400,tmRNA
RNaseP_P.douglassii,clusS400,RNaseP
srp_Wolb.endo._AE017321,clusS400,srp
5s_Haloferax-mediterranei-1,clusS400,5s
5s_Candidatus-Tremblaya-princeps-1,clusS400,5s
5s_Agrobacterium-tumefaciens-1,clusS400,5s
5s_Streptococcus-agalactiae-1,clusS400,5s
RNaseP_P.shigelloides,clusS400,RNaseP
srp_Phyt.ramo._GSP-164328,clusS400,srp
srp_Giar.lamb._GSP-184922,clusS400,srp
srp_Enta.hist._BK005670,clusS400,srp
RNaseP_EM14b-11,clusS400,RNaseP
srp_Oryz.sati._AC079888,clusS400,srp
tmRNA_envi.sequ._TRW-2-2_1-356,clusS400,tmRNA
telomerase_AF221909.98-496,clusS400,telomerase
srp_Trep.dent._AE017226,clusS400,srp
5s_Methylobacterium-sp.-1,clusS400,5s
srp_Phak.pach._GSP-170000-2,clusS400,srp
srp_Dros.anan._CJ969290,clusS400,srp
srp_Cyan.cald._AF022186,clusS400,srp
tRNA_tdbR00000237-Saccharomyces_cerevisiae-4932-Leu-AA,clusS400,tRNA
srp_Agro.tume._AE007869,clusS400,srp
5s_Leptospira-interrogans-2,clusS400,5s
grp1_a.I1.e.C.merochlorophea.UNK.SSU.1046,clusS400,grp1
telomerase_AF221932.102-549,clusS400,telomerase
tmRNA_Baci.G._TRW-12333_1-312,clusS400,tmRNA
tRNA_tdbR00000427-Gallus_gallus-9031-Ser-UGA,clusS400,tRNA
srp_Onch.volv._GSP-6282,clusS400,srp
tRNA_tdbR00000391-Escherichia_coli-562-Ser-GCU,clusS400,tRNA
srp_Burk.ceno._CP000380,clusS400,srp
srp_Psyc.sp.._CP000713,clusS400,srp
tmRNA_Idio.loih._AE017340_1-359,clusS400,tmRNA
tmRNA_Yers.inte._TRW-349965_1-381,clusS400,tmRNA
RNaseP_L.muta-2,clusS400,RNaseP
RNaseP_C.pneumoniae,clusS400,RNaseP
srp_Cand.Bloc._CP000016,clusS400,srp
5s_Lactobacillus-brevis-1,clusS400,5s
RNaseP_LGA8,clusS400,RNaseP
srp_Batr.dend._GSP-403673,clusS400,srp
srp_Neis.gono._AE004969,clusS400,srp
RNaseP_S.solfataricus,clusS400,RNaseP
tmRNA_Pseu.fluo._CP000076_1-394,clusS400,tmRNA
srp_Baci.alca._D11422,clusS400,srp
5s_Haloarcula-marismortui-3,clusS400,5s
5s_Methanothermobacter-thermautotrophicus-6,clusS400,5s
5s_Diatoma-tenue-1,clusS400,5s
RNaseP_SM-A01,clusS400,RNaseP
RNaseP_SM-A6296,clusS400,RNaseP
5s_Escherichia-coli-10,clusS400,5s
tRNA_tdbR00000125-Bos_taurus-9913-Gly-UCC,clusS400,tRNA
tmRNA_Lact.delb._AF440335_1-316,clusS400,tmRNA
tmRNA_Chlo.tepi._TRW-194439_1-404,clusS400,tmRNA
5s_Methanocaldococcus-jannaschii-1,clusS400,5s
srp_Bifi.long._AE014295,clusS400,srp
srp_Taen.gutt._CK235759,clusS400,srp
RNaseP_T.luteus,clusS400,RNaseP
RNaseP_SM-A6090,clusS400,RNaseP
RNaseP_LGW113,clusS400,RNaseP
grp1_a.I1.e.A.stipitatus.C1.SSU.1046,clusS400,grp1
5s_Candidatus-Phytoplasma-asteris-1,clusS400,5s
5s_Juniperus-media-1,clusS400,5s
5s_Archaeoglobus-fulgidus-1,clusS400,5s
5s_Octopus-vulgaris-1,clusS400,5s
RNaseP_M.thermoautotrphicumMarb,clusS400,RNaseP
srp_Chla.cavi._AE015925,clusS400,srp
RNaseP_SM-A1831,clusS400,RNaseP
srp_Baci.anth._AE017225,clusS400,srp
srp_Salm.ente._AE014613,clusS400,srp
tRNA_tdbR00000235-Neurospora_crassa-5141-Leu-NAA,clusS400,tRNA
RNaseP_S.azurea-K161T,clusS400,RNaseP
16s_T.gondii_domain3,clusS400,16s
5s_Pirellula-sp.-1,clusS400,5s
tmRNA_Fran.spec._CP000249_1-374,clusS400,tmRNA
tRNA_tdbR00000572-Leishmania_tarentolae-5689-Lys-1UU,clusS400,tRNA
RNaseP_ESH210B,clusS400,RNaseP
srp_Podo.anse._GSP-5145,clusS400,srp
16s_C.elegans_domain1,clusS400,16s
RNaseP_B.calamita,clusS400,RNaseP
5s_Amphibacillus-xylanus-1,clusS400,5s
tmRNA_Para.symb._BX908798_1-405,clusS400,tmRNA
5s_Pedinomonas-minor-1,clusS400,5s
tmRNA_Stre.coll._AY485228_1-386,clusS400,tmRNA
5s_Thermus-aquaticus-1,clusS400,5s
srp_Aspe.nidu._GSP-227321,clusS400,srp
tmRNA_Myco.gall._AE015450_1-408,clusS400,tmRNA
srp_Ther.acid._AL445063,clusS400,srp
5s_Methanothermobacter-thermautotrophicus-3,clusS400,5s
srp_Yers.ente._AM286415,clusS400,srp
RNaseP_P.guilliermondii,clusS400,RNaseP
5s_Lactobacillus-plantarum-3,clusS400,5s
23s_S.aureus_domain4,clusS400,23s
RNaseP_SM-A1113,clusS400,RNaseP
5s_Bacillus-cereus-6,clusS400,5s
tmRNA_Bord.aviu._AM167904_1-406,clusS400,tmRNA
tmRNA_Ther.yell._TRW-289376_1-350,clusS400,tmRNA
srp_Lact.acid._CP000033,clusS400,srp
5s_Oceanobacillus-iheyensis-1,clusS400,5s
5s_Fusarium-lunulosporum-10,clusS400,5s
5s_Pseudomonas-stutzeri-1,clusS400,5s
grp1_a.I1.b.S.hofmanii.C3.tMET,clusS400,grp1
tRNA_tdbR00000368-Mesocricetus_auratus-10036-Arg-UCG,clusS400,tRNA
RNaseP_ESH167F,clusS400,RNaseP
srp_Plas.know._GSP-5851,clusS400,srp
5s_Halorubrum-distributum-5,clusS400,5s
RNaseP_Synechococcus-PCC7003,clusS400,RNaseP
tRNA_tdbR00000106-Haloferax_volcanii-2246-Gly-CCC,clusS400,tRNA
5s_Loofah-witches-broom-phytoplasma-1,clusS400,5s
23s_B.subtilis_domain4,clusS400,23s
srp_Stre.pyog._AM295007,clusS400,srp
tmRNA_Haem.infl._AY599475_1-366,clusS400,tmRNA
5s_Haloferax-mediterranei-2,clusS400,5s
srp_Yers.pseu._CP000720,clusS400,srp
tRNA_tdbR00000331-Mycoplasma_capricolum-2095-Gln-UG,clusS400,tRNA
tmRNA_Erwi.amyl._TRW-552_1-381,clusS400,tmRNA
tmRNA_Woli.succ._BX571661_1-369,clusS400,tmRNA
5s_Natrialba-magadii-1,clusS400,5s
5s_Geobacillus-stearothermophilus-4,clusS400,5s
tRNA_tdbR00000365-Aedes_albopictus-7160-Arg-UCG,clusS400,tRNA
5s_Ascobolus-immersus-3,clusS400,5s
grp1_a.I1.b.Synechococcus.sp2.C3.tLEU,clusS400,grp1
5s_Candida-azyma-1,clusS400,5s
RNaseP_S.pneumoniae,clusS400,RNaseP
5s_Phycomyces-blakesleeanus-1,clusS400,5s
tRNA_tdbR00000030-Aedes_albopictus-7160-Asp-GUC,clusS400,tRNA
5s_Spirosoma-sp.-1,clusS400,5s
RNaseP_S.globosus,clusS400,RNaseP
tRNA_tdbR00000005-Mycoplasma_capricolum-2095-Ala-UGC,clusS400,tRNA
5s_Trichoplax-adhaerens-1,clusS400,5s
srp_Kluy.walt._AADM01000319,clusS400,srp
tmRNA_Shew.spec._TRW-323850_1-356,clusS400,tmRNA
RNaseP_U.stanburiana,clusS400,RNaseP
tmRNA_Laws.intr._AM180252_1-376,clusS400,tmRNA
5s_Fusobacterium-nucleatum-1,clusS400,5s
srp_Shew.spec._CP000469,clusS400,srp
tmRNA_Buch.aphi._BD061520_1-369,clusS400,tmRNA
5s_Deinococcus-radiodurans-3,clusS400,5s
RNaseP_C.vinosum,clusS400,RNaseP
tmRNA_Clos.acet._AE007587_1-356,clusS400,tmRNA
RNaseP_M.thermoautotrophicum-DH,clusS400,RNaseP
RNaseP_Nostoc-PCC7107,clusS400,RNaseP
5s_Stella-humosa-1,clusS400,5s
telomerase_AF221934.121-565,clusS400,telomerase
RNaseP_S.gordonii,clusS400,RNaseP
srp_Trop.whip._AE016852,clusS400,srp
tmRNA_uncu.bact._TRW-80840-1_1-378,clusS400,tmRNA
srp_Myco.bovi._BX248347,clusS400,srp
tmRNA_Pseu.syri._CP000075_1-392,clusS400,tmRNA
srp_Colw.psyc._CP000083,clusS400,srp
16s_H.sapiens.mito_domain3,clusS400,16s
RNaseP_PS26,clusS400,RNaseP
5s_Frankia-sp.-1,clusS400,5s
RNaseP_N.simplex,clusS400,RNaseP
5s_Diplonema-papillatum-2,clusS400,5s
grp1_a.I1.e.B.yamatoana.JCM2896.C1.SSU.1506,clusS400,grp1
tmRNA_Myco.pene._BA000026_1-405,clusS400,tmRNA
srp_Baci.halo._BA000004,clusS400,srp
5s_Rana-pipiens-1,clusS400,5s
RNaseP_T.roseum,clusS400,RNaseP
RNaseP_Y.pestis,clusS400,RNaseP
srp_Eime.tene._CD666347,clusS400,srp
RNaseP_S.pastorianus,clusS400,RNaseP
RNaseP_S.pombe,clusS400,RNaseP
5s_Mannheimia-succiniciproducens-3,clusS400,5s
RNaseP_Synechocystis-PCC6308,clusS400,RNaseP
tmRNA_Stre.ther._CP000024_1-350,clusS400,tmRNA
grp1_a.I1.e.C.merochlorophea.UNK.SSU.1516,clusS400,grp1
RNaseP_H.sapiens,clusS400,RNaseP
tmRNA_Jako.libe._TRW-143017_1-102,clusS400,tmRNA
16s_E.coli_domain4,clusS400,16s
tmRNA_envi.sequ._TRW-32045-2_1-345,clusS400,tmRNA
5s_Nephila-clavipes-1,clusS400,5s
srp_Meth.mari._CP000609,clusS400,srp
RNaseP_E.faecalis,clusS400,RNaseP
tmRNA_Ther.rose._TRW-309801_1-353,clusS400,tmRNA
RNaseP_SM-A2946,clusS400,RNaseP
5s_Sulfolobus-tokodaii-1,clusS400,5s
srp_Medi.trun._AJ846712,clusS400,srp
RNaseP_F.mortiferum,clusS400,RNaseP
tRNA_tdbR00000592-Ascaris_suum-6253-Gln-UG,clusS400,tRNA
tmRNA_Ther.mari._TRW-243274-1_1-356,clusS400,tmRNA
tRNA_tdbR00000139-Mycoplasma_capricolum-2095-His-GUK,clusS400,tRNA
5s_Bacteroides-veroralis-1,clusS400,5s
srp_Schi.pomb._M20264,clusS400,srp
srp_Enta.disp._GSP-370354,clusS400,srp
5s_Photobacterium-profundum-3,clusS400,5s
RNaseP_N.olivacea-chloroplast,clusS400,RNaseP
tRNA_tdbR00000099-Mus_musculus-10090-Phe-AA,clusS400,tRNA
5s_Candidatus-Tremblaya-princeps-5,clusS400,5s
RNaseP_CPB74,clusS400,RNaseP
srp_Xant.camp._AE012197,clusS400,srp
srp_Enta.mosh._GSP-41668,clusS400,srp
5s_Helicobasidium-purpureum-1,clusS400,5s
srp_Halo.mari._AY596297,clusS400,srp
srp_Pseu.aeru._CP000744,clusS400,srp
5s_Lactococcus-lactis-4,clusS400,5s
telomerase_AF221931.99-541,clusS400,telomerase
RNaseP_M.xanthus,clusS400,RNaseP
RNaseP_E.eschsholtzii,clusS400,RNaseP
RNaseP_P.gingivalis,clusS400,RNaseP
srp_Lemu.catt._GSP-9447,clusS400,srp
tmRNA_Pseu.fluo._CP000094_1-390,clusS400,tmRNA
tmRNA_Neis.lact._TRW-486_1-362,clusS400,tmRNA
telomerase_AC121792.109554-109950,clusS400,telomerase
tmRNA_Lact.plan._AL935259_1-372,clusS400,tmRNA
5s_Candidatus-Portiera-aleyrodidarum-1,clusS400,5s
RNaseP_P.acanthamoebae,clusS400,RNaseP
srp_Neos.fisc._GSP-331117,clusS400,srp
tRNA_tdbR00000189-Rattus_norvegicus-10116-Lys-NUU,clusS400,tRNA
grp1_a.I1.m.S.pombe.B1.OX1,clusS400,grp1
RNaseP_H.chlorum-partial,clusS400,RNaseP
23s_B.subtilis_domain3,clusS400,23s
srp_Pich.guil._GSP-294746,clusS400,srp
srp_Bos.taur._GSP-6282,clusS400,srp
srp_Deba.hans._CR382138,clusS400,srp
tmRNA_Sten.malt._TRW-40324_1-354,clusS400,tmRNA
RNaseP_C.psittaci-R54,clusS400,RNaseP
tRNA_tdbR00000282-Ascaris_suum-6253-Met-AU,clusS400,tRNA
5s_Genistelloides-hibernus-1,clusS400,5s
5s_Perkinsus-andrewsi-1,clusS400,5s
srp_Phyt.infe._CV919934,clusS400,srp
5s_Lactococcus-lactis-1,clusS400,5s
RNaseP_LGW46,clusS400,RNaseP
RNaseP_E.agglomerulans,clusS400,RNaseP
srp_Proc.mari._CP000552,clusS400,srp
tRNA_tdbR00000230-Glycine_max-3847-Leu-UA7,clusS400,tRNA
tmRNA_Lept.inte._AE016823_1-350,clusS400,tmRNA
5s_Saccharomyces-cerevisiae-3,clusS400,5s
RNaseP_P.fluorescens,clusS400,RNaseP
5s_Fusarium-cerealis-9,clusS400,5s
srp_Meth.burt._CP000300,clusS400,srp
5s_Dactylosporangium-aurantiacum-1,clusS400,5s
srp_Proc.mari._AE017126,clusS400,srp
5s_Saccharopolyspora-erythraea-1,clusS400,5s
grp1_a.I1.e.Staurastrum.sp.M752.C1.SSU.1506,clusS400,grp1
RNaseP_LGB23,clusS400,RNaseP
tmRNA_Brev.line._TRW-321955_1-377,clusS400,tmRNA
RNaseP_CPA56,clusS400,RNaseP
tmRNA_Shew.amaz._CP000507_1-356,clusS400,tmRNA
tmRNA_Stap.aure._BA000033_1-362,clusS400,tmRNA
srp_Caen.eleg._U41993,clusS400,srp
tRNA_tdbR00000542-Mycoplasma_capricolum-2095-Tyr-GUA,clusS400,tRNA
RNaseP_A.ambivalens,clusS400,RNaseP
5s_Bordetella-bronchiseptica-1,clusS200,5s
5s_Microtetraspora-glauca-1,clusS200,5s
srp_Clos.botu._AM412317,clusS200,srp
5s_Coxiella-burnetii-2,clusS200,5s
srp_Schi.japo._GSP-402676,clusS200,srp
grp1_a.I1.e.A.capsulatus.FLs1.C1.SSU,clusS200,grp1
5s_Symbiobacterium-thermophilum-3,clusS200,5s
tmRNA_Rubr.xyla._CP000386_1-360,clusS200,tmRNA
tRNA_tdbR00000553-Asterias_amurensis-7602-Tyr-GUA,clusS200,tRNA
16s_D.melanogaster_domain4,clusS200,16s
RNaseP_C.pneumoniae-CWL029,clusS200,RNaseP
5s_Microbotryum-violaceum-1,clusS200,5s
5s_Sulfurococcus-mirabilis-1,clusS200,5s
srp_Chla.rein._SDB-3055,clusS200,srp
tRNA_tdbR00000217-Mycoplasma_capricolum-2095-Leu-AA,clusS200,tRNA
RNaseP_S.bikiniensis,clusS200,RNaseP
srp_Thal.pseu._GSP-296543,clusS200,srp
RNaseP_Synechococcus-MINOS1,clusS200,RNaseP
tRNA_tdbR00000283-Gallus_gallus-9031-Met-AU,clusS200,tRNA
tRNA_tdbR00000549-Tetrahymena_pyriformis-5908-Tyr-QUA,clusS200,tRNA
tRNA_tdbR00000591-Ascaris_suum-6253-Lys-UU,clusS200,tRNA
16s_A.fulgidus_domain4,clusS200,16s
5s_Mycoplasma-hyopneumoniae-2,clusS200,5s
tmRNA_Geob.sulf._AE017180_1-356,clusS200,tmRNA
srp_Myco.lepr._AL583925,clusS200,srp
tmRNA_Acin.spec._CR543861_1-360,clusS200,tmRNA
tRNA_tdbR00000079-Rattus_norvegicus-10116-Phe-GAA,clusS200,tRNA
5s_Paracoccus-versutus-1,clusS200,5s
telomerase_AF221927.113-556,clusS200,telomerase
tmRNA_Baci.anth._AE016879_1-355,clusS200,tmRNA
tmRNA_Clos.ther._TRW-203119_1-387,clusS200,tmRNA
RNaseP_Nocardiodes-ATCC39419,clusS200,RNaseP
5s_Clavispora-opuntiae-1,clusS200,5s
srp_Sacc.kluy._AJ550805,clusS200,srp
srp_Pyro.abys._AJ248283,clusS200,srp
tmRNA_Synt.acid._CP000252_1-356,clusS200,tmRNA
tRNA_tdbR00000593-Ascaris_suum-6253-Trp-CA,clusS200,tRNA
tmRNA_Bord.bron._TRW-257310_1-387,clusS200,tmRNA
5s_Xenopus-borealis-3,clusS200,5s
grp1_a.I1.e.B.ciliata.JCM6865.C1.SSU.943,clusS200,grp1
5s_Buchnera-aphidicola-3,clusS200,5s
5s_Rhodobacter-sphaeroides-3,clusS200,5s
telomerase_AF221912.98-564,clusS200,telomerase
RNaseP_A.truei,clusS200,RNaseP
5s_Planctomyces-brasiliensis-1,clusS200,5s
tRNA_tdbR00000459-Neurospora_crassa-5141-Val-UAC,clusS200,tRNA
tmRNA_Baci.clau._AP006627_1-355,clusS200,tmRNA
tmRNA_Myco.arth._TRW-243272_1-394,clusS200,tmRNA
16s_C.elegans_domain3,clusS200,16s
RNaseP_W.fluorescens,clusS200,RNaseP
tmRNA_Cyan.mero._AY286123_1-236,clusS200,tmRNA
tRNA_tdbR00000290-Enterobacteria_phage_T5-10726-Asn-GUU,clusS200,tRNA
grp1_b.I1.e.T.thermophila.C1.LSU.1925,clusS200,grp1
tmRNA_Thio.crun._CP000109_1-358,clusS200,tmRNA
5s_Anaplasma-marginale-1,clusS200,5s
srp_List.mono._U15684,clusS200,srp
RNaseP_R.prowazekii,clusS200,RNaseP
RNaseP_P.mississippiensis,clusS200,RNaseP
grp1_a.I1.e.C.grayi.UNK.SSU.1046,clusS200,grp1
srp_Yarr.lipo._CR382127,clusS200,srp
srp_Neur.cras._AL669999,clusS200,srp
tmRNA_Sacc.degr._CP000282_1-389,clusS200,tmRNA
5s_Halococcus-morrhuae-1,clusS200,5s
tmRNA_Rhod.balt._BX294141_1-380,clusS200,tmRNA
srp_Zygo.roux._BN000170,clusS200,srp
srp_Enta.hist._AF487684,clusS200,srp
tRNA_tdbR00000021-Saccharomyces_cerevisiae-4932-Cys-GCA,clusS200,tRNA
RNaseP_K.thermotolerans,clusS200,RNaseP
srp_Rick.typh._AE017197,clusS200,srp
tRNA_tdbR00000131-Triticum_aestivum-4565-Gly-GCC,clusS200,tRNA
srp_Cand.trop._GSP-294747,clusS200,srp
tRNA_tdbR00000392-Escherichia_coli-562-Ser-GGA,clusS200,tRNA
5s_Deinococcus-radiodurans-1,clusS200,5s
tmRNA_Verr.spin._TRW-240016_1-356,clusS200,tmRNA
tmRNA_Wigg.glos._BA000021_1-365,clusS200,tmRNA
tmRNA_envi.sequ._TRW-32045-3_1-350,clusS200,tmRNA
tRNA_tdbR00000520-Aedes_albopictus-7160-Ini-CAU,clusS200,tRNA
RNaseP_H.chlorum,clusS200,RNaseP
tmRNA_Heli.hepa._AE017125_1-369,clusS200,tmRNA
5s_Chlorella-sp.-1,clusS200,5s
tRNA_tdbR00000595-Escherichia_coli-562-Leu-BAA,clusS200,tRNA
tmRNA_Pseu.atla._CP000388_1-357,clusS200,tmRNA
grp1_a.I1.c.G.prostrata.C3.tLEU,clusS200,grp1
5s_Meloidogyne-arenaria-2,clusS200,5s
RNaseP_S.aureus,clusS200,RNaseP
5s_Pyrenophora-graminea-1,clusS200,5s
tRNA_tdbR00000175-Haloferax_volcanii-2246-Lys-NUU,clusS200,tRNA
tmRNA_Magn.spec._CP000471_1-366,clusS200,tmRNA
tmRNA_Aste.yell._CP000061_1-426,clusS200,tmRNA
srp_Halo.halo._X01698,clusS200,srp
RNaseP_Rr368,clusS200,RNaseP
grp1_a.I1.e.T.pigmentosa.C1.LSU.1925,clusS200,grp1
5s_Legionella-longbeachae-1,clusS200,5s
grp1_a.I1.e.C.merochlorophea.UNK.SSU.1210,clusS200,grp1
tRNA_tdbR00000550-Neurospora_crassa-5141-Tyr-GUA,clusS200,tRNA
srp_Pers.amer._X65992,clusS200,srp
tRNA_tdbR00000025-Thermus_thermophilus-274-Asp-GUC,clusS200,tRNA
tmRNA_Myco.pneu._AE000035_1-384,clusS200,tmRNA
RNaseP_S.solfataricus-P2,clusS200,RNaseP
RNaseP_M.sedula,clusS200,RNaseP
grp1_a.I1.e.M.caldariorum.C1.SSU.1506,clusS200,grp1
tRNA_tdbR00000049-Chlamydomonas_reinhardtii-3055-Glu-NUC,clusS200,tRNA
telomerase_AF221928.95-476,clusS200,telomerase
srp_Azoa.spec._CR555306,clusS200,srp
5s_Erythromicrobium-ezovicum-1,clusS200,5s
16s_F.ananassa_domain3,clusS200,16s
RNaseP_R.americana-mito,clusS200,RNaseP
srp_Phyt.infe._CV911012,clusS200,srp
tmRNA_Desu.acet._TRW-281689_1-353,clusS200,tmRNA
RNaseP_P.furiosus,clusS200,RNaseP
srp_Aqui.aeol._AE000759,clusS200,srp
srp_Dict.disc._AJ699381,clusS200,srp
tRNA_tdbR00000184-Asterias_amurensis-7602-Lys-CUU,clusS200,tRNA
srp_Coxi.burn._CP000733,clusS200,srp
srp_Citr.sine._CN181543,clusS200,srp
srp_Bdel.bact._BX842656,clusS200,srp
telomerase_AF221911.104-513,clusS200,telomerase
RNaseP_S.fibuligera,clusS200,RNaseP
tmRNA_Aero.hydr._AY442269_1-360,clusS200,tmRNA
tmRNA_Rals.sola._AL646052_1-360,clusS200,tmRNA
tmRNA_Soli.usit._CP000473_1-352,clusS200,tmRNA
RNaseP_H.morrhuae,clusS200,RNaseP
srp_Proc.mari._CP000111,clusS200,srp
srp_Grac.tenu._AY673996,clusS200,srp
tmRNA_Bact.mari._TRW-97084_1-385,clusS200,tmRNA
srp_Para.bras._CN238860,clusS200,srp
srp_Shew.balt._CP000753,clusS200,srp
srp_Psyc.arct._CP000082,clusS200,srp
tRNA_tdbR00000247-Bos_taurus-9913-Leu-UAG,clusS200,tRNA
16s_A.pyrophilus_domain2,clusS200,16s
srp_Bart.quin._BX897700,clusS200,srp
srp_Prop.acne._AE017283,clusS200,srp
5s_Pyrococcus-abyssi-1,clusS200,5s
tRNA_tdbR00000363-Ascaris_suum-6253-Arg-PCU,clusS200,tRNA
5s_Gloiopeltis-complanata-1,clusS200,5s
tRNA_tdbR00000418-Nicotiana_rustica-4093-Ser-IGA,clusS200,tRNA
tmRNA_Ther.ther._TRW-300852_1-349,clusS200,tmRNA
RNaseP_R.palustris,clusS200,RNaseP
tRNA_tdbR00000406-Saccharomyces_cerevisiae-4932-Ser-NGA,clusS200,tRNA
tmRNA_envi.sequ._TRW-32045-1_1-355,clusS200,tmRNA
srp_Hypo.jeco._GSP-334564-2,clusS200,srp
srp_Lact.delb._CP000412,clusS200,srp
srp_Shig.flex._AE005674,clusS200,srp
5s_Lactobacillus-acidophilus-1,clusS200,5s
srp_Prun.arme._CB819242,clusS200,srp
5s_Prosthecochloris-aestuarii-1,clusS200,5s
tRNA_tdbR00000035-Saccharomyces_cerevisiae-4932-Asp-GUC,clusS200,tRNA
RNaseP_H.pylori-48K,clusS200,RNaseP
grp1_b.I1.e.M.anisopliae.3.C1.LSU.1921,clusS200,grp1
telomerase_AF221916.94-481,clusS200,telomerase
tRNA_tdbR00000174-Mus_musculus-10090-Ile-IAU,clusS200,tRNA
RNaseP_C.aurantiacus,clusS200,RNaseP
5s_Mycoplasma-capricolum-1,clusS200,5s
telomerase_AF221940.103-499,clusS200,telomerase
5s_Fusobacterium-mortiferum-1,clusS200,5s
RNaseP_C.opuntiae,clusS200,RNaseP
srp_Chla.abor._CR848038,clusS200,srp
16s_P.occultum_domain3,clusS200,16s
tmRNA_Thal.pseu._EF067921_1-344,clusS200,tmRNA
tmRNA_Dict.ther._TRW-14_1-350,clusS200,tmRNA
grp1_a.I1.b.Dermocarpa.sp.ATCC29371.C3.tMET,clusS200,grp1
tmRNA_uncu.bact._TRW-32045-4_1-369,clusS200,tmRNA
srp_Stre.pyog._AE009969,clusS200,srp
RNaseP_S.servazzii,clusS200,RNaseP
RNaseP_C.trachomatis,clusS200,RNaseP
tRNA_tdbR00000045-Escherichia_coli-562-Glu-SUC,clusS200,tRNA
tRNA_tdbR00000246-Bos_taurus-9913-Leu-NAA,clusS200,tRNA
16s_C.reinhardtii.mito_domain1,clusS200,16s
23s_B.subtilis_domain6,clusS200,23s
5s_Auricularia-auricula-judae-1,clusS200,5s
RNaseP_A.erythreum,clusS200,RNaseP
grp1_a.I1.e.P.inouyei.C1.SSU.943,clusS200,grp1
srp_Leis.dono._AY722733,clusS200,srp
RNaseP_C.jejuni,clusS200,RNaseP
tRNA_tdbR00000211-Haloferax_volcanii-2246-Leu-CAA,clusS200,tRNA
grp1_a.I1.e.P.sarcinoidea.C1.SSU.943,clusS200,grp1
tRNA_tdbR00000581-Aeropyrum_pernix-56636-Lys-CUU,clusS200,tRNA
tmRNA_Kine.radi._TRW-266940_1-366,clusS200,tmRNA
srp_Trit.aest._BE424647,clusS200,srp
tmRNA_Coxi.burn._AE016828_1-360,clusS200,tmRNA
5s_Thermotoga-maritima-1,clusS200,5s
16s_B.subtilis_domain2,clusS200,16s
5s_Aurelia_aurita-1,clusS200,5s
grp1_a.I1.e.D.parva.C1.SSU.1512,clusS200,grp1
tRNA_tdbR00000266-Bos_taurus-9913-Leu-AA,clusS200,tRNA
srp_Perk.mari._GSP-31276,clusS200,srp
5s_C_paradoxE,clusS200,5s
5s_Porphyra-umbilicalis-1,clusS200,5s
23s_S.aureus_domain6,clusS200,23s
5s_Buchnera-aphidicola-1,clusS200,5s
16s_P.staleyi_domain3,clusS200,16s
tRNA_tdbR00000517-Neurospora_crassa-5141-Ini-CAU,clusS200,tRNA
23s_T.thermophilus_domain4,clusS200,23s
tmRNA_Acid.caps._TRW-240015_1-352,clusS200,tmRNA
srp_Meth.acet._X17238,clusS200,srp
tmRNA_Heli.pylo._AE000511_1-386,clusS200,tmRNA
16s_H.sapiens.mito_domain1,clusS200,16s
srp_Baci.amyl._D13041,clusS200,srp
5s_Cryptococcus-bacillisporus-1,clusS200,5s
5s_Methanothermobacter-thermautotrophicus-7,clusS200,5s
srp_Caul.cres._U49738,clusS200,srp
5s_Saprospira-grandis-1,clusS200,5s
RNaseP_LGW18,clusS200,RNaseP
srp_Sulf.acid._CP000077,clusS200,srp
16s_B.burgdorferi_domain4,clusS200,16s
grp1_a.I1.e.P.macrosporus.C1.SSU.1506,clusS200,grp1
5s_Dehalococcoides-ethenogenes-1,clusS200,5s
5s_Caulobacter-sp.-2,clusS200,5s
srp_Borr.burg._AE000783,clusS200,srp
16s_C.reinhardtii.chloro_domain2,clusS200,16s
5s_Onchocerca-cervicalis-1,clusS200,5s
grp1_a.I1.e.L.dispersa.UNK.SSU.1210,clusS200,grp1
16s_T.maritima_domain4,clusS200,16s
grp1_a.I1.e.C.saccatum.C1.SSU.1512,clusS200,grp1
srp_Lodd.elon._GSP-379508,clusS200,srp
tmRNA_Ente.faec._TRW-1352_1-367,clusS200,tmRNA
grp1_a.I1.e.S.paniceum.UNK.SSU.1506,clusS200,grp1
tRNA_tdbR00000386-Mycoplasma_mycoides-2102-Ser-UGA,clusS200,tRNA
RNaseP_B.brevis,clusS200,RNaseP
tRNA_tdbR00000463-Bos_taurus-9913-Val-UAC,clusS200,tRNA
srp_Sorg.bico._BE594178,clusS200,srp
grp1_a.I1.e.L.dispersa.UNK.SSU.789,clusS200,grp1
tRNA_tdbR00000493-Bos_taurus-9913-Trp-NCA,clusS200,tRNA
5s_Paracoccus-denitrificans-1,clusS200,5s
5s_Rickettsia-conorii-1,clusS200,5s
RNaseP_ESH26-4,clusS200,RNaseP
grp1_a.I1.e.A.capsulatus.CBS213.53.C1.SSU.943,clusS200,grp1
5s_Alcaligenes-faecalis-1,clusS200,5s
RNaseP_PS24,clusS200,RNaseP
5s_Andrias-japonicus-2,clusS200,5s
tmRNA_Bact.frag._CR626927_1-398,clusS200,tmRNA
5s_Methanococcus-maripaludis-1,clusS200,5s
5s_Sphingomonas-ursincola-1,clusS200,5s
RNaseP_SM-A3153,clusS200,RNaseP
RNaseP_SM-A3761,clusS200,RNaseP
tRNA_tdbR00000383-Haloferax_volcanii-2246-Ser-GGA,clusS200,tRNA
tmRNA_Myco.capr._D13067_1-411,clusS200,tmRNA
RNaseP_C.crescentus,clusS200,RNaseP
tRNA_tdbR00000574-Leishmania_tarentolae-5689-Trp-CCA,clusS200,tRNA
tmRNA_Cory.effi._BA000035_1-376,clusS200,tmRNA
RNaseP_S.octosporus,clusS200,RNaseP
srp_Cocc.immi._GSP-396776,clusS200,srp
tmRNA_Myco.pulm._AL445565_1-387,clusS200,tmRNA
5s_Micrococcus-luteus-1,clusS200,5s
RNaseP_Pseudoanabaena-PCC6903,clusS200,RNaseP
tmRNA_Rumi.albu._TRW-246199_1-354,clusS200,tmRNA
tmRNA_Acid.ferr._TRW-920_1-341,clusS200,tmRNA
5s_Filobasidiella-depauperata-1,clusS200,5s
5s_Coxiella-burnetii-1,clusS200,5s
RNaseP_H.volcanii,clusS200,RNaseP
tRNA_tdbR00000307-Moloney_murine_leukemia_virus-11801-Pro-IGG,clusS200,tRNA
tmRNA_Paen.larv._TRW-1464_1-367,clusS200,tmRNA
tmRNA_Porp.purp._TRW-2787_1-323,clusS200,tmRNA
RNaseP_A.pernix,clusS200,RNaseP
tmRNA_Guil.thet._AF041468_1-327,clusS200,tmRNA
tRNA_tdbR00000580-Aeropyrum_pernix-56636-Lys-UUU,clusS200,tRNA
16s_C.elegans_domain2,clusS200,16s
RNaseP_CPB144,clusS200,RNaseP
tmRNA_Carn.malt._AF275938_1-366,clusS200,tmRNA
RNaseP_S.shibatae,clusS200,RNaseP
16s_E.coli_domain3,clusS200,16s
tmRNA_Nitr.euro._BX321865_1-360,clusS200,tmRNA
5s_Bacteroides-capillosus-1,clusS200,5s
grp1_a.I1.e.Staurastrum.sp.M753.C1.SSU.1506,clusS200,grp1
tRNA_tdbR00000191-Mesocricetus_auratus-10036-Lys-NUU,clusS200,tRNA
5s_Chlamydia-trachomatis-1,clusS200,5s
tRNA_tdbR00000078-Ascaris_suum-6253-Phe-GAA,clusS200,tRNA
tmRNA_Ente.saka._TRW-28141_1-364,clusS200,tmRNA
srp_Sacc.cere._U18916,clusS200,srp
tRNA_tdbR00000142-Saccharomyces_cerevisiae-4932-His-GUG,clusS200,tRNA
telomerase_AF221913.109-520,clusS200,telomerase
srp_Tetr.rost._SDB-5909,clusS200,srp
tmRNA_Fran.tula._AJ749949_1-421,clusS200,tmRNA
srp_Babe.bige._GSP-5866,clusS200,srp
tRNA_tdbR00000462-Rattus_norvegicus-10116-Val-UAC,clusS200,tRNA
RNaseP_A.eutrophus,clusS200,RNaseP
5s_Caenorhabditis-elegans-3,clusS200,5s
RNaseP_S.bayanus,clusS200,RNaseP
srp_Myco.tube._AE000516,clusS200,srp
5s_Porphyromonas-gingivalis-1,clusS200,5s
5s_Acinetospora-crinita-1,clusS200,5s
RNaseP_P.staleyi,clusS200,RNaseP
srp_Synt.fuma._CP000478,clusS200,srp
srp_Anto.locu._GSP-278021,clusS200,srp
5s_Ehrlichia-chaffeensis-1,clusS200,5s
grp1_a.I1.e.L.dispersa.UNK.SSU.1516,clusS200,grp1
5s_Erythromicrobium-ramosum-1,clusS200,5s
tRNA_tdbR00000243-Rattus_norvegicus-10116-Leu-UAG,clusS200,tRNA
tmRNA_Stap.epid._AF375586_1-311,clusS200,tmRNA
RNaseP_S.unisporus,clusS200,RNaseP
RNaseP_U.urealyticum,clusS200,RNaseP
RNaseP_Nostoc-PCC6705,clusS200,RNaseP
tmRNA_Arth.spec._CP000454_1-369,clusS200,tmRNA
tmRNA_Cyan.para._TRW-2762_1-294,clusS200,tmRNA
5s_Paenibacillus-popilliae-1,clusS200,5s
tmRNA_Lact.lact._AE006373_1-359,clusS200,tmRNA
RNaseP_B.bronchiseptica,clusS200,RNaseP
16s_C.elegans_domain4,clusS200,16s
RNaseP_LGB27,clusS200,RNaseP
RNaseP_M.tuberculosis-g,clusS200,RNaseP
srp_Plas.berg._GSP-5823,clusS200,srp
tRNA_tdbR00000400-Loligo_bleekeri-6617-Ser-7CU,clusS200,tRNA
tmRNA_Clos.acet._AE001437_1-359,clusS200,tmRNA
RNaseP_SMB-B3,clusS200,RNaseP
tRNA_tdbR00000009-Escherichia_coli-562-Ala-VGC,clusS200,tRNA
srp_Caul.cres._AE005700,clusS200,srp
srp_Homo.sapi._BF909425,clusS200,srp
tRNA_tdbR00000052-Aedes_albopictus-7160-Glu-NUC,clusS200,tRNA
tmRNA_Lact.gass._CP000413_1-366,clusS200,tmRNA
16s_H.sapiens_domain3,clusS200,16s
16s_Z.mays_domain4,clusS200,16s
RNaseP_C.pecorum-IPA,clusS200,RNaseP
grp1_a.I1.e.S.paniceum.UNK.SSU.1052,clusS200,grp1
srp_Bloc.flor._BX248585,clusS200,srp
tRNA_tdbR00000019-Mycoplasma_capricolum-2095-Cys-GCA,clusS200,tRNA
tRNA_tdbR00000110-Methanobacterium_thermaggregans-83982-Gly-GCC,clusS200,tRNA
RNaseP_PS8,clusS200,RNaseP
srp_Chlo.vulg._AB001684,clusS200,srp
srp_Heli.acin._AM260522,clusS200,srp
5s_Cryptosporidium-parvum-1,clusS200,5s
5s_Roseococcus-thiosulfatophilus-1,clusS200,5s
RNaseP_Buchnera-APS,clusS200,RNaseP
5s_Candidatus-Tremblaya-princeps-6,clusS200,5s
RNaseP_ESH46a-1,clusS200,RNaseP
tRNA_tdbR00000414-Lupinus_luteus-3873-Ser-CGA,clusS200,tRNA
RNaseP_L.ferrooxidans-CF,clusS200,RNaseP
srp_Camp.jeju._CP000025,clusS200,srp
tRNA_tdbR00000395-Saccharomyces_cerevisiae-4932-Ser-GCU,clusS200,tRNA
tRNA_tdbR00000409-Candida_cylindracea-44322-Ser-CAG,clusS200,tRNA
tRNA_tdbR00000518-Saccharomyces_cerevisiae-4932-Ini-CAU,clusS200,tRNA
RNaseP_H.influenza,clusS200,RNaseP
16s_B.subtilis_domain4,clusS200,16s
tmRNA_Pseu.aeru._AE004091_1-353,clusS200,tmRNA
16s_P.staleyi_domain2,clusS200,16s
5s_Gracilaria-compressa-1,clusS200,5s
tmRNA_Syne.elon._TRW-32046_1-394,clusS200,tmRNA
tRNA_tdbR00000379-Enterobacteria_phage_T4-10665-Ser-NGA,clusS200,tRNA
tRNA_tdbR00000124-Aedes_albopictus-7160-Gly-UCC,clusS200,tRNA
tRNA_tdbR00000209-Enterobacteria_phage_T4-10665-Leu-NAA,clusS200,tRNA
5s_Haloarcula-marismortui-1,clusS200,5s
5s_Ulva-pertusa-1,clusS200,5s
RNaseP_ESH7-4,clusS200,RNaseP
5s_Halorubrum-saccharovorum-1,clusS200,5s
RNaseP_V.cholera,clusS200,RNaseP
tmRNA_Cyto.hutc._CP000383_1-404,clusS200,tmRNA
5s_Crithidia-fasciculata-1,clusS200,5s
tRNA_tdbR00000619-Toxoplasma_gondii-5811-Met-CAU,clusS200,tRNA
5s_Erythromicrobium-hydrolyticum-1,clusS200,5s
srp_Cryp.homi._GSP-353151,clusS200,srp
srp_Vibr.para._BA000031,clusS200,srp
tmRNA_Cald.sacc._TRW-351627_1-368,clusS200,tmRNA
16s_B.subtilis_domain3,clusS200,16s
16s_C.reinhardtii.mito_domain3,clusS200,16s
23s_T.thermophilus_domain6,clusS200,23s
telomerase_AF221926.103-507,clusS200,telomerase
5s_Pedobacter-heparinus-1,clusS200,5s
grp1_a.I1.e.S.granulatum.C1.SSU.1506,clusS200,grp1
RNaseP_Calothrix-PCC7601,clusS200,RNaseP
RNaseP_R.rubrum,clusS200,RNaseP
tmRNA_Pola.spec._CP000316_1-387,clusS200,tmRNA
RNaseP_H.trapanicum,clusS200,RNaseP
RNaseP_PS2,clusS200,RNaseP
srp_Unci.rees._GSP-336963,clusS200,srp
5s_Mycoplasma-mobile-1,clusS200,5s
telomerase_AY312571.605-1069,clusS200,telomerase
srp_Chla.trac._CP000051,clusS200,srp
RNaseP_M.capricolum,clusS200,RNaseP
tmRNA_Gemm.obsc._TRW-214688_1-412,clusS200,tmRNA
tmRNA_Meth.flag._CP000284_1-361,clusS200,tmRNA
tmRNA_Neph.oliv._AF137379-1_1-327,clusS200,tmRNA
tmRNA_Chro.viol._AE016825_1-365,clusS200,tmRNA
5s_Cryptobranchus-alleganiensis-1,clusS200,5s
tRNA_tdbR00000224-Rhodospirillum_rubrum-1085-Leu-CAA,clusS200,tRNA
tRNA_tdbR00000461-Rattus_norvegicus-10116-Val-UAC,clusS200,tRNA
srp_Gloe.viol._BA000045,clusS200,srp
23s_H.pylori_domain3,clusS200,23s
5s_Ureaplasma-parvum-1,clusS200,5s
RNaseP_N.flavus,clusS200,RNaseP
grp1_a.I1.e.L.dispersa.UNK.SSU.1046,clusS200,grp1
grp1_a.I1.e.S.paniceum.UNK.SSU.287,clusS200,grp1
RNaseP_N.gregoryi,clusS200,RNaseP
RNaseP_T.acidophilum,clusS200,RNaseP
tmRNA_envi.sequ._TRW-351057-3_1-355,clusS200,tmRNA
tRNA_tdbR00000345-Homo_sapiens-9606-Gln-NUG,clusS200,tRNA
tmRNA_Bifi.long._TRW-205913_1-397,clusS200,tmRNA
srp_Tric.vagi._GSP-5722-1,clusS200,srp
RNaseP_L.japonicus-IFO12422,clusS200,RNaseP
srp_Desu.vulg._AE017285,clusS200,srp
grp1_a.I1.b.Phormidium.sp.N182.C3.tLEU,clusS200,grp1
telomerase_AF221918.97-547,clusS200,telomerase
tmRNA_Mora.cata._AX067460_1-359,clusS200,tmRNA
srp_List.mono._AE017262,clusS200,srp
tRNA_tdbR00000127-Halocynthia_roretzi-7729-Gly-UCU,clusS200,tRNA
5s_Ancylobacter-aquaticus-1,clusS200,5s
23s_S.aureus_domain3,clusS200,23s
5s_Wolbachia-endosymbiont-of-B.-malayi-1,clusS200,5s
5s_Arabidopsis-thaliana-1,clusS200,5s
5s_Halorubrum-distributum-1,clusS200,5s
tmRNA_Bloc.penn._CP000016_1-392,clusS200,tmRNA
tmRNA_Leif.xyli._AE016822_1-394,clusS200,tmRNA
tmRNA_Fuso.nucl._AE009951_1-344,clusS200,tmRNA
tRNA_tdbR00000138-Haloferax_volcanii-2246-His-GUG,clusS200,tRNA
RNaseP_SM-A5179,clusS200,RNaseP
grp1_a.I1.e.P.carinii.Pc1.C1.LSU.1921,clusS200,grp1
srp_Pyro.furi._AE010126,clusS200,srp
tRNA_tdbR00000109-Haloferax_volcanii-2246-Gly-NCC,clusS200,tRNA
tmRNA_Deha.ethe._CP000027_1-352,clusS200,tmRNA
tRNA_tdbR00000036-Euglena_gracilis-3039-Asp-GUC,clusS200,tRNA
tmRNA_Ther.elon._BA000039_1-386,clusS200,tmRNA
5s_Treponema-denticola-1,clusS200,5s
srp_Clav.lusi._GSP-306902,clusS200,srp
tRNA_tdbR00000170-Saccharomyces_cerevisiae-4932-Ile-IAU,clusS200,tRNA
tRNA_tdbR00000398-Ascaris_suum-6253-Ser-UCU,clusS200,tRNA
5s_Corynebacterium-efficiens-1,clusS200,5s
grp1_a.I1.e.S.paniceum.UNK.SSU.114,clusS200,grp1
5s_Oryza-sativa-2,clusS200,5s
16s_C.psittaci_domain2,clusS200,16s
tmRNA_Phot.prof._CR378665_1-368,clusS200,tmRNA
tRNA_tdbR00000037-Rattus_norvegicus-10116-Asp-GUC,clusS200,tRNA
srp_Pseu.aeru._X12644,clusS200,srp
16s_Z.mays_domain3,clusS200,16s
RNaseP_M.maripaludus,clusS200,RNaseP
tmRNA_Heli.must._DQ250625_1-366,clusS200,tmRNA
srp_Bras.napu._EE409827,clusS200,srp
5s_Mycoplasma-gallisepticum-3,clusS200,5s
RNaseP_M.barkeri,clusS200,RNaseP
tRNA_tdbR00000023-Haloferax_volcanii-2246-Asp-GUC,clusS200,tRNA
tRNA_tdbR00000245-Rattus_norvegicus-10116-Leu-UAG,clusS200,tRNA
16s_H.sapiens_domain4,clusS200,16s
srp_Thei.annu._NW_001091934,clusS200,srp
tmRNA_Camp.fetu._AY211269_1-361,clusS200,tmRNA
tmRNA_Chlo.chlo._CP000108_1-401,clusS200,tmRNA
tmRNA_Urea.parv._AE002154_1-413,clusS200,tmRNA
5s_Bacillus-amyloliquefaciens-1,clusS200,5s
5s_Vibrio-nereis-1,clusS200,5s
5s_Chlamydomonas-reinhardtii-2,clusS200,5s
RNaseP_SM-A3254,clusS200,RNaseP
srp_Myco.spec._CP000580,clusS200,srp
srp_Fran.spec._CP000249,clusS200,srp
16s_G.intestinalis_domain3,clusS200,16s
RNaseP_C.paradoxa-cyanelle,clusS200,RNaseP
srp_Gibb.moni._GSP-334819,clusS200,srp
telomerase_AF221929.92-517,clusS200,telomerase
RNaseP_K.polysporus,clusS200,RNaseP
16s_G.intestinalis_domain1,clusS200,16s
tRNA_tdbR00000244-Rattus_norvegicus-10116-Leu-UAG,clusS200,tRNA
tRNA_tdbR00000001-Halobacterium_salinarum-2242-Ala-CGC,clusS200,tRNA
16s_P.occultum_domain4,clusS200,16s
srp_Idio.loih._AE017340,clusS200,srp
srp_Cand.glab._CR380957,clusS200,srp
grp1_a.I1.e.P.inouyei.C1.SSU.1506,clusS200,grp1
16s_M.polymorpha_domain3,clusS200,16s
tRNA_tdbR00000366-Rattus_norvegicus-10116-Arg-UCG,clusS200,tRNA
RNaseP_A.laidlawii,clusS200,RNaseP
srp_Medi.trun._AC146941,clusS200,srp
tRNA_tdbR00000556-Schizosaccharomyces_pombe-4896-Tyr-GPA,clusS200,tRNA
tmRNA_Fibr.succ._TRW-59374_1-361,clusS200,tmRNA
RNaseP_P.canadensis,clusS200,RNaseP
RNaseP_Rr327,clusS200,RNaseP
srp_Cand.albi._GSP-237561,clusS200,srp
tRNA_tdbR00000380-Halobacterium_salinarum-2242-Ser-MGA,clusS200,tRNA
tRNA_tdbR00000215-Haloferax_volcanii-2246-Leu-5AG,clusS200,tRNA
tmRNA_Baci.subt._TRW-1423_1-363,clusS200,tmRNA
tRNA_tdbR00000335-Nicotiana_rustica-4093-Gln-NUG,clusS200,tRNA
tRNA_tdbR00000203-Loligo_bleekeri-6617-Lys-NUU,clusS200,tRNA
tRNA_tdbR00000221-Escherichia_coli-562-Leu-CAG,clusS200,tRNA
tmRNA_uncu.bact._TRW-383630-1_1-364,clusS200,tmRNA
tRNA_tdbR00000364-Ascaris_suum-6253-Arg-ACG,clusS200,tRNA
5s_Legionella-dumoffii-1,clusS200,5s
srp_Dein.radi._AE000513,clusS200,srp
tmRNA_Tric.eryt._CP000393_1-398,clusS200,tmRNA
grp1_a.I1.c.A.cherimola.C3.tLEU,clusS200,grp1
tmRNA_Dich.nodo._TRW-35819_1-352,clusS200,tmRNA
tRNA_tdbR00000167-Aedes_albopictus-7160-Ile-GAU,clusS200,tRNA
tmRNA_Syne.spec._TRW-32049_1-396,clusS200,tmRNA
tmRNA_Desu.desu._CP000112_1-360,clusS200,tmRNA
RNaseP_SM-A5584,clusS200,RNaseP
RNaseP_ESH212C,clusS200,RNaseP
RNaseP_Prochlorococcus-TATL2,clusS200,RNaseP
23s_H.pylori_domain6,clusS200,23s
5s_Euplotes-eurystomus-1,clusS200,5s
tRNA_tdbR00000169-Homo_sapiens-9606-Ile-GAU,clusS200,tRNA
tRNA_tdbR00000423-Rattus_norvegicus-10116-Ser-IGA,clusS200,tRNA
5s_Methanosarcina-vacuolata-1,clusS200,5s
tmRNA_Lept.spec._TRW-261385_1-359,clusS200,tmRNA
RNaseP_T.syrichta,clusS200,RNaseP
srp_Medi.trun._AC136507-1,clusS200,srp
tmRNA_Geob.meta._CP000148_1-356,clusS200,tmRNA
tmRNA_Syne.spec._D90916_1-396,clusS200,tmRNA
16s_H.volcanii_domain1,clusS200,16s
RNaseP_E.thermomarinus,clusS200,RNaseP
tRNA_tdbR00000114-Staphylococcus_epidermidis-1282-Gly-UCC,clusS200,tRNA
5s_Clostridium-acetobutylicum-1,clusS200,5s
srp_Buch.aphi._AE013218,clusS200,srp
5s_Euglena-gracilis-2,clusS200,5s
tmRNA_Acid.ferr._TRW-133824_1-364,clusS200,tmRNA
tRNA_tdbR00000573-Leishmania_tarentolae-5689-Gln-3UG,clusS200,tRNA
RNaseP_C.psittaci-2,clusS200,RNaseP
srp_Sacc.cere._U18917,clusS200,srp
srp_Hype.buty._CP000493,clusS200,srp
5s_Wolbachia-pipientis-1,clusS200,5s
tRNA_tdbR00000332-Escherichia_coli-562-Gln-CUG,clusS200,tRNA
tmRNA_Xant.axon._AE011783_1-397,clusS200,tmRNA
srp_Plas.berg._DC223490,clusS200,srp
tRNA_tdbR00000128-Halocynthia_roretzi-7729-Gly-GCU,clusS200,tRNA
RNaseP_F.yabuuchiae,clusS200,RNaseP
tRNA_tdbR00000347-Enterobacteria_phage_T4-10665-Arg-NCU,clusS200,tRNA
tmRNA_Myxo.xant._TRW-34_1-366,clusS200,tmRNA
srp_Meth.ferv._S49762,clusS200,srp
telomerase_AY058901.1-397,clusS200,telomerase
RNaseP_ESH30-3,clusS200,RNaseP
5s_Legionella-pneumophila-1,clusS200,5s
srp_Ther.mari._AE000512,clusS200,srp
tmRNA_Lact.brev._CP000416_1-372,clusS200,tmRNA
5s_Cyanidium-caldarium-1,clusS200,5s
srp_Noca.farc._AP006618,clusS200,srp
tRNA_tdbR00000069-Synechococcus_sp._PCC_7002-32049-Phe-GAA,clusS200,tRNA
srp_Cory.glut._AP009044,clusS200,srp
tmRNA_envi.sequ._TRW-300695-2_1-345,clusS200,tmRNA
tmRNA_envi.sequ._TRW-363179_1-348,clusS200,tmRNA
tmRNA_Moor.ther._CP000232_1-358,clusS200,tmRNA
RNaseP_LGB5,clusS200,RNaseP
tRNA_tdbR00000177-Mycoplasma_capricolum-2095-Lys-CUU,clusS200,tRNA
5s_Mycoplasma-genitalium-1,clusS200,5s
5s_Micrococcus-luteus-4,clusS200,5s
RNaseP_Prochlorococcus-NATL1,clusS200,RNaseP
5s_Ascobolus-immersus-1,clusS200,5s
srp_Burk.mall._CP000010,clusS200,srp
16s_E.coli_domain2,clusS200,16s
16s_Z.mays_domain1,clusS200,16s
tRNA_tdbR00000590-Ascaris_suum-6253-Glu-UC,clusS200,tRNA
grp1_b.I1.e.M.anisopliae.2.C1.LSU.1921,clusS200,grp1
tRNA_tdbR00000262-Rattus_norvegicus-10116-Leu-AA,clusS200,tRNA
srp_Zea.mays._CF602412,clusS200,srp
tmRNA_Bloc.flor._BX248583_1-393,clusS200,tmRNA
tmRNA_Lact.sake._AF400065_1-370,clusS200,tmRNA
tRNA_tdbR00000576-Leishmania_tarentolae-5689-Asp-GUC,clusS200,tRNA
tmRNA_Sulf.azor._TRW-204536_1-351,clusS200,tmRNA
5s_Bacillus-cereus-10,clusS200,5s
srp_Oryz.sati._AP003253,clusS200,srp
srp_Schi.pomb._AU010514,clusS200,srp
tmRNA_Trep.dent._AE017226_1-351,clusS200,tmRNA
RNaseP_S.carlsbergensis,clusS200,RNaseP
grp1_a.I1.e.S.sclerotiorum_1837.C1.LSU.798,clusS200,grp1
5s_Nitella-flexilis-1,clusS200,5s
srp_Haem.somn._CP000436,clusS200,srp
RNaseP_A.telluris,clusS200,RNaseP
5s_Asterias-vulgaris-1,clusS200,5s
RNaseP_S.dairensis,clusS200,RNaseP
srp_Pyro.isla._CP000504,clusS200,srp
tmRNA_Myco.hyop._TRW-262719_1-433,clusS200,tmRNA
5s_Chlorella-pyrenoidosa-1,clusS200,5s
srp_Alka.meta._CP000724,clusS200,srp
5s_Fusobacterium-nucleatum-3,clusS200,5s
5s_Gemm_obscuB,clusS200,5s
RNaseP_SM-A06,clusS200,RNaseP
16s_C.reinhardtii.mito_domain2,clusS200,16s
srp_Scle.scle._GSP-325569,clusS200,srp
16s_C.reinhardtii.chloro_domain1,clusS200,16s
srp_Myco.geni._L43967,clusS200,srp
tmRNA_envi.sequ._TRW-356-1_1-289,clusS200,tmRNA
tmRNA_Nitr.ocea._CP000127_1-361,clusS200,tmRNA
tRNA_tdbR00000382-Haloferax_volcanii-2246-Ser-MGA,clusS200,tRNA
5s_Lingula-anatina-2,clusS200,5s
5s_Fusarium-asiaticum-3,clusS200,5s
5s_Toxoplasma-gondii-1,clusS200,5s
tRNA_tdbR00000492-Rattus_norvegicus-10116-Trp-NCA,clusS200,tRNA
5s_Halorubrum-distributum-4,clusS200,5s
16s_A.fulgidus_domain2,clusS200,16s
RNaseP_CPB149,clusS200,RNaseP
srp_Lept.coll._AF006750,clusS200,srp
5s_Halobacterium-sp.-2,clusS200,5s
srp_Myco.hyop._AE017243,clusS200,srp
srp_Humu.lupu._AJ236703,clusS200,srp
srp_Myco.capr._CP000123,clusS200,srp
5s_Meloidogyne-artiellia-1,clusS200,5s
RNaseP_Mxa1,clusS200,RNaseP
RNaseP_P.hollandica,clusS200,RNaseP
tmRNA_Buch.aphi._AE016826_1-367,clusS200,tmRNA
16s_H.volcanii_domain2,clusS200,16s
tRNA_tdbR00000168-Bos_taurus-9913-Ile-GAU,clusS200,tRNA
23s_E.coli_domain3,clusS200,23s
RNaseP_vHge3-5,clusS200,RNaseP
tmRNA_Clos.diff._AM180355_1-350,clusS200,tmRNA
tmRNA_Sali.rube._CP000159_1-369,clusS200,tmRNA
srp_Ferr.acid._GSP-333146,clusS200,srp
srp_Baci.anth._AE017334,clusS200,srp
srp_Lyco.escu._Z46744,clusS200,srp
tmRNA_Dein.radi._AE001939_1-346,clusS200,tmRNA
tmRNA_Prop.acne._TRW-1747-2_1-353,clusS200,tmRNA
5s_Halorubrum-distributum-3,clusS200,5s
tmRNA_Clos.perf._CP000312_1-361,clusS200,tmRNA
srp_Onch.volv._AI249203,clusS200,srp
tRNA_tdbR00000389-Bacillus_subtilis-1423-Ser-GGA,clusS200,tRNA
RNaseP_H.cutirubrum,clusS200,RNaseP
tmRNA_Myco.aviu._AE016958_1-368,clusS200,tmRNA
srp_Para.bras._GSP-121759,clusS200,srp
RNaseP_L.borgpetersenii,clusS200,RNaseP
tRNA_tdbR00000460-Aedes_albopictus-7160-Val-UAC,clusS200,tRNA
tmRNA_Chlo.aura._AY040836_1-361,clusS200,tmRNA
tmRNA_Prop.acne._AE017283_1-371,clusS200,tmRNA
RNaseP_CPA61,clusS200,RNaseP
RNaseP_P.marinus,clusS200,RNaseP
tRNA_tdbR00000489-Neurospora_crassa-5141-Trp-NCA,clusS200,tRNA
tmRNA_Ther.fusc._CP000088_1-372,clusS200,tmRNA
grp1_a.I1.e.P.clavariiformis.C1.SSU.943,clusS200,grp1
tRNA_tdbR00000577-Leishmania_tarentolae-5689-Glu-CUC,clusS200,tRNA
RNaseP_LGB21,clusS200,RNaseP
tmRNA_Croc.wats._TRW-165597_1-386,clusS200,tmRNA
telomerase_AF221908.136-584,clusS200,telomerase
16s_C.reinhardtii.chloro_domain3,clusS200,16s
tmRNA_Camp.coli._AL111168_1-359,clusS200,tmRNA
tRNA_tdbR00000583-Aeropyrum_pernix-56636-Cys-GCA,clusS200,tRNA
tmRNA_Emil.huxl._AY741371_1-291,clusS200,tmRNA
16s_C.psittaci_domain4,clusS200,16s
RNaseP_P.douglassii,clusS200,RNaseP
srp_Wolb.endo._AE017321,clusS200,srp
grp1_a.I1.e.G.planctonica.C1.SSU.943,clusS200,grp1
5s_Desulfurococcus-mobilis-1,clusS200,5s
5s_Candidatus-Tremblaya-princeps-1,clusS200,5s
5s_Thiobacillus-thioparus-1,clusS200,5s
5s_Agrobacterium-tumefaciens-1,clusS200,5s
5s_Lentinula-edodes-2,clusS200,5s
srp_Gynu.aura._SDB-109565,clusS200,srp
5s_Halorubrum-distributum-7,clusS200,5s
RNaseP_C.diphtheriae,clusS200,RNaseP
tRNA_tdbR00000129-Saccharomyces_cerevisiae-4932-Gly-GCC,clusS200,tRNA
tRNA_tdbR00000270-Avian_myeloblastosis_virus-11866-Met-BAU,clusS200,tRNA
5s_Pseudomonas-stutzeri-2,clusS200,5s
5s_Streptococcus-agalactiae-1,clusS200,5s
16s_C.psittaci_domain3,clusS200,16s
RNaseP_M.fermentans,clusS200,RNaseP
srp_Trit.aest._X13915,clusS200,srp
5s_Paracentrotus-lividus-2,clusS200,5s
23s_T.thermophilus_domain3,clusS200,23s
5s_Halobacterium-salinarum-2,clusS200,5s
srp_Phyt.ramo._GSP-164328,clusS200,srp
srp_Giar.lamb._GSP-184922,clusS200,srp
RNaseP_C.tepidum,clusS200,RNaseP
RNaseP_T.delbrueckii,clusS200,RNaseP
srp_Chla.pneu._AE001624,clusS200,srp
RNaseP_N.plantarum,clusS200,RNaseP
RNaseP_EM14b-11,clusS200,RNaseP
srp_Enta.hist._BK005670,clusS200,srp
srp_Fuso.nucl._AE009951,clusS200,srp
tRNA_tdbR00000229-Glycine_max-3847-Leu-JAA,clusS200,tRNA
srp_Oryz.sati._AC079888,clusS200,srp
srp_Stre.pyog._AE006489,clusS200,srp
RNaseP_M.thermoautotrophicumDH-2,clusS200,RNaseP
tRNA_tdbR00000031-Rattus_norvegicus-10116-Asp-QUC,clusS200,tRNA
5s_Kutzneria-albida-1,clusS200,5s
tmRNA_envi.sequ._TRW-2-2_1-356,clusS200,tmRNA
telomerase_AF147806.247-692,clusS200,telomerase
srp_Trep.dent._AE017226,clusS200,srp
telomerase_AF221909.98-496,clusS200,telomerase
RNaseP_ESH183D,clusS200,RNaseP
srp_Phak.pach._GSP-170000-2,clusS200,srp
grp1_a.I1.e.P.carinii.Pc3.C1.LSU.1921,clusS200,grp1
tRNA_tdbR00000407-Saccharomyces_cerevisiae-4932-Ser-IGA,clusS200,tRNA
16s_C.reinhardtii.mito_domain4,clusS200,16s
16s_H.volcanii_domain3,clusS200,16s
srp_Lotu.corn._AP006123,clusS200,srp
tRNA_tdbR00000399-Aedes_albopictus-7160-Ser-GCU,clusS200,tRNA
tmRNA_Legi.pneu._CR628337_1-406,clusS200,tmRNA
RNaseP_M.flocculare,clusS200,RNaseP
tRNA_tdbR00000237-Saccharomyces_cerevisiae-4932-Leu-AA,clusS200,tRNA
RNaseP_CPA62,clusS200,RNaseP
srp_Agro.tume._AE007869,clusS200,srp
tmRNA_Meth.caps._AE017282_1-356,clusS200,tmRNA
tmRNA_Pseu.halo._CR954246_1-357,clusS200,tmRNA
5s_Leptospira-interrogans-2,clusS200,5s
grp1_a.I1.e.C.merochlorophea.UNK.SSU.1046,clusS200,grp1
5s_Drosophila-melanogaster-2,clusS200,5s
16s_T.maritima_domain2,clusS200,16s
grp1_b.I1.e.C.saccharophila.C1.SSU.156,clusS200,grp1
16s_F.ananassa_domain4,clusS200,16s
16s_M.polymorpha_domain2,clusS200,16s
tmRNA_Aqui.aeol._AE000749_1-344,clusS200,tmRNA
srp_Myco.lepr._AL023596,clusS200,srp
telomerase_AF221932.102-549,clusS200,telomerase
RNaseP_T.aquaticus,clusS200,RNaseP
srp_Kluy.lact._CR382126,clusS200,srp
tmRNA_Baci.G._TRW-12333_1-312,clusS200,tmRNA
16s_S.cerevisiae_domain4,clusS200,16s
tRNA_tdbR00000504-Mycoplasma_capricolum-2095-Ini-CAU,clusS200,tRNA
5s_Rhodobacter-capsulatus-3,clusS200,5s
RNaseP_LGA6,clusS200,RNaseP
tRNA_tdbR00000427-Gallus_gallus-9031-Ser-UGA,clusS200,tRNA
srp_Rhod.balt._BX294144,clusS200,srp
grp1_a.I1.e.A.adeninivorans.C1.LSU.2449,clusS200,grp1
16s_A.pyrophilus_domain4,clusS200,16s
srp_Aero.pern._BA000002,clusS200,srp
tmRNA_Leuc.mese._AF375574_1-307,clusS200,tmRNA
tRNA_tdbR00000391-Escherichia_coli-562-Ser-GCU,clusS200,tRNA
grp1_a.I1.e.U.maydis.C1.SSU.943,clusS200,grp1
srp_Pyro.aero._AE009852,clusS200,srp
5s_Acetobacter-sp.-1,clusS200,5s
tmRNA_Azoa.spec._TRW-62928_1-378,clusS200,tmRNA
srp_Crit.fasc._AY781797,clusS200,srp
RNaseP_C.innocuum,clusS200,RNaseP
srp_Psyc.sp.._CP000713,clusS200,srp
16s_A.fulgidus_domain3,clusS200,16s
5s_Wigglesworthia-glossinidia-1,clusS200,5s
tmRNA_Idio.loih._AE017340_1-359,clusS200,tmRNA
RNaseP_P.purpurea-chloroplast,clusS200,RNaseP
tmRNA_Leuc.mese._CP000414_1-358,clusS200,tmRNA
RNaseP_Anabaena-PCC7120,clusS200,RNaseP
tmRNA_Myco.geni._TRW-243273_1-388,clusS200,tmRNA
tmRNA_Bdel.bact._BX842656_1-346,clusS200,tmRNA
srp_Ente.faec._AE016830,clusS200,srp
5s_Azospirillum-lipoferum-1,clusS200,5s
tRNA_tdbR00000126-Halocynthia_roretzi-7729-Gly-NCU,clusS200,tRNA
srp_Trit.aest._CA694528,clusS200,srp
tmRNA_List.inno._TRW-1642-2_1-370,clusS200,tmRNA
grp1_a.I1.e.T.hyperangularis.C1.LSU.1925,clusS200,grp1
5s_Methanothermobacter-thermautotrophicus-4,clusS200,5s
RNaseP_B.bufo,clusS200,RNaseP
RNaseP_Onchorhynchus-sp-2,clusS200,RNaseP
tRNA_tdbR00000152-Haloferax_volcanii-2246-Ile-NAU,clusS200,tRNA
tRNA_tdbR00000044-Mycoplasma_capricolum-2095-Glu-UC,clusS200,tRNA
5s_Acremonium-persicinum-1,clusS200,5s
srp_Cand.Bloc._CP000016,clusS200,srp
5s_Hyphomicrobium-vulgare-1,clusS200,5s
RNaseP_LGA8,clusS200,RNaseP
16s_P.staleyi_domain4,clusS200,16s
grp1_a.I1.c.S.bicolor.C3.tLEU,clusS200,grp1
5s_Methylobacterium-extorquens-1,clusS200,5s
srp_Batr.dend._GSP-403673,clusS200,srp
tRNA_tdbR00000212-Haloferax_volcanii-2246-Leu-CAG,clusS200,tRNA
RNaseP_T.pallidum,clusS200,RNaseP
tRNA_tdbR00000276-Escherichia_coli-562-Met-MAU,clusS200,tRNA
tmRNA_Grac.tenu._AY673996_1-396,clusS200,tmRNA
srp_Brad.japo._BA000040,clusS200,srp
tRNA_tdbR00000521-Bos_taurus-9913-Ini-CAU,clusS200,tRNA
srp_Myco.gall._AE015450,clusS200,srp
tRNA_tdbR00000231-Phaseolus_vulgaris-3885-Leu-BAA,clusS200,tRNA
5s_Methanothermobacter-thermautotrophicus-6,clusS200,5s
RNaseP_D.radiodurans-g,clusS200,RNaseP
tmRNA_Cyan.cald._AF022186_1-254,clusS200,tmRNA
RNaseP_SM-A2539,clusS200,RNaseP
tRNA_tdbR00000125-Bos_taurus-9913-Gly-UCC,clusS200,tRNA
RNaseP_SM-A01,clusS200,RNaseP
grp1_a.I1.e.E.dermatitidis.C1.SSU.943,clusS200,grp1
srp_Meth.mari._BX957223,clusS200,srp
RNaseP_T.thioparus,clusS200,RNaseP
srp_Toxo.gond._GSP-398031,clusS200,srp
tRNA_tdbR00000299-Asterias_amurensis-7602-Asn-GPU,clusS200,tRNA
tRNA_tdbR00000053-Bos_taurus-9913-Glu-NUC,clusS200,tRNA
5s_Chlorobium-limicola-2,clusS200,5s
tRNA_tdbR00000173-Bombyx_mori-7091-Ile-IAU,clusS200,tRNA
grp1_a.I1.e.C.ellipsoidea.211-1a.C1.SSU.1506,clusS200,grp1
tmRNA_Borr.burg._TRW-224326_1-362,clusS200,tmRNA
tmRNA_Lact.delb._AF440335_1-316,clusS200,tmRNA
tmRNA_Myco.mobi._TRW-267748_1-376,clusS200,tmRNA
tmRNA_Thio.deni._CP000116_1-367,clusS200,tmRNA
srp_Taen.gutt._CK235759,clusS200,srp
RNaseP_T.luteus,clusS200,RNaseP
RNaseP_B.pertussis,clusS200,RNaseP
RNaseP_LGW17,clusS200,RNaseP
5s_Pyrococcus-horikoshii-1,clusS200,5s
tmRNA_Porp.ging._TRW-242619_1-407,clusS200,tmRNA
tRNA_tdbR00000020-Escherichia_coli-562-Cys-GCA,clusS200,tRNA
RNaseP_C.acetobutylicum,clusS200,RNaseP
RNaseP_LGW113,clusS200,RNaseP
grp1_a.I1.e.A.stipitatus.C1.SSU.1046,clusS200,grp1
RNaseP_Z.florentinus,clusS200,RNaseP
5s_Candidatus-Phytoplasma-asteris-1,clusS200,5s
RNaseP_T.maritima,clusS200,RNaseP
16s_T.gondii_domain4,clusS200,16s
srp_Dein.radi._AE002056,clusS200,srp
tRNA_tdbR00000054-Saccharomyces_cerevisiae-4932-Glu-3UC,clusS200,tRNA
srp_Haem.ducr._AE017154,clusS200,srp
tmRNA_Shew.spec._CP000444_1-355,clusS200,tmRNA
5s_Octopus-vulgaris-1,clusS200,5s
tRNA_tdbR00000042-Haloferax_volcanii-2246-Glu-MUC,clusS200,tRNA
srp_Ence.cuni._AL590449,clusS200,srp
RNaseP_T.album,clusS200,RNaseP
tmRNA_List.gray._AF440336_1-321,clusS200,tmRNA
srp_Fran.tula._CP000437,clusS200,srp
srp_Lotu.corn._AP006364,clusS200,srp
5s_Acidiphilium-acidophilum-1,clusS200,5s
5s_Chlamydomonas-reinhardtii-1,clusS200,5s
5s_Cryptomonas-paramecium-1,clusS200,5s
5s_Andrias-davidianus-1,clusS200,5s
RNaseP_SM-A1831,clusS200,RNaseP
tRNA_tdbR00000194-Triticum_aestivum-4565-Lys-CUU,clusS200,tRNA
5s_Helicobacter-pylori-2,clusS200,5s
5s_Methanococcus-vannielii-1,clusS200,5s
tRNA_tdbR00000235-Neurospora_crassa-5141-Leu-NAA,clusS200,tRNA
5s_Clostridium-acetobutylicum-3,clusS200,5s
RNaseP_CPA58,clusS200,RNaseP
RNaseP_S.azurea-K161T,clusS200,RNaseP
16s_T.gondii_domain3,clusS200,16s
5s_Roseococcus-thiosulfatophilus-2,clusS200,5s
RNaseP_L.acidophilus,clusS200,RNaseP
telomerase_AF221914.112-589,clusS200,telomerase
tmRNA_Trem.prin._AF481102_1-264,clusS200,tmRNA
grp1_a.I1.e.G.spirotaenia.C1.SSU.1506,clusS200,grp1
srp_Psyc.cryo._CP000323,clusS200,srp
tmRNA_Exig.sibi._TRW-262543_1-359,clusS200,tmRNA
5s_Pirellula-sp.-1,clusS200,5s
srp_Asco.apis._GSP-392613,clusS200,srp
tRNA_tdbR00000275-Thermus_thermophilus-274-Met-CAU,clusS200,tRNA
RNaseP_SM-A2135,clusS200,RNaseP
5s_Brevibacterium-linens-1,clusS200,5s
16s_C.reinhardtii.chloro_domain4,clusS200,16s
grp1_a.I1.e.A.capsulatus.G186B.C1.SSU,clusS200,grp1
tmRNA_Fran.spec._CP000249_1-374,clusS200,tmRNA
RNaseP_CPA49,clusS200,RNaseP
tRNA_tdbR00000572-Leishmania_tarentolae-5689-Lys-1UU,clusS200,tRNA
RNaseP_S.japonicus,clusS200,RNaseP
5s_Finegoldia-magna-1,clusS200,5s
tRNA_tdbR00000033-Didelphis_virginiana-9267-Asp-QUC,clusS200,tRNA
srp_Nect.haem._GSP-71109,clusS200,srp
16s_P.occultum_domain2,clusS200,16s
16s_C.elegans_domain1,clusS200,16s
5s_Lactococcus-lactis-2,clusS200,5s
tmRNA_envi.sequ._TRW-2-1_1-365,clusS200,tmRNA
RNaseP_PS31,clusS200,RNaseP
tRNA_tdbR00000440-Neurospora_crassa-5141-Thr-UGU,clusS200,tRNA
srp_Aspe.oryz._AP007169,clusS200,srp
tmRNA_Para.symb._BX908798_1-405,clusS200,tmRNA
RNaseP_D.desulfuricans,clusS200,RNaseP
tmRNA_Desu.vulg._AE017285_1-352,clusS200,tmRNA
telomerase_AF221917.99-542,clusS200,telomerase
srp_Myco.capr._D00560,clusS200,srp
srp_Zymo.mobi._AF203881,clusS200,srp
5s_Bacillus-firmus-1,clusS200,5s
5s_Rhodococcus-fascians-1,clusS200,5s
RNaseP_LGA1,clusS200,RNaseP
tmRNA_Stre.coll._AY485228_1-386,clusS200,tmRNA
5s_Thermus-aquaticus-1,clusS200,5s
RNaseP_B.subtilis,clusS200,RNaseP
RNaseP_S.castellii,clusS200,RNaseP
srp_Aspe.nidu._GSP-227321,clusS200,srp
tmRNA_uncu.bact._TRW-72274-1_1-359,clusS200,tmRNA
tmRNA_Myco.gall._AE015450_1-408,clusS200,tmRNA
tRNA_tdbR00000251-Saccharomyces_cerevisiae-4932-Leu-UAA,clusS200,tRNA
srp_Chae.glob._GSP-306901,clusS200,srp
tRNA_tdbR00000032-Rattus_norvegicus-10116-Asp-GUC,clusS200,tRNA
RNaseP_CPB7776,clusS200,RNaseP
tRNA_tdbR00000280-Saccharomyces_cerevisiae-4932-Met-CAU,clusS200,tRNA
tRNA_tdbR00000080-Bos_taurus-9913-Phe-GAA,clusS200,tRNA
srp_Ther.acid._AL445063,clusS200,srp
telomerase_AF221937.99-545,clusS200,telomerase
RNaseP_B.thetaiotaomicron,clusS200,RNaseP
5s_Beggiatoa-alba-1,clusS200,5s
5s_Methanosarcina-acetivorans-1,clusS200,5s
5s_Bacteroides-thetaiotaomicron-1,clusS200,5s
tRNA_tdbR00000328-Enterobacteria_phage_T5-10726-Gln-UUG,clusS200,tRNA
RNaseP_E.coli,clusS200,RNaseP
RNaseP_P.guilliermondii,clusS200,RNaseP
grp1_a.I1.e.C.merochlorophea.UNK.SSU.1389,clusS200,grp1
RNaseP_P.strasburgensis,clusS200,RNaseP
5s_Lactobacillus-plantarum-3,clusS200,5s
5s_Methanospirillum-hungatei-1,clusS200,5s
16s_H.sapiens.mito_domain2,clusS200,16s
23s_S.aureus_domain4,clusS200,23s
tRNA_tdbR00000384-Mycoplasma_capricolum-2095-Ser-GCU,clusS200,tRNA
RNaseP_A.tumefaciens,clusS200,RNaseP
5s_Acidithiobacillus-thiooxidans-1,clusS200,5s
tmRNA_Ther.yell._TRW-289376_1-350,clusS200,tmRNA
grp1_a.I1.m.M.grisea.B2.ND1,clusS200,grp1
tmRNA_Colw.psyc._CP000083_1-350,clusS200,tmRNA
grp1_a.I1.b.S.hofmanii.C3.tMET,clusS200,grp1
grp1_a.I1.e.L.dispersa.UNK.SSU.114,clusS200,grp1
tRNA_tdbR00000368-Mesocricetus_auratus-10036-Arg-UCG,clusS200,tRNA
tRNA_tdbR00000085-Schizosaccharomyces_pombe-4896-Phe-AA,clusS200,tRNA
tmRNA_Yers.berc._TRW-349968_1-381,clusS200,tmRNA
srp_Plas.falc._EF690554,clusS200,srp
srp_Plas.know._GSP-5851,clusS200,srp
grp1_a.I1.e.C.grayi.UNK.SSU.1516,clusS200,grp1
tmRNA_Lact.delb._TRW-321956_1-362,clusS200,tmRNA
tRNA_tdbR00000106-Haloferax_volcanii-2246-Gly-CCC,clusS200,tRNA
RNaseP_PF101,clusS200,RNaseP
5s_Loofah-witches-broom-phytoplasma-1,clusS200,5s
tmRNA_Myco.Bxz1._AY129337_1-437,clusS200,tmRNA
srp_Thal.pseu._EF067921,clusS200,srp
16s_G.intestinalis_domain4,clusS200,16s
16s_M.polymorpha_domain4,clusS200,16s
23s_B.subtilis_domain4,clusS200,23s
5s_Bacteroides-fragilis-1,clusS200,5s
16s_B.burgdorferi_domain2,clusS200,16s
RNaseP_C.difficile,clusS200,RNaseP
grp1_a.I1.e.C.saxonicum.C1.SSU.1506,clusS200,grp1
RNaseP_SMB-B1,clusS200,RNaseP
grp1_a.I1.m.S.luteus.A1.LSU.2504,clusS200,grp1
srp_Stre.pyog._AM295007,clusS200,srp
5s_Listeria-monocytogenes-3,clusS200,5s
RNaseP_CPB70,clusS200,RNaseP
telomerase_AF221939.99-544,clusS200,telomerase
tRNA_tdbR00000048-Synechocystis_sp.-1143-Glu-NUC,clusS200,tRNA
5s_Thermomicrobium-roseum-1,clusS200,5s
telomerase_U85256.1-451,clusS200,telomerase
5s_Ascaris-suum-1,clusS200,5s
tRNA_tdbR00000331-Mycoplasma_capricolum-2095-Gln-UG,clusS200,tRNA
tmRNA_Woli.succ._BX571661_1-369,clusS200,tmRNA
tmRNA_Meso.viri._AF166114_1-359,clusS200,tmRNA
RNaseP_D.radiodurans,clusS200,RNaseP
telomerase_AF221923.106-554,clusS200,telomerase
grp1_a.I1.e.D.parva.C1.SSU.943,clusS200,grp1
tmRNA_Alka.meta._TRW-293826_1-355,clusS200,tmRNA
tRNA_tdbR00000321-Saccharomyces_cerevisiae-4932-Pro-UGG,clusS200,tRNA
tRNA_tdbR00000622-Nicotiana_rustica-4093-Cys-GCA,clusS200,tRNA
RNaseP_CPA59,clusS200,RNaseP
srp_Dich.nodo._CP000513,clusS200,srp
RNaseP_S.polymorpha,clusS200,RNaseP
RNaseP_SMB-A5,clusS200,RNaseP
5s_Geobacillus-stearothermophilus-4,clusS200,5s
tRNA_tdbR00000365-Aedes_albopictus-7160-Arg-UCG,clusS200,tRNA
tmRNA_Tann.fors._TRW-203275_1-400,clusS200,tmRNA
tmRNA_Stre.scab._TRW-1883_1-402,clusS200,tmRNA
tmRNA_Copr.prot._TRW-351627_1-353,clusS200,tmRNA
srp_Leis.infa._AM502223,clusS200,srp
5s_Gelidium-amansii-2,clusS200,5s
tRNA_tdbR00000011-Neurospora_crassa-5141-Ala-UGC,clusS200,tRNA
5s_Geobacillus-kaustophilus-7,clusS200,5s
srp_Lact.case._CP000423,clusS200,srp
grp1_a.I1.b.Synechococcus.sp2.C3.tLEU,clusS200,grp1
tmRNA_Mari.aqua._TRW-351348_1-366,clusS200,tmRNA
5s_Candida-azyma-1,clusS200,5s
srp_Anab.vari._CP000117,clusS200,srp
RNaseP_Z.bailii,clusS200,RNaseP
tRNA_tdbR00000105-Halobacterium_salinarum-2242-Gly-GCC,clusS200,tRNA
tmRNA_Chla.trac._TRW-272561_1-420,clusS200,tmRNA
tmRNA_Dein.geot._CP000359_1-348,clusS200,tmRNA
5s_Haloferax-volcanii-1,clusS200,5s
telomerase_AF221925.98-540,clusS200,telomerase
5s_Ureaplasma-parvum-3,clusS200,5s
telomerase_AF221935.112-602,clusS200,telomerase
5s_Phycomyces-blakesleeanus-1,clusS200,5s
RNaseP_Z.rouxii,clusS200,RNaseP
RNaseP_M.genitalium,clusS200,RNaseP
srp_Desu.psyc._CR522870,clusS200,srp
tRNA_tdbR00000030-Aedes_albopictus-7160-Asp-GUC,clusS200,tRNA
tmRNA_uncu.bact._TRW-45456_1-408,clusS200,tmRNA
5s_Thermoplasma-acidophilum-1,clusS200,5s
5s_Spirosoma-sp.-1,clusS200,5s
RNaseP_S.globosus,clusS200,RNaseP
5s_Methanopyrus-kandleri-1,clusS200,5s
tmRNA_Acti.naes._TRW-240017_1-371,clusS200,tmRNA
tRNA_tdbR00000005-Mycoplasma_capricolum-2095-Ala-UGC,clusS200,tRNA
tmRNA_Spir.citr._AM285321_1-424,clusS200,tmRNA
grp1_a.I1.e.T.malaccensis.C1.LSU.1925,clusS200,grp1
tRNA_tdbR00000222-Escherichia_coli-562-Leu-GAG,clusS200,tRNA
tmRNA_Clav.mich._TRW-31964_1-376,clusS200,tmRNA
16s_B.burgdorferi_domain3,clusS200,16s
tmRNA_Meso.flor._AE017263_1-408,clusS200,tmRNA
5s_Trichoplax-adhaerens-1,clusS200,5s
RNaseP_N.europaea,clusS200,RNaseP
RNaseP_SM-A1315,clusS200,RNaseP
srp_Ashb.goss._AE016819,clusS200,srp
RNaseP_S.kluyveri,clusS200,RNaseP
srp_Kluy.walt._AADM01000319,clusS200,srp
tmRNA_Laws.intr._AM180252_1-376,clusS200,tmRNA
5s_Actinia-equina-1,clusS200,5s
5s_Deinococcus-radiodurans-3,clusS200,5s
RNaseP_G.gorilla,clusS200,RNaseP
5s_Blastocladiella-simplex-1,clusS200,5s
tmRNA_Buch.aphi._BD061520_1-369,clusS200,tmRNA
5s_Methanothermobacter-thermautotrophicus-1,clusS200,5s
5s_Cryptococcus-laurentii-1,clusS200,5s
5s_Taxus-baccata-1,clusS200,5s
RNaseP_Oscillatoria-PCC7515,clusS200,RNaseP
srp_Bifi.long._AX492782,clusS200,srp
telomerase_AF221934.121-565,clusS200,telomerase
tmRNA_Baci.lich._CP000002_1-356,clusS200,tmRNA
5s_uncultured-euryarchaeote-37F11-1,clusS200,5s
tmRNA_List.ivan._AF440342_1-321,clusS200,tmRNA
tmRNA_Stre.gord._TRW-29390_1-349,clusS200,tmRNA
srp_Hist.caps._GSP-278162,clusS200,srp
5s_Methanosarcina-barkeri-1,clusS200,5s
5s_Symbiobacterium-thermophilum-1,clusS200,5s
tRNA_tdbR00000012-Saccharomyces_cerevisiae-4932-Ala-IGC,clusS200,tRNA
tmRNA_Pelo.carb._CP000142_1-358,clusS200,tmRNA
telomerase_AF221924.105-538,clusS200,telomerase
tmRNA_Psyc.cryo._CP000323_1-359,clusS200,tmRNA
tmRNA_Neis.gono._TRW-242231_1-363,clusS200,tmRNA
5s_Sandaracinobacter-sibiricus-1,clusS200,5s
16s_H.volcanii_domain4,clusS200,16s
RNaseP_M.fervidus,clusS200,RNaseP
grp1_a.I1.e.S.paniceum.UNK.SSU.1210,clusS200,grp1
srp_Moor.ther._CP000232,clusS200,srp
23s_E.coli_domain4,clusS200,23s
tRNA_tdbR00000323-Saccharomyces_cerevisiae-4932-Pro-NGG,clusS200,tRNA
srp_Oxyt.trif._GSP-99928,clusS200,srp
tRNA_tdbR00000352-Mycoplasma_capricolum-2095-Arg-ICG,clusS200,tRNA
grp1_s.I1.e.T.thermophila.C1.LSU.1925.schem,clusS200,grp1
16s_H.sapiens.mito_domain3,clusS200,16s
RNaseP_SM-A4065,clusS200,RNaseP
16s_G.intestinalis_domain2,clusS200,16s
23s_E.coli_domain6,clusS200,23s
tmRNA_Ther.comm._TRW-289377_1-355,clusS200,tmRNA
RNaseP_SM-A03,clusS200,RNaseP
5s_Bursaphelenchus-mucronatus-1,clusS200,5s
tRNA_tdbR00000367-Bos_taurus-9913-Arg-UCG,clusS200,tRNA
srp_Shew.balt._CP000563,clusS200,srp
RNaseP_PS26,clusS200,RNaseP
srp_Lact.john._AE017201,clusS200,srp
tmRNA_Odon.sine._TRW-2839_1-371,clusS200,tmRNA
5s_Frankia-sp.-1,clusS200,5s
tmRNA_uncu.bact._TRW-80840-2_1-379,clusS200,tmRNA
grp1_a.I1.e.B.yamatoana.JCM2896.C1.SSU.1506,clusS200,grp1
tmRNA_Myco.pene._BA000026_1-405,clusS200,tmRNA
grp1_a.I1.e.T.cosmopolitanis.C1.LSU.1925,clusS200,grp1
srp_Eime.tene._CD666347,clusS200,srp
RNaseP_T.roseum,clusS200,RNaseP
16s_T.maritima_domain3,clusS200,16s
5s_Rhodobacter-sphaeroides-2,clusS200,5s
srp_Pich.stip._CP000502,clusS200,srp
srp_Cion.inte._BW230361,clusS200,srp
RNaseP_ESH183A,clusS200,RNaseP
RNaseP_EM14b-9,clusS200,RNaseP
RNaseP_R.norvegicus,clusS200,RNaseP
RNaseP_Synechocystis-PCC6308,clusS200,RNaseP
tmRNA_Stre.ther._CP000024_1-350,clusS200,tmRNA
grp1_a.I1.e.C.merochlorophea.UNK.SSU.1516,clusS200,grp1
tRNA_tdbR00000551-Saccharomyces_cerevisiae-4932-Tyr-GUA,clusS200,tRNA
RNaseP_H.sapiens,clusS200,RNaseP
23s_H.pylori_domain4,clusS200,23s
grp1_a.I1.e.L.dispersa.UNK.SSU.287,clusS200,grp1
srp_Mari.mari._CP000449,clusS200,srp
srp_Thei.parv._GSP-333668,clusS200,srp
tmRNA_Jako.libe._TRW-143017_1-102,clusS200,tmRNA
telomerase_AF221921.98-548,clusS200,telomerase
telomerase_AF221920.99-541,clusS200,telomerase
5s_Mycoplasma-pulmonis-1,clusS200,5s
5s_Spirogyra-sp.-1,clusS200,5s
RNaseP_M.jannaschii,clusS200,RNaseP
tmRNA_Carb.hydr._CP000141_1-359,clusS200,tmRNA
16s_E.coli_domain4,clusS200,16s
tmRNA_Lact.case._CP000423_1-364,clusS200,tmRNA
16s_H.sapiens.mito_domain4,clusS200,16s
grp1_a.I1.e.P.carinii.Pc2.C1.LSU.1921,clusS200,grp1
5s_Nitrobacter-winogradskyi-1,clusS200,5s
tmRNA_envi.sequ._TRW-32045-2_1-345,clusS200,tmRNA
grp1_a.I1.e.C.ellipsoidea.IAMC-87.C1.SSU.1506,clusS200,grp1
5s_Nephila-clavipes-1,clusS200,5s
srp_Meth.mari._CP000609,clusS200,srp
srp_Cyan.mero._AB002583,clusS200,srp
5s_Fusarium-pseudograminearum-3,clusS200,5s
srp_Spra.loph._GSP-51541,clusS200,srp
tmRNA_Chro.sale._CP000285_1-380,clusS200,tmRNA
tRNA_tdbR00000218-Mycoplasma_capricolum-2095-Leu-UAG,clusS200,tRNA
tmRNA_Ther.rose._TRW-309801_1-353,clusS200,tmRNA
srp_Cyan.mero._AY286123,clusS200,srp
5s_Sulfolobus-tokodaii-1,clusS200,5s
tRNA_tdbR00000082-Neurospora_crassa-5141-Phe-AA,clusS200,tRNA
grp1_a.I1.e.P.macrosporus.C1.SSU.943,clusS200,grp1
RNaseP_S.equi,clusS200,RNaseP
tRNA_tdbR00000592-Ascaris_suum-6253-Gln-UG,clusS200,tRNA
RNaseP_CPB69,clusS200,RNaseP
telomerase_AF221906.96-545,clusS200,telomerase
telomerase_AF221936.98-540,clusS200,telomerase
tmRNA_Nost.spec._BA000019_1-390,clusS200,tmRNA
tmRNA_Ther.mari._TRW-243274-1_1-356,clusS200,tmRNA
5s_Bacillus-anthracis-1,clusS200,5s
RNaseP_S.aureus-2,clusS200,RNaseP
tRNA_tdbR00000139-Mycoplasma_capricolum-2095-His-GUK,clusS200,tRNA
RNaseP_SM-A4977,clusS200,RNaseP
tRNA_tdbR00000285-Triticum_aestivum-4565-Met-BAU,clusS200,tRNA
5s_Bacteroides-veroralis-1,clusS200,5s
RNaseP_A.ferrooxidans,clusS200,RNaseP
grp1_a.I1.e.L.dispersa.UNK.SSU.516,clusS200,grp1
srp_Schi.pomb._M20264,clusS200,srp
tRNA_tdbR00000210-Enterobacteria_phage_T5-10726-Leu-UAG,clusS200,tRNA
RNaseP_N.olivacea-chloroplast,clusS200,RNaseP
tRNA_tdbR00000099-Mus_musculus-10090-Phe-AA,clusS200,tRNA
5s_Borrelia-burgdorferi-1,clusS200,5s
tRNA_tdbR00000190-Bos_taurus-9913-Lys-NUU,clusS200,tRNA
telomerase_AF221930.94-546,clusS200,telomerase
tmRNA_Vibr.vuln._AE016795_1-367,clusS200,tmRNA
tmRNA_Pseu.fluo._TRW-216595_1-397,clusS200,tmRNA
tmRNA_Stre.aure._AY616521_1-382,clusS200,tmRNA
RNaseP_Dermocarpa-PCC7437,clusS200,RNaseP
tRNA_tdbR00000074-Tetrahymena_pyriformis-5908-Phe-GAA,clusS200,tRNA
telomerase_AF221910.112-554,clusS200,telomerase
16s_S.cerevisiae_domain3,clusS200,16s
RNaseP_E1B,clusS200,RNaseP
5s_Caulobacter-sp.-1,clusS200,5s
RNaseP_T.celerAL1,clusS200,RNaseP
srp_Gald.sulp._GSP-130081,clusS200,srp
5s_Lactococcus-lactis-4,clusS200,5s
tRNA_tdbR00000022-Enterobacteria_phage_T5-10726-Asp-GUC,clusS200,tRNA
grp1_a.I1.e.B.ciliata.JCM6865.C1.SSU.1506,clusS200,grp1
srp_Ajel.caps._CV620298,clusS200,srp
srp_Sola.tube._DR037645,clusS200,srp
tRNA_tdbR00000403-Bos_taurus-9913-Ser-UGA,clusS200,tRNA
telomerase_AF221931.99-541,clusS200,telomerase
RNaseP_P.gingivalis,clusS200,RNaseP
srp_Aqui.aeol._AE000657,clusS200,srp
srp_Lemu.catt._GSP-9447,clusS200,srp
tmRNA_Desu.psyc._CR522870_1-366,clusS200,tmRNA
telomerase_AC121792.109554-109950,clusS200,telomerase
tRNA_tdbR00000143-Asterias_amurensis-7602-His-QUG,clusS200,tRNA
telomerase_AF221919.107-614,clusS200,telomerase
RNaseP_SL2D,clusS200,RNaseP
grp1_a.I1.e.P.pachydermus.C1.SSU.943,clusS200,grp1
tmRNA_Lact.plan._AL935259_1-372,clusS200,tmRNA
srp_Popu.trem._BU866844,clusS200,srp
5s_Candidatus-Portiera-aleyrodidarum-1,clusS200,5s
RNaseP_P.acanthamoebae,clusS200,RNaseP
RNaseP_PS1,clusS200,RNaseP
srp_Neos.fisc._GSP-331117,clusS200,srp
tRNA_tdbR00000189-Rattus_norvegicus-10116-Lys-NUU,clusS200,tRNA
grp1_a.I1.m.S.pombe.B1.OX1,clusS200,grp1
tRNA_tdbR00000216-Mycoplasma_capricolum-2095-Leu-BAA,clusS200,tRNA
tRNA_tdbR00000228-Glycine_max-3847-Leu-BAA,clusS200,tRNA
srp_Meso.viri._AF166114,clusS200,srp
tmRNA_Trep.pall._TRW-243276_1-354,clusS200,tmRNA
5s_Flectobacillus-major-1,clusS200,5s
tRNA_tdbR00000322-Phaseolus_vulgaris-3885-Pro-UGG,clusS200,tRNA
tRNA_tdbR00000446-Halobacterium_salinarum-2242-Val-CAC,clusS200,tRNA
5s_Neurospora-crassa-12,clusS200,5s
5s_Methanobrevibacter-ruminantium-1,clusS200,5s
srp_Myco.myco._BX293980,clusS200,srp
tRNA_tdbR00000029-Asterias_amurensis-7602-Asp-QUC,clusS200,tRNA
RNaseP_H.chlorum-partial,clusS200,RNaseP
23s_B.subtilis_domain3,clusS200,23s
srp_Pich.guil._GSP-294746,clusS200,srp
srp_Bos.taur._GSP-6282,clusS200,srp
tmRNA_Burk.ceno._CP000378_1-370,clusS200,tmRNA
srp_Ento.sulc._AF095839,clusS200,srp
grp1_a.I1.e.D.salina.C1.SSU.943,clusS200,grp1
srp_Deba.hans._CR382138,clusS200,srp
RNaseP_A.chroococcum,clusS200,RNaseP
tRNA_tdbR00000385-Mycoplasma_capricolum-2095-Ser-UGA,clusS200,tRNA
srp_Picr.torr._AE017261,clusS200,srp
tmRNA_Sten.malt._TRW-40324_1-354,clusS200,tmRNA
RNaseP_C.psittaci-R54,clusS200,RNaseP
tRNA_tdbR00000282-Ascaris_suum-6253-Met-AU,clusS200,tRNA
5s_Candida-albicans-1,clusS200,5s
5s_Streptomyces-diastaticus-1,clusS200,5s
srp_Odon.sine._Z67753,clusS200,srp
5s_Nanoarchaeum-equitans-1,clusS200,5s
tmRNA_Buch.aphi._AE013218_1-376,clusS200,tmRNA
tmRNA_Oeno.oeni._TRW-203123_1-350,clusS200,tmRNA
RNaseP_V.spinosum,clusS200,RNaseP
grp1_a.I1.e.P.carinii.C1.SSU.1506,clusS200,grp1
srp_Ther.teng._AE012978,clusS200,srp
grp1_a.I1.e.B.yamatoana.JCM2896.C1.SSU.943,clusS200,grp1
5s_Chlamydophila-pneumoniae-3,clusS200,5s
srp_Phyt.infe._CV919934,clusS200,srp
RNaseP_SM-A3048,clusS200,RNaseP
tmRNA_Prev.inte._TRW-246198_1-400,clusS200,tmRNA
RNaseP_LGW46,clusS200,RNaseP
grp1_a.I1.e.A.capsulatus.G184B.C1.SSU,clusS200,grp1
tRNA_tdbR00000230-Glycine_max-3847-Leu-UA7,clusS200,tRNA
tmRNA_Lept.inte._AE016823_1-350,clusS200,tmRNA
srp_Tryp.bruc._AC159431,clusS200,srp
srp_Chro.sale._CP000285,clusS200,srp
srp_Proc.mari._AE017126,clusS200,srp
srp_Mono.brev._GSP-81824,clusS200,srp
tmRNA_Stap.aure._BA000033_1-362,clusS200,tmRNA
grp1_a.I1.e.Staurastrum.sp.M752.C1.SSU.1506,clusS200,grp1
RNaseP_LGB23,clusS200,RNaseP
RNaseP_Synechocystis-PCC6803,clusS200,RNaseP
RNaseP_CPA56,clusS200,RNaseP
5s_Eimeria-tenella-1,clusS200,5s
RNaseP_A.nidulans,clusS200,RNaseP
tmRNA_Ocea.ihey._BA000028_1-364,clusS200,tmRNA
tRNA_tdbR00000542-Mycoplasma_capricolum-2095-Tyr-GUA,clusS200,tRNA
RNaseP_A.ambivalens,clusS200,RNaseP
16s_Z.mays_domain2,clusS200,16s
tmRNA_Xyle.fast._AE003849_1-355,clusS200,tmRNA
srp_Clos.botu._AM412317,clusS100,srp
5s_Coxiella-burnetii-2,clusS100,5s
grp1_a.I1.e.A.capsulatus.FLs1.C1.SSU,clusS100,grp1
5s_Symbiobacterium-thermophilum-3,clusS100,5s
tRNA_tdbR00000553-Asterias_amurensis-7602-Tyr-GUA,clusS100,tRNA
16s_D.melanogaster_domain4,clusS100,16s
RNaseP_C.pneumoniae-CWL029,clusS100,RNaseP
5s_Sulfurococcus-mirabilis-1,clusS100,5s
tRNA_tdbR00000283-Gallus_gallus-9031-Met-AU,clusS100,tRNA
tRNA_tdbR00000591-Ascaris_suum-6253-Lys-UU,clusS100,tRNA
16s_A.fulgidus_domain4,clusS100,16s
srp_Myco.lepr._AL583925,clusS100,srp
tmRNA_Acin.spec._CR543861_1-360,clusS100,tmRNA
tRNA_tdbR00000079-Rattus_norvegicus-10116-Phe-GAA,clusS100,tRNA
5s_Paracoccus-versutus-1,clusS100,5s
telomerase_AF221927.113-556,clusS100,telomerase
tmRNA_Clos.ther._TRW-203119_1-387,clusS100,tmRNA
srp_Sacc.kluy._AJ550805,clusS100,srp
srp_Pyro.abys._AJ248283,clusS100,srp
tmRNA_Synt.acid._CP000252_1-356,clusS100,tmRNA
tRNA_tdbR00000593-Ascaris_suum-6253-Trp-CA,clusS100,tRNA
tmRNA_Stre.equi._TRW-1336_1-349,clusS100,tmRNA
5s_Xenopus-borealis-3,clusS100,5s
grp1_a.I1.e.B.ciliata.JCM6865.C1.SSU.943,clusS100,grp1
5s_Buchnera-aphidicola-3,clusS100,5s
telomerase_AF221912.98-564,clusS100,telomerase
tmRNA_Myco.arth._TRW-243272_1-394,clusS100,tmRNA
16s_C.elegans_domain3,clusS100,16s
tmRNA_Cyan.mero._AY286123_1-236,clusS100,tmRNA
tRNA_tdbR00000290-Enterobacteria_phage_T5-10726-Asn-GUU,clusS100,tRNA
grp1_b.I1.e.T.thermophila.C1.LSU.1925,clusS100,grp1
srp_Yarr.lipo._CR382127,clusS100,srp
RNaseP_P.mississippiensis,clusS100,RNaseP
grp1_a.I1.e.C.grayi.UNK.SSU.1046,clusS100,grp1
tmRNA_Sacc.degr._CP000282_1-389,clusS100,tmRNA
5s_Halococcus-morrhuae-1,clusS100,5s
tmRNA_Rhod.balt._BX294141_1-380,clusS100,tmRNA
srp_Zygo.roux._BN000170,clusS100,srp
srp_Enta.hist._AF487684,clusS100,srp
tRNA_tdbR00000131-Triticum_aestivum-4565-Gly-GCC,clusS100,tRNA
srp_Cand.trop._GSP-294747,clusS100,srp
tmRNA_Wigg.glos._BA000021_1-365,clusS100,tmRNA
tRNA_tdbR00000520-Aedes_albopictus-7160-Ini-CAU,clusS100,tRNA
tmRNA_Pseu.atla._CP000388_1-357,clusS100,tmRNA
5s_Chlorella-sp.-1,clusS100,5s
tRNA_tdbR00000595-Escherichia_coli-562-Leu-BAA,clusS100,tRNA
tmRNA_Salm.ente._AE014613_1-363,clusS100,tmRNA
grp1_a.I1.c.G.prostrata.C3.tLEU,clusS100,grp1
5s_Meloidogyne-arenaria-2,clusS100,5s
5s_Pyrenophora-graminea-1,clusS100,5s
tmRNA_Magn.spec._CP000471_1-366,clusS100,tmRNA
5s_Mycoplasma-sp.-2,clusS100,5s
tmRNA_Aste.yell._CP000061_1-426,clusS100,tmRNA
RNaseP_Rr368,clusS100,RNaseP
grp1_a.I1.e.T.pigmentosa.C1.LSU.1925,clusS100,grp1
grp1_a.I1.e.C.merochlorophea.UNK.SSU.1210,clusS100,grp1
tRNA_tdbR00000550-Neurospora_crassa-5141-Tyr-GUA,clusS100,tRNA
srp_Pers.amer._X65992,clusS100,srp
tRNA_tdbR00000025-Thermus_thermophilus-274-Asp-GUC,clusS100,tRNA
grp1_a.I1.e.M.caldariorum.C1.SSU.1506,clusS100,grp1
telomerase_AF221928.95-476,clusS100,telomerase
5s_Aspergillus-flavus-1,clusS100,5s
5s_Erythromicrobium-ezovicum-1,clusS100,5s
16s_F.ananassa_domain3,clusS100,16s
RNaseP_R.americana-mito,clusS100,RNaseP
srp_Phyt.infe._CV911012,clusS100,srp
RNaseP_P.furiosus,clusS100,RNaseP
srp_Dict.disc._AJ699381,clusS100,srp
tRNA_tdbR00000184-Asterias_amurensis-7602-Lys-CUU,clusS100,tRNA
srp_Citr.sine._CN181543,clusS100,srp
srp_Bdel.bact._BX842656,clusS100,srp
telomerase_AF221911.104-513,clusS100,telomerase
RNaseP_S.fibuligera,clusS100,RNaseP
tmRNA_Soli.usit._CP000473_1-352,clusS100,tmRNA
RNaseP_H.morrhuae,clusS100,RNaseP
srp_Proc.mari._CP000111,clusS100,srp
tmRNA_Bact.mari._TRW-97084_1-385,clusS100,tmRNA
srp_Para.bras._CN238860,clusS100,srp
srp_Psyc.arct._CP000082,clusS100,srp
16s_A.pyrophilus_domain2,clusS100,16s
srp_Bart.quin._BX897700,clusS100,srp
srp_Prop.acne._AE017283,clusS100,srp
5s_Pyrococcus-abyssi-1,clusS100,5s
tRNA_tdbR00000363-Ascaris_suum-6253-Arg-PCU,clusS100,tRNA
tRNA_tdbR00000418-Nicotiana_rustica-4093-Ser-IGA,clusS100,tRNA
RNaseP_R.palustris,clusS100,RNaseP
srp_Hypo.jeco._GSP-334564-2,clusS100,srp
5s_Lactobacillus-acidophilus-1,clusS100,5s
5s_Rhodobacter-capsulatus-1,clusS100,5s
grp1_b.I1.e.M.anisopliae.3.C1.LSU.1921,clusS100,grp1
telomerase_AF221916.94-481,clusS100,telomerase
telomerase_AF221940.103-499,clusS100,telomerase
tmRNA_Azot.vine._TRW-354_1-352,clusS100,tmRNA
RNaseP_C.opuntiae,clusS100,RNaseP
16s_P.occultum_domain3,clusS100,16s
tmRNA_Dict.ther._TRW-14_1-350,clusS100,tmRNA
grp1_a.I1.b.Dermocarpa.sp.ATCC29371.C3.tMET,clusS100,grp1
tmRNA_uncu.bact._TRW-32045-4_1-369,clusS100,tmRNA
srp_Stre.pyog._AE009969,clusS100,srp
RNaseP_S.servazzii,clusS100,RNaseP
RNaseP_C.trachomatis,clusS100,RNaseP
tRNA_tdbR00000246-Bos_taurus-9913-Leu-NAA,clusS100,tRNA
tmRNA_Bact.thet._AE015928_1-397,clusS100,tmRNA
16s_C.reinhardtii.mito_domain1,clusS100,16s
23s_B.subtilis_domain6,clusS100,23s
5s_Auricularia-auricula-judae-1,clusS100,5s
grp1_a.I1.e.P.inouyei.C1.SSU.943,clusS100,grp1
srp_Leis.dono._AY722733,clusS100,srp
tRNA_tdbR00000211-Haloferax_volcanii-2246-Leu-CAA,clusS100,tRNA
tRNA_tdbR00000581-Aeropyrum_pernix-56636-Lys-CUU,clusS100,tRNA
tmRNA_Kine.radi._TRW-266940_1-366,clusS100,tmRNA
grp1_a.I1.e.P.sarcinoidea.C1.SSU.943,clusS100,grp1
tmRNA_Dein.radi._TRW-243230_1-349,clusS100,tmRNA
5s_Thermotoga-maritima-1,clusS100,5s
16s_B.subtilis_domain2,clusS100,16s
5s_Aurelia_aurita-1,clusS100,5s
grp1_a.I1.e.D.parva.C1.SSU.1512,clusS100,grp1
tRNA_tdbR00000266-Bos_taurus-9913-Leu-AA,clusS100,tRNA
srp_Perk.mari._GSP-31276,clusS100,srp
23s_S.aureus_domain6,clusS100,23s
5s_Buchnera-aphidicola-1,clusS100,5s
16s_P.staleyi_domain3,clusS100,16s
tmRNA_Heli.pylo._AE000511_1-386,clusS100,tmRNA
23s_T.thermophilus_domain4,clusS100,23s
16s_H.sapiens.mito_domain1,clusS100,16s
srp_Baci.amyl._D13041,clusS100,srp
16s_B.burgdorferi_domain4,clusS100,16s
grp1_a.I1.e.P.macrosporus.C1.SSU.1506,clusS100,grp1
5s_Dehalococcoides-ethenogenes-1,clusS100,5s
5s_Caulobacter-sp.-2,clusS100,5s
srp_Borr.burg._AE000783,clusS100,srp
16s_C.reinhardtii.chloro_domain2,clusS100,16s
grp1_a.I1.e.L.dispersa.UNK.SSU.1210,clusS100,grp1
16s_T.maritima_domain4,clusS100,16s
RNaseP_M.bovis,clusS100,RNaseP
grp1_a.I1.e.C.saccatum.C1.SSU.1512,clusS100,grp1
srp_Lodd.elon._GSP-379508,clusS100,srp
grp1_a.I1.e.S.paniceum.UNK.SSU.1506,clusS100,grp1
tRNA_tdbR00000463-Bos_taurus-9913-Val-UAC,clusS100,tRNA
srp_Sorg.bico._BE594178,clusS100,srp
grp1_a.I1.e.L.dispersa.UNK.SSU.789,clusS100,grp1
tRNA_tdbR00000493-Bos_taurus-9913-Trp-NCA,clusS100,tRNA
5s_Paracoccus-denitrificans-1,clusS100,5s
RNaseP_ESH26-4,clusS100,RNaseP
grp1_a.I1.e.A.capsulatus.CBS213.53.C1.SSU.943,clusS100,grp1
RNaseP_PS24,clusS100,RNaseP
5s_Sphingomonas-ursincola-1,clusS100,5s
tmRNA_Myco.capr._D13067_1-411,clusS100,tmRNA
tRNA_tdbR00000574-Leishmania_tarentolae-5689-Trp-CCA,clusS100,tRNA
RNaseP_S.octosporus,clusS100,RNaseP
srp_Cocc.immi._GSP-396776,clusS100,srp
RNaseP_Pseudoanabaena-PCC6903,clusS100,RNaseP
tmRNA_Rumi.albu._TRW-246199_1-354,clusS100,tmRNA
tmRNA_Acid.ferr._TRW-920_1-341,clusS100,tmRNA
5s_Filobasidiella-depauperata-1,clusS100,5s
RNaseP_H.volcanii,clusS100,RNaseP
tmRNA_Porp.purp._TRW-2787_1-323,clusS100,tmRNA
tmRNA_Guil.thet._AF041468_1-327,clusS100,tmRNA
tRNA_tdbR00000580-Aeropyrum_pernix-56636-Lys-UUU,clusS100,tRNA
16s_C.elegans_domain2,clusS100,16s
RNaseP_CPB144,clusS100,RNaseP
tmRNA_Carn.malt._AF275938_1-366,clusS100,tmRNA
RNaseP_S.shibatae,clusS100,RNaseP
16s_E.coli_domain3,clusS100,16s
5s_Bacteroides-capillosus-1,clusS100,5s
grp1_a.I1.e.Staurastrum.sp.M753.C1.SSU.1506,clusS100,grp1
tRNA_tdbR00000191-Mesocricetus_auratus-10036-Lys-NUU,clusS100,tRNA
tRNA_tdbR00000078-Ascaris_suum-6253-Phe-GAA,clusS100,tRNA
RNaseP_C.testosteroni,clusS100,RNaseP
srp_Sacc.cere._U18916,clusS100,srp
tRNA_tdbR00000142-Saccharomyces_cerevisiae-4932-His-GUG,clusS100,tRNA
telomerase_AF221913.109-520,clusS100,telomerase
srp_Tetr.rost._SDB-5909,clusS100,srp
tmRNA_Fran.tula._AJ749949_1-421,clusS100,tmRNA
tRNA_tdbR00000462-Rattus_norvegicus-10116-Val-UAC,clusS100,tRNA
RNaseP_A.eutrophus,clusS100,RNaseP
RNaseP_S.bayanus,clusS100,RNaseP
5s_Caenorhabditis-elegans-3,clusS100,5s
srp_Myco.tube._AE000516,clusS100,srp
srp_Anto.locu._GSP-278021,clusS100,srp
grp1_a.I1.e.L.dispersa.UNK.SSU.1516,clusS100,grp1
5s_Erythromicrobium-ramosum-1,clusS100,5s
tmRNA_Stap.epid._AF375586_1-311,clusS100,tmRNA
RNaseP_Nocardiodes-NSP41,clusS100,RNaseP
RNaseP_Nostoc-PCC6705,clusS100,RNaseP
tmRNA_Arth.spec._CP000454_1-369,clusS100,tmRNA
RNaseP_B.bronchiseptica,clusS100,RNaseP
16s_C.elegans_domain4,clusS100,16s
srp_Plas.berg._GSP-5823,clusS100,srp
tRNA_tdbR00000400-Loligo_bleekeri-6617-Ser-7CU,clusS100,tRNA
tmRNA_Myco.pulm._AL445565_1-387,clusS100,tmRNA
RNaseP_SMB-B3,clusS100,RNaseP
tRNA_tdbR00000009-Escherichia_coli-562-Ala-VGC,clusS100,tRNA
tRNA_tdbR00000052-Aedes_albopictus-7160-Glu-NUC,clusS100,tRNA
16s_H.sapiens_domain3,clusS100,16s
16s_Z.mays_domain4,clusS100,16s
RNaseP_C.pecorum-IPA,clusS100,RNaseP
grp1_a.I1.e.S.paniceum.UNK.SSU.1052,clusS100,grp1
tRNA_tdbR00000224-Rhodospirillum_rubrum-1085-Leu-CAA,clusS100,tRNA
tmRNA_Bdel.bact._BX842656_1-346,clusS100,tmRNA
tmRNA_Stre.scab._TRW-1883_1-402,clusS100,tmRNA
srp_Chlo.vulg._AB001684,clusS100,srp
srp_Heli.acin._AM260522,clusS100,srp
5s_Roseococcus-thiosulfatophilus-1,clusS100,5s
5s_Candidatus-Tremblaya-princeps-6,clusS100,5s
srp_Aspe.clav._GSP-344612,clusS100,srp
tRNA_tdbR00000395-Saccharomyces_cerevisiae-4932-Ser-GCU,clusS100,tRNA
tRNA_tdbR00000409-Candida_cylindracea-44322-Ser-CAG,clusS100,tRNA
16s_B.subtilis_domain4,clusS100,16s
16s_P.staleyi_domain2,clusS100,16s
tmRNA_Syne.elon._TRW-32046_1-394,clusS100,tmRNA
RNaseP_ESH7-4,clusS100,RNaseP
5s_Crithidia-fasciculata-1,clusS100,5s
tRNA_tdbR00000619-Toxoplasma_gondii-5811-Met-CAU,clusS100,tRNA
5s_Erythromicrobium-hydrolyticum-1,clusS100,5s
srp_Cryp.homi._GSP-353151,clusS100,srp
tmRNA_Cald.sacc._TRW-351627_1-368,clusS100,tmRNA
16s_B.subtilis_domain3,clusS100,16s
16s_C.reinhardtii.mito_domain3,clusS100,16s
23s_T.thermophilus_domain6,clusS100,23s
telomerase_AF221926.103-507,clusS100,telomerase
grp1_a.I1.e.S.granulatum.C1.SSU.1506,clusS100,grp1
tmRNA_Pola.spec._CP000316_1-387,clusS100,tmRNA
RNaseP_H.trapanicum,clusS100,RNaseP
telomerase_AY312571.605-1069,clusS100,telomerase
srp_Unci.rees._GSP-336963,clusS100,srp
5s_Mycoplasma-mobile-1,clusS100,5s
tmRNA_Gemm.obsc._TRW-214688_1-412,clusS100,tmRNA
tmRNA_Neph.oliv._AF137379-1_1-327,clusS100,tmRNA
tmRNA_Pelo.carb._CP000142_1-358,clusS100,tmRNA
tmRNA_Chro.viol._AE016825_1-365,clusS100,tmRNA
tRNA_tdbR00000461-Rattus_norvegicus-10116-Val-UAC,clusS100,tRNA
23s_H.pylori_domain3,clusS100,23s
grp1_a.I1.e.L.dispersa.UNK.SSU.1046,clusS100,grp1
grp1_a.I1.e.S.paniceum.UNK.SSU.287,clusS100,grp1
RNaseP_N.gregoryi,clusS100,RNaseP
RNaseP_T.acidophilum,clusS100,RNaseP
tmRNA_envi.sequ._TRW-351057-3_1-355,clusS100,tmRNA
tRNA_tdbR00000345-Homo_sapiens-9606-Gln-NUG,clusS100,tRNA
srp_Tric.vagi._GSP-5722-1,clusS100,srp
tmRNA_Aqui.aeol._TRW-63363_1-347,clusS100,tmRNA
grp1_a.I1.b.Phormidium.sp.N182.C3.tLEU,clusS100,grp1
telomerase_AF221918.97-547,clusS100,telomerase
srp_List.mono._AE017262,clusS100,srp
tRNA_tdbR00000127-Halocynthia_roretzi-7729-Gly-UCU,clusS100,tRNA
5s_Wolbachia-endosymbiont-of-B.-malayi-1,clusS100,5s
23s_S.aureus_domain3,clusS100,23s
5s_Arabidopsis-thaliana-1,clusS100,5s
5s_Halorubrum-distributum-1,clusS100,5s
tmRNA_Bloc.penn._CP000016_1-392,clusS100,tmRNA
5s_Hyphomonas-oligotropha-1,clusS100,5s
RNaseP_SM-A5179,clusS100,RNaseP
grp1_a.I1.e.P.carinii.Pc1.C1.LSU.1921,clusS100,grp1
srp_Pyro.furi._AE010126,clusS100,srp
tRNA_tdbR00000036-Euglena_gracilis-3039-Asp-GUC,clusS100,tRNA
srp_Clav.lusi._GSP-306902,clusS100,srp
tRNA_tdbR00000398-Ascaris_suum-6253-Ser-UCU,clusS100,tRNA
grp1_a.I1.e.S.paniceum.UNK.SSU.114,clusS100,grp1
16s_C.psittaci_domain2,clusS100,16s
16s_Z.mays_domain3,clusS100,16s
RNaseP_M.maripaludus,clusS100,RNaseP
5s_Mycoplasma-gallisepticum-3,clusS100,5s
RNaseP_M.barkeri,clusS100,RNaseP
tRNA_tdbR00000023-Haloferax_volcanii-2246-Asp-GUC,clusS100,tRNA
tRNA_tdbR00000245-Rattus_norvegicus-10116-Leu-UAG,clusS100,tRNA
16s_H.sapiens_domain4,clusS100,16s
srp_Thei.annu._NW_001091934,clusS100,srp
tmRNA_Camp.fetu._AY211269_1-361,clusS100,tmRNA
tmRNA_Chlo.chlo._CP000108_1-401,clusS100,tmRNA
srp_Fran.spec._CP000249,clusS100,srp
5s_Tremella-mesenterica-1,clusS100,5s
16s_G.intestinalis_domain3,clusS100,16s
RNaseP_C.paradoxa-cyanelle,clusS100,RNaseP
srp_Gibb.moni._GSP-334819,clusS100,srp
telomerase_AF221929.92-517,clusS100,telomerase
RNaseP_K.polysporus,clusS100,RNaseP
16s_G.intestinalis_domain1,clusS100,16s
16s_P.occultum_domain4,clusS100,16s
srp_Cand.glab._CR380957,clusS100,srp
grp1_a.I1.e.P.inouyei.C1.SSU.1506,clusS100,grp1
16s_M.polymorpha_domain3,clusS100,16s
tmRNA_Fibr.succ._TRW-59374_1-361,clusS100,tmRNA
tRNA_tdbR00000556-Schizosaccharomyces_pombe-4896-Tyr-GPA,clusS100,tRNA
RNaseP_P.canadensis,clusS100,RNaseP
RNaseP_Rr327,clusS100,RNaseP
srp_Cand.albi._GSP-237561,clusS100,srp
tRNA_tdbR00000380-Halobacterium_salinarum-2242-Ser-MGA,clusS100,tRNA
tRNA_tdbR00000215-Haloferax_volcanii-2246-Leu-5AG,clusS100,tRNA
tRNA_tdbR00000203-Loligo_bleekeri-6617-Lys-NUU,clusS100,tRNA
tRNA_tdbR00000221-Escherichia_coli-562-Leu-CAG,clusS100,tRNA
tmRNA_uncu.bact._TRW-383630-1_1-364,clusS100,tmRNA
tRNA_tdbR00000364-Ascaris_suum-6253-Arg-ACG,clusS100,tRNA
grp1_a.I1.c.A.cherimola.C3.tLEU,clusS100,grp1
tRNA_tdbR00000167-Aedes_albopictus-7160-Ile-GAU,clusS100,tRNA
tmRNA_Desu.desu._CP000112_1-360,clusS100,tmRNA
23s_H.pylori_domain6,clusS100,23s
tRNA_tdbR00000169-Homo_sapiens-9606-Ile-GAU,clusS100,tRNA
5s_Methanosarcina-vacuolata-1,clusS100,5s
srp_Medi.trun._AC136507-1,clusS100,srp
tmRNA_Geob.meta._CP000148_1-356,clusS100,tmRNA
16s_H.volcanii_domain1,clusS100,16s
tRNA_tdbR00000114-Staphylococcus_epidermidis-1282-Gly-UCC,clusS100,tRNA
tmRNA_Acid.ferr._TRW-133824_1-364,clusS100,tmRNA
tRNA_tdbR00000573-Leishmania_tarentolae-5689-Gln-3UG,clusS100,tRNA
RNaseP_C.psittaci-2,clusS100,RNaseP
srp_Sacc.cere._U18917,clusS100,srp
srp_Hype.buty._CP000493,clusS100,srp
5s_Wolbachia-pipientis-1,clusS100,5s
tRNA_tdbR00000128-Halocynthia_roretzi-7729-Gly-GCU,clusS100,tRNA
tRNA_tdbR00000347-Enterobacteria_phage_T4-10665-Arg-NCU,clusS100,tRNA
tmRNA_Myxo.xant._TRW-34_1-366,clusS100,tmRNA
telomerase_AY058901.1-397,clusS100,telomerase
srp_Ther.mari._AE000512,clusS100,srp
tmRNA_Lact.brev._CP000416_1-372,clusS100,tmRNA
5s_Cyanidium-caldarium-1,clusS100,5s
tRNA_tdbR00000069-Synechococcus_sp._PCC_7002-32049-Phe-GAA,clusS100,tRNA
tmRNA_envi.sequ._TRW-363179_1-348,clusS100,tmRNA
5s_Mycoplasma-genitalium-1,clusS100,5s
5s_Micrococcus-luteus-4,clusS100,5s
5s_Ascobolus-immersus-1,clusS100,5s
16s_E.coli_domain2,clusS100,16s
16s_Z.mays_domain1,clusS100,16s
tRNA_tdbR00000590-Ascaris_suum-6253-Glu-UC,clusS100,tRNA
grp1_b.I1.e.M.anisopliae.2.C1.LSU.1921,clusS100,grp1
tmRNA_Bloc.flor._BX248583_1-393,clusS100,tmRNA
tmRNA_Lact.sake._AF400065_1-370,clusS100,tmRNA
5s_Bacillus-cereus-10,clusS100,5s
srp_Oryz.sati._AP003253,clusS100,srp
RNaseP_S.carlsbergensis,clusS100,RNaseP
grp1_a.I1.e.S.sclerotiorum_1837.C1.LSU.798,clusS100,grp1
5s_Nitella-flexilis-1,clusS100,5s
srp_Haem.somn._CP000436,clusS100,srp
RNaseP_A.telluris,clusS100,RNaseP
5s_Asterias-vulgaris-1,clusS100,5s
RNaseP_S.dairensis,clusS100,RNaseP
srp_Pyro.isla._CP000504,clusS100,srp
tmRNA_Myco.hyop._TRW-262719_1-433,clusS100,tmRNA
tmRNA_Thal.weis._AF049491_1-348,clusS100,tmRNA
5s_Chlorella-pyrenoidosa-1,clusS100,5s
srp_Alka.meta._CP000724,clusS100,srp
5s_Fusobacterium-nucleatum-3,clusS100,5s
16s_C.reinhardtii.mito_domain2,clusS100,16s
5s_Batrachospermum-ectocarpum-1,clusS100,5s
srp_Scle.scle._GSP-325569,clusS100,srp
16s_C.reinhardtii.chloro_domain1,clusS100,16s
srp_Myco.geni._L43967,clusS100,srp
tmRNA_envi.sequ._TRW-356-1_1-289,clusS100,tmRNA
tRNA_tdbR00000492-Rattus_norvegicus-10116-Trp-NCA,clusS100,tRNA
5s_Clostridium-innocuum-1,clusS100,5s
16s_A.fulgidus_domain2,clusS100,16s
RNaseP_CPB149,clusS100,RNaseP
5s_Halobacterium-sp.-2,clusS100,5s
5s_Methanothermobacter-thermautotrophicus-5,clusS100,5s
16s_H.volcanii_domain2,clusS100,16s
tRNA_tdbR00000168-Bos_taurus-9913-Ile-GAU,clusS100,tRNA
23s_E.coli_domain3,clusS100,23s
RNaseP_vHge3-5,clusS100,RNaseP
tmRNA_Nost.punc._TRW-63737_1-390,clusS100,tmRNA
srp_Baci.anth._AE017334,clusS100,srp
srp_Lyco.escu._Z46744,clusS100,srp
tmRNA_Prop.acne._TRW-1747-2_1-353,clusS100,tmRNA
5s_Halorubrum-distributum-3,clusS100,5s
srp_Onch.volv._AI249203,clusS100,srp
RNaseP_H.cutirubrum,clusS100,RNaseP
tmRNA_Myco.aviu._AE016958_1-368,clusS100,tmRNA
srp_Para.bras._GSP-121759,clusS100,srp
RNaseP_L.borgpetersenii,clusS100,RNaseP
tRNA_tdbR00000460-Aedes_albopictus-7160-Val-UAC,clusS100,tRNA
RNaseP_CPA61,clusS100,RNaseP
5s_Micrococcus-luteus-2,clusS100,5s
RNaseP_P.marinus,clusS100,RNaseP
grp1_a.I1.e.P.clavariiformis.C1.SSU.943,clusS100,grp1
tRNA_tdbR00000577-Leishmania_tarentolae-5689-Glu-CUC,clusS100,tRNA
telomerase_AF221908.136-584,clusS100,telomerase
16s_C.reinhardtii.chloro_domain3,clusS100,16s
tmRNA_Camp.coli._AL111168_1-359,clusS100,tmRNA
tmRNA_Emil.huxl._AY741371_1-291,clusS100,tmRNA
16s_C.psittaci_domain4,clusS100,16s
grp1_a.I1.e.G.planctonica.C1.SSU.943,clusS100,grp1
5s_Desulfurococcus-mobilis-1,clusS100,5s
5s_Candidatus-Tremblaya-princeps-1,clusS100,5s
srp_Gynu.aura._SDB-109565,clusS100,srp
5s_Agrobacterium-tumefaciens-1,clusS100,5s
tRNA_tdbR00000270-Avian_myeloblastosis_virus-11866-Met-BAU,clusS100,tRNA
5s_Pseudomonas-stutzeri-2,clusS100,5s
16s_C.psittaci_domain3,clusS100,16s
RNaseP_M.fermentans,clusS100,RNaseP
srp_Trit.aest._X13915,clusS100,srp
5s_Paracentrotus-lividus-2,clusS100,5s
23s_T.thermophilus_domain3,clusS100,23s
srp_Giar.lamb._GSP-184922,clusS100,srp
RNaseP_C.tepidum,clusS100,RNaseP
RNaseP_T.delbrueckii,clusS100,RNaseP
srp_Chla.pneu._AE001624,clusS100,srp
RNaseP_N.plantarum,clusS100,RNaseP
RNaseP_EM14b-11,clusS100,RNaseP
srp_Enta.hist._BK005670,clusS100,srp
tRNA_tdbR00000229-Glycine_max-3847-Leu-JAA,clusS100,tRNA
RNaseP_M.thermoautotrophicumDH-2,clusS100,RNaseP
tRNA_tdbR00000031-Rattus_norvegicus-10116-Asp-QUC,clusS100,tRNA
tmRNA_List.seel._AF440350_1-321,clusS100,tmRNA
telomerase_AF147806.247-692,clusS100,telomerase
telomerase_AF221909.98-496,clusS100,telomerase
srp_Phak.pach._GSP-170000-2,clusS100,srp
grp1_a.I1.e.P.carinii.Pc3.C1.LSU.1921,clusS100,grp1
16s_C.reinhardtii.mito_domain4,clusS100,16s
16s_H.volcanii_domain3,clusS100,16s
tRNA_tdbR00000399-Aedes_albopictus-7160-Ser-GCU,clusS100,tRNA
tmRNA_Legi.pneu._CR628337_1-406,clusS100,tmRNA
RNaseP_M.flocculare,clusS100,RNaseP
tRNA_tdbR00000237-Saccharomyces_cerevisiae-4932-Leu-AA,clusS100,tRNA
grp1_a.I1.e.C.merochlorophea.UNK.SSU.1046,clusS100,grp1
16s_T.maritima_domain2,clusS100,16s
grp1_b.I1.e.C.saccharophila.C1.SSU.156,clusS100,grp1
16s_F.ananassa_domain4,clusS100,16s
16s_M.polymorpha_domain2,clusS100,16s
telomerase_AF221932.102-549,clusS100,telomerase
srp_Kluy.lact._CR382126,clusS100,srp
tmRNA_Baci.G._TRW-12333_1-312,clusS100,tmRNA
16s_S.cerevisiae_domain4,clusS100,16s
tRNA_tdbR00000427-Gallus_gallus-9031-Ser-UGA,clusS100,tRNA
grp1_a.I1.e.A.adeninivorans.C1.LSU.2449,clusS100,grp1
16s_A.pyrophilus_domain4,clusS100,16s
srp_Aero.pern._BA000002,clusS100,srp
tmRNA_Leuc.mese._AF375574_1-307,clusS100,tmRNA
grp1_a.I1.e.U.maydis.C1.SSU.943,clusS100,grp1
srp_Crit.fasc._AY781797,clusS100,srp
16s_A.fulgidus_domain3,clusS100,16s
tmRNA_Idio.loih._AE017340_1-359,clusS100,tmRNA
RNaseP_Anabaena-PCC7120,clusS100,RNaseP
RNaseP_Prochlorococcus-TAK9803-2,clusS100,RNaseP
5s_Azospirillum-lipoferum-1,clusS100,5s
tRNA_tdbR00000126-Halocynthia_roretzi-7729-Gly-NCU,clusS100,tRNA
srp_Trit.aest._CA694528,clusS100,srp
grp1_a.I1.e.T.hyperangularis.C1.LSU.1925,clusS100,grp1
RNaseP_B.bufo,clusS100,RNaseP
tRNA_tdbR00000044-Mycoplasma_capricolum-2095-Glu-UC,clusS100,tRNA
srp_Cand.Bloc._CP000016,clusS100,srp
5s_Hyphomicrobium-vulgare-1,clusS100,5s
RNaseP_LGA8,clusS100,RNaseP
16s_P.staleyi_domain4,clusS100,16s
grp1_a.I1.c.S.bicolor.C3.tLEU,clusS100,grp1
srp_Batr.dend._GSP-403673,clusS100,srp
tRNA_tdbR00000212-Haloferax_volcanii-2246-Leu-CAG,clusS100,tRNA
tRNA_tdbR00000276-Escherichia_coli-562-Met-MAU,clusS100,tRNA
tmRNA_Grac.tenu._AY673996_1-396,clusS100,tmRNA
srp_Brad.japo._BA000040,clusS100,srp
tRNA_tdbR00000521-Bos_taurus-9913-Ini-CAU,clusS100,tRNA
tmRNA_Cyan.cald._AF022186_1-254,clusS100,tmRNA
RNaseP_SM-A2539,clusS100,RNaseP
RNaseP_SM-A01,clusS100,RNaseP
grp1_a.I1.e.E.dermatitidis.C1.SSU.943,clusS100,grp1
tmRNA_Borr.burg._TRW-224326_1-362,clusS100,tmRNA
tRNA_tdbR00000173-Bombyx_mori-7091-Ile-IAU,clusS100,tRNA
grp1_a.I1.e.C.ellipsoidea.211-1a.C1.SSU.1506,clusS100,grp1
tmRNA_Porp.ging._TRW-242619_1-407,clusS100,tmRNA
RNaseP_B.pertussis,clusS100,RNaseP
RNaseP_LGW17,clusS100,RNaseP
grp1_a.I1.e.A.stipitatus.C1.SSU.1046,clusS100,grp1
RNaseP_Z.florentinus,clusS100,RNaseP
5s_Candidatus-Phytoplasma-asteris-1,clusS100,5s
16s_T.gondii_domain4,clusS100,16s
RNaseP_T.album,clusS100,RNaseP
tRNA_tdbR00000194-Triticum_aestivum-4565-Lys-CUU,clusS100,tRNA
5s_Cryptomonas-paramecium-1,clusS100,5s
5s_Andrias-davidianus-1,clusS100,5s
5s_Helicobacter-pylori-2,clusS100,5s
5s_Methanococcus-vannielii-1,clusS100,5s
5s_Clostridium-acetobutylicum-3,clusS100,5s
RNaseP_CPA58,clusS100,RNaseP
16s_T.gondii_domain3,clusS100,16s
5s_Roseococcus-thiosulfatophilus-2,clusS100,5s
telomerase_AF221914.112-589,clusS100,telomerase
tmRNA_Trem.prin._AF481102_1-264,clusS100,tmRNA
grp1_a.I1.e.G.spirotaenia.C1.SSU.1506,clusS100,grp1
srp_Psyc.cryo._CP000323,clusS100,srp
5s_Pirellula-sp.-1,clusS100,5s
tRNA_tdbR00000275-Thermus_thermophilus-274-Met-CAU,clusS100,tRNA
16s_C.reinhardtii.chloro_domain4,clusS100,16s
grp1_a.I1.e.A.capsulatus.G186B.C1.SSU,clusS100,grp1
tRNA_tdbR00000572-Leishmania_tarentolae-5689-Lys-1UU,clusS100,tRNA
5s_Chlamydia-muridarum-2,clusS100,5s
RNaseP_S.japonicus,clusS100,RNaseP
srp_Nect.haem._GSP-71109,clusS100,srp
16s_P.occultum_domain2,clusS100,16s
16s_C.elegans_domain1,clusS100,16s
tmRNA_envi.sequ._TRW-2-1_1-365,clusS100,tmRNA
telomerase_AF221917.99-542,clusS100,telomerase
tmRNA_Stre.coll._AY485228_1-386,clusS100,tmRNA
5s_Rhodococcus-fascians-1,clusS100,5s
RNaseP_LGA1,clusS100,RNaseP
RNaseP_E.eschscholtzii-1,clusS100,RNaseP
RNaseP_B.subtilis,clusS100,RNaseP
tmRNA_Myco.gall._AE015450_1-408,clusS100,tmRNA
tmRNA_Psyc.arct._CP000082_1-359,clusS100,tmRNA
tRNA_tdbR00000251-Saccharomyces_cerevisiae-4932-Leu-UAA,clusS100,tRNA
srp_Chae.glob._GSP-306901,clusS100,srp
tRNA_tdbR00000280-Saccharomyces_cerevisiae-4932-Met-CAU,clusS100,tRNA
telomerase_AF221937.99-545,clusS100,telomerase
5s_Methanosarcina-acetivorans-1,clusS100,5s
5s_Bacteroides-thetaiotaomicron-1,clusS100,5s
tRNA_tdbR00000328-Enterobacteria_phage_T5-10726-Gln-UUG,clusS100,tRNA
grp1_a.I1.e.C.merochlorophea.UNK.SSU.1389,clusS100,grp1
RNaseP_P.strasburgensis,clusS100,RNaseP
tRNA_tdbR00000384-Mycoplasma_capricolum-2095-Ser-GCU,clusS100,tRNA
16s_H.sapiens.mito_domain2,clusS100,16s
23s_S.aureus_domain4,clusS100,23s
RNaseP_A.tumefaciens,clusS100,RNaseP
grp1_a.I1.m.M.grisea.B2.ND1,clusS100,grp1
grp1_a.I1.b.S.hofmanii.C3.tMET,clusS100,grp1
grp1_a.I1.e.L.dispersa.UNK.SSU.114,clusS100,grp1
tRNA_tdbR00000368-Mesocricetus_auratus-10036-Arg-UCG,clusS100,tRNA
tRNA_tdbR00000085-Schizosaccharomyces_pombe-4896-Phe-AA,clusS100,tRNA
srp_Plas.falc._EF690554,clusS100,srp
grp1_a.I1.e.C.grayi.UNK.SSU.1516,clusS100,grp1
RNaseP_PF101,clusS100,RNaseP
5s_Loofah-witches-broom-phytoplasma-1,clusS100,5s
tmRNA_Myco.Bxz1._AY129337_1-437,clusS100,tmRNA
16s_G.intestinalis_domain4,clusS100,16s
tmRNA_Clos.teta._AE015927_1-355,clusS100,tmRNA
16s_M.polymorpha_domain4,clusS100,16s
23s_B.subtilis_domain4,clusS100,23s
5s_Bacteroides-fragilis-1,clusS100,5s
16s_B.burgdorferi_domain2,clusS100,16s
grp1_a.I1.e.C.saxonicum.C1.SSU.1506,clusS100,grp1
srp_Stre.pyog._AM295007,clusS100,srp
grp1_a.I1.m.S.luteus.A1.LSU.2504,clusS100,grp1
5s_Listeria-monocytogenes-3,clusS100,5s
telomerase_AF221939.99-544,clusS100,telomerase
5s_Thermomicrobium-roseum-1,clusS100,5s
telomerase_U85256.1-451,clusS100,telomerase
5s_Haloferax-mediterranei-2,clusS100,5s
tmRNA_Meso.viri._AF166114_1-359,clusS100,tmRNA
RNaseP_D.radiodurans,clusS100,RNaseP
telomerase_AF221923.106-554,clusS100,telomerase
grp1_a.I1.e.D.parva.C1.SSU.943,clusS100,grp1
tRNA_tdbR00000622-Nicotiana_rustica-4093-Cys-GCA,clusS100,tRNA
srp_Dich.nodo._CP000513,clusS100,srp
RNaseP_S.polymorpha,clusS100,RNaseP
RNaseP_SMB-A5,clusS100,RNaseP
tRNA_tdbR00000365-Aedes_albopictus-7160-Arg-UCG,clusS100,tRNA
tmRNA_Copr.prot._TRW-351627_1-353,clusS100,tmRNA
5s_Alcaligenes-faecalis-2,clusS100,5s
5s_Geobacillus-kaustophilus-7,clusS100,5s
grp1_a.I1.b.Synechococcus.sp2.C3.tLEU,clusS100,grp1
tmRNA_Mari.aqua._TRW-351348_1-366,clusS100,tmRNA
tmRNA_Chla.trac._TRW-272561_1-420,clusS100,tmRNA
RNaseP_Z.bailii,clusS100,RNaseP
tRNA_tdbR00000105-Halobacterium_salinarum-2242-Gly-GCC,clusS100,tRNA
telomerase_AF221925.98-540,clusS100,telomerase
5s_Ureaplasma-parvum-3,clusS100,5s
telomerase_AF221935.112-602,clusS100,telomerase
RNaseP_Z.rouxii,clusS100,RNaseP
RNaseP_M.genitalium,clusS100,RNaseP
srp_Desu.psyc._CR522870,clusS100,srp
tRNA_tdbR00000030-Aedes_albopictus-7160-Asp-GUC,clusS100,tRNA
tmRNA_uncu.bact._TRW-45456_1-408,clusS100,tmRNA
5s_Thermoplasma-acidophilum-1,clusS100,5s
RNaseP_S.globosus,clusS100,RNaseP
5s_Methanopyrus-kandleri-1,clusS100,5s
tRNA_tdbR00000005-Mycoplasma_capricolum-2095-Ala-UGC,clusS100,tRNA
tmRNA_Spir.citr._AM285321_1-424,clusS100,tmRNA
grp1_a.I1.e.T.malaccensis.C1.LSU.1925,clusS100,grp1
16s_B.burgdorferi_domain3,clusS100,16s
tmRNA_Meso.flor._AE017263_1-408,clusS100,tmRNA
5s_Trichoplax-adhaerens-1,clusS100,5s
srp_Ashb.goss._AE016819,clusS100,srp
srp_Kluy.walt._AADM01000319,clusS100,srp
RNaseP_U.stanburiana,clusS100,RNaseP
tmRNA_Laws.intr._AM180252_1-376,clusS100,tmRNA
srp_Lact.gass._CP000413,clusS100,srp
tmRNA_Myco.geni._U39713_1-385,clusS100,tmRNA
5s_Actinia-equina-1,clusS100,5s
5s_Cryptococcus-laurentii-1,clusS100,5s
telomerase_AF221934.121-565,clusS100,telomerase
5s_uncultured-euryarchaeote-37F11-1,clusS100,5s
tRNA_tdbR00000012-Saccharomyces_cerevisiae-4932-Ala-IGC,clusS100,tRNA
telomerase_AF221924.105-538,clusS100,telomerase
srp_Myco.bovi._BX248347,clusS100,srp
5s_Sandaracinobacter-sibiricus-1,clusS100,5s
16s_H.volcanii_domain4,clusS100,16s
grp1_a.I1.e.S.paniceum.UNK.SSU.1210,clusS100,grp1
srp_Moor.ther._CP000232,clusS100,srp
tRNA_tdbR00000323-Saccharomyces_cerevisiae-4932-Pro-NGG,clusS100,tRNA
23s_E.coli_domain4,clusS100,23s
tRNA_tdbR00000352-Mycoplasma_capricolum-2095-Arg-ICG,clusS100,tRNA
grp1_s.I1.e.T.thermophila.C1.LSU.1925.schem,clusS100,grp1
16s_H.sapiens.mito_domain3,clusS100,16s
16s_G.intestinalis_domain2,clusS100,16s
23s_E.coli_domain6,clusS100,23s
5s_Bursaphelenchus-mucronatus-1,clusS100,5s
tRNA_tdbR00000367-Bos_taurus-9913-Arg-UCG,clusS100,tRNA
srp_Shew.balt._CP000563,clusS100,srp
tmRNA_uncu.bact._TRW-80840-2_1-379,clusS100,tmRNA
grp1_a.I1.e.B.yamatoana.JCM2896.C1.SSU.1506,clusS100,grp1
grp1_a.I1.e.T.cosmopolitanis.C1.LSU.1925,clusS100,grp1
srp_Eime.tene._CD666347,clusS100,srp
RNaseP_T.roseum,clusS100,RNaseP
16s_T.maritima_domain3,clusS100,16s
RNaseP_EM14b-9,clusS100,RNaseP
RNaseP_R.norvegicus,clusS100,RNaseP
grp1_a.I1.e.C.merochlorophea.UNK.SSU.1516,clusS100,grp1
23s_H.pylori_domain4,clusS100,23s
grp1_a.I1.e.L.dispersa.UNK.SSU.287,clusS100,grp1
tmRNA_Jako.libe._TRW-143017_1-102,clusS100,tmRNA
telomerase_AF221921.98-548,clusS100,telomerase
telomerase_AF221920.99-541,clusS100,telomerase
5s_Mycoplasma-pulmonis-1,clusS100,5s
16s_E.coli_domain4,clusS100,16s
16s_H.sapiens.mito_domain4,clusS100,16s
grp1_a.I1.e.P.carinii.Pc2.C1.LSU.1921,clusS100,grp1
grp1_a.I1.e.C.ellipsoidea.IAMC-87.C1.SSU.1506,clusS100,grp1
5s_Nephila-clavipes-1,clusS100,5s
5s_Fusarium-pseudograminearum-3,clusS100,5s
srp_Spra.loph._GSP-51541,clusS100,srp
tRNA_tdbR00000082-Neurospora_crassa-5141-Phe-AA,clusS100,tRNA
5s_Sulfolobus-tokodaii-1,clusS100,5s
tRNA_tdbR00000592-Ascaris_suum-6253-Gln-UG,clusS100,tRNA
grp1_a.I1.e.P.macrosporus.C1.SSU.943,clusS100,grp1
RNaseP_S.equi,clusS100,RNaseP
telomerase_AF221906.96-545,clusS100,telomerase
RNaseP_CPB69,clusS100,RNaseP
telomerase_AF221936.98-540,clusS100,telomerase
RNaseP_A.ferrooxidans,clusS100,RNaseP
grp1_a.I1.e.L.dispersa.UNK.SSU.516,clusS100,grp1
srp_Schi.pomb._M20264,clusS100,srp
tRNA_tdbR00000210-Enterobacteria_phage_T5-10726-Leu-UAG,clusS100,tRNA
RNaseP_N.olivacea-chloroplast,clusS100,RNaseP
tRNA_tdbR00000190-Bos_taurus-9913-Lys-NUU,clusS100,tRNA
telomerase_AF221930.94-546,clusS100,telomerase
tmRNA_Pseu.fluo._TRW-216595_1-397,clusS100,tmRNA
tRNA_tdbR00000074-Tetrahymena_pyriformis-5908-Phe-GAA,clusS100,tRNA
telomerase_AF221910.112-554,clusS100,telomerase
16s_S.cerevisiae_domain3,clusS100,16s
RNaseP_E1B,clusS100,RNaseP
srp_Gald.sulp._GSP-130081,clusS100,srp
srp_Pseu.aeru._CP000744,clusS100,srp
grp1_a.I1.e.B.ciliata.JCM6865.C1.SSU.1506,clusS100,grp1
srp_Ajel.caps._CV620298,clusS100,srp
srp_Sola.tube._DR037645,clusS100,srp
tRNA_tdbR00000403-Bos_taurus-9913-Ser-UGA,clusS100,tRNA
telomerase_AF221931.99-541,clusS100,telomerase
RNaseP_P.gingivalis,clusS100,RNaseP
telomerase_AC121792.109554-109950,clusS100,telomerase
tRNA_tdbR00000143-Asterias_amurensis-7602-His-QUG,clusS100,tRNA
telomerase_AF221919.107-614,clusS100,telomerase
RNaseP_SL2D,clusS100,RNaseP
grp1_a.I1.e.P.pachydermus.C1.SSU.943,clusS100,grp1
RNaseP_P.acanthamoebae,clusS100,RNaseP
tRNA_tdbR00000189-Rattus_norvegicus-10116-Lys-NUU,clusS100,tRNA
tRNA_tdbR00000216-Mycoplasma_capricolum-2095-Leu-BAA,clusS100,tRNA
grp1_a.I1.m.S.pombe.B1.OX1,clusS100,grp1
5s_Flectobacillus-major-1,clusS100,5s
5s_Methanobrevibacter-ruminantium-1,clusS100,5s
tRNA_tdbR00000029-Asterias_amurensis-7602-Asp-QUC,clusS100,tRNA
RNaseP_H.chlorum-partial,clusS100,RNaseP
23s_B.subtilis_domain3,clusS100,23s
srp_Pich.guil._GSP-294746,clusS100,srp
srp_Bos.taur._GSP-6282,clusS100,srp
tmRNA_Burk.ceno._CP000378_1-370,clusS100,tmRNA
grp1_a.I1.e.D.salina.C1.SSU.943,clusS100,grp1
srp_Deba.hans._CR382138,clusS100,srp
RNaseP_A.chroococcum,clusS100,RNaseP
tRNA_tdbR00000385-Mycoplasma_capricolum-2095-Ser-UGA,clusS100,tRNA
tmRNA_Sten.malt._TRW-40324_1-354,clusS100,tmRNA
RNaseP_C.psittaci-R54,clusS100,RNaseP
tRNA_tdbR00000282-Ascaris_suum-6253-Met-AU,clusS100,tRNA
5s_Streptomyces-diastaticus-1,clusS100,5s
5s_Nanoarchaeum-equitans-1,clusS100,5s
tmRNA_Buch.aphi._AE013218_1-376,clusS100,tmRNA
tmRNA_Oeno.oeni._TRW-203123_1-350,clusS100,tmRNA
RNaseP_V.spinosum,clusS100,RNaseP
grp1_a.I1.e.P.carinii.C1.SSU.1506,clusS100,grp1
grp1_a.I1.e.B.yamatoana.JCM2896.C1.SSU.943,clusS100,grp1
5s_Lactococcus-lactis-1,clusS100,5s
RNaseP_SM-A3048,clusS100,RNaseP
tmRNA_Prev.inte._TRW-246198_1-400,clusS100,tmRNA
srp_Proc.mari._CP000552,clusS100,srp
grp1_a.I1.e.A.capsulatus.G184B.C1.SSU,clusS100,grp1
srp_Tryp.bruc._AC159431,clusS100,srp
srp_Chro.sale._CP000285,clusS100,srp
srp_Proc.mari._AE017126,clusS100,srp
tmRNA_Stap.aure._BA000033_1-362,clusS100,tmRNA
grp1_a.I1.e.Staurastrum.sp.M752.C1.SSU.1506,clusS100,grp1
RNaseP_LGB23,clusS100,RNaseP
RNaseP_Synechocystis-PCC6803,clusS100,RNaseP
RNaseP_CPA56,clusS100,RNaseP
tmRNA_Ocea.ihey._BA000028_1-364,clusS100,tmRNA
16s_Z.mays_domain2,clusS100,16s
tmRNA_Xyle.fast._AE003849_1-355,clusS100,tmRNA
tmRNA_Ther.ther._Y15063_1-349,randS400,tmRNA
tmRNA_Shig.dyse._TRW-358708_1-363,randS400,tmRNA
tRNA_tdbR00000471-Oryctolagus_cuniculus-9986-Val-IAC,randS400,tRNA
tRNA_tdbR00000553-Asterias_amurensis-7602-Tyr-GUA,randS400,tRNA
5s_Microbotryum-violaceum-1,randS400,5s
tRNA_tdbR00000063-Haloferax_volcanii-2246-Phe-GAA,randS400,tRNA
tmRNA_Esch.coli._CP000243_1-363,randS400,tmRNA
tRNA_tdbR00000549-Tetrahymena_pyriformis-5908-Tyr-QUA,randS400,tRNA
16s_A.fulgidus_domain4,randS400,16s
RNaseP_S.versatilis,randS400,RNaseP
tmRNA_Geob.sulf._AE017180_1-356,randS400,tmRNA
srp_Meth.flag._CP000284,randS400,srp
tmRNA_Acin.spec._CR543861_1-360,randS400,tmRNA
tmRNA_uncu.bact._TRW-32033-1_1-354,randS400,tmRNA
RNaseP_N.fulvus-JCM3335,randS400,RNaseP
RNaseP_Nocardiodes-ATCC39419,randS400,RNaseP
tRNA_tdbR00000593-Ascaris_suum-6253-Trp-CA,randS400,tRNA
srp_Xyle.fast._AE003849,randS400,srp
5s_Mortierella-formosensis-1,randS400,5s
5s_Geobacillus-stearothermophilus-1,randS400,5s
tmRNA_Stre.agal._AE014233_1-350,randS400,tmRNA
srp_Cand.dubl._GSP-42374,randS400,srp
tRNA_tdbR00000290-Enterobacteria_phage_T5-10726-Asn-GUU,randS400,tRNA
RNaseP_SM-A0911,randS400,RNaseP
5s_Dugesia-japonica-2,randS400,5s
RNaseP_R.prowazekii,randS400,RNaseP
grp1_a.I1.e.C.grayi.UNK.SSU.1046,randS400,grp1
5s_Ustilago-scabiosae-1,randS400,5s
srp_Borr.afze._CP000395,randS400,srp
tRNA_tdbR00000512-Mycobacterium_smegmatis-1772-Ini-CAU,randS400,tRNA
tRNA_tdbR00000371-Saccharomyces_cerevisiae-4932-Arg-1CU,randS400,tRNA
5s_Acheta-domesticus-1,randS400,5s
srp_Cand.trop._GSP-294747,randS400,srp
5s_Deinococcus-radiodurans-1,randS400,5s
RNaseP_T.volcanum,randS400,RNaseP
RNaseP_S.glauca-K195,randS400,RNaseP
tmRNA_Verr.spin._TRW-240016_1-356,randS400,tmRNA
tmRNA_Heli.hepa._AE017125_1-369,randS400,tmRNA
tmRNA_Salm.ente._AE014613_1-363,randS400,tmRNA
tRNA_tdbR00000595-Escherichia_coli-562-Leu-BAA,randS400,tRNA
5s_Pyrenophora-graminea-1,randS400,5s
srp_Legi.pneu._AE017354,randS400,srp
srp_Vibr.vuln._BA000037,randS400,srp
RNaseP_Rr368,randS400,RNaseP
srp_Pers.amer._X65992,randS400,srp
grp1_a.I1.e.M.caldariorum.C1.SSU.1506,randS400,grp1
tRNA_tdbR00000417-Nicotiana_rustica-4093-Ser-GCU,randS400,tRNA
telomerase_AF221928.95-476,randS400,telomerase
5s_Bacillus-methanolicus-7,randS400,5s
tRNA_tdbR00000548-Scenedesmus_obliquus-3088-Tyr-GUA,randS400,tRNA
tmRNA_Haem.infl._CP000057_1-366,randS400,tmRNA
RNaseP_A.vinlandii-CA,randS400,RNaseP
16s_F.ananassa_domain3,randS400,16s
RNaseP_R.americana-mito,randS400,RNaseP
srp_Esch.coli._CP000468,randS400,srp
srp_Homo.sapi._NR_002715,randS400,srp
tmRNA_Stap.epid._TRW-176280_1-361,randS400,tmRNA
srp_Coxi.burn._CP000733,randS400,srp
srp_Dros.simu._GSP-7240,randS400,srp
srp_Proc.mari._CP000111,randS400,srp
srp_Psyc.arct._CP000082,randS400,srp
srp_Bart.quin._BX897700,randS400,srp
tRNA_tdbR00000363-Ascaris_suum-6253-Arg-PCU,randS400,tRNA
srp_Stre.sang._CP000387,randS400,srp
tRNA_tdbR00000606-Lupinus_luteus-3873-Leu-IAG,randS400,tRNA
srp_Anop.gamb._SDB-377271,randS400,srp
5s_Pseudomonas-denitrificans-1,randS400,5s
srp_Lotu.japo._BW598799,randS400,srp
RNaseP_T.celerAL1-2,randS400,RNaseP
tRNA_tdbR00000140-Escherichia_coli-562-His-QUG,randS400,tRNA
telomerase_AF221916.94-481,randS400,telomerase
tRNA_tdbR00000174-Mus_musculus-10090-Ile-IAU,randS400,tRNA
telomerase_AF221940.103-499,randS400,telomerase
tmRNA_Azot.vine._TRW-354_1-352,randS400,tmRNA
tmRNA_Dict.ther._TRW-14_1-350,randS400,tmRNA
5s_Meloidogyne-arenaria-1,randS400,5s
tmRNA_uncu.bact._TRW-32045-4_1-369,randS400,tmRNA
tRNA_tdbR00000246-Bos_taurus-9913-Leu-NAA,randS400,tRNA
srp_Medi.trun._BE941271,randS400,srp
23s_B.subtilis_domain6,randS400,23s
tmRNA_Camp.lari._TRW-306263_1-359,randS400,tmRNA
srp_Homo.sapi._BU566906,randS400,srp
tmRNA_Dein.radi._TRW-243230_1-349,randS400,tmRNA
tRNA_tdbR00000481-Spiroplasma_citri-2133-Trp-NCA,randS400,tRNA
tmRNA_Coxi.burn._AE016828_1-360,randS400,tmRNA
grp1_a.I1.e.D.parva.C1.SSU.1512,randS400,grp1
srp_Perk.mari._GSP-31276,randS400,srp
5s_Pteridium-aquilinum-1,randS400,5s
srp_Meth.volt._M22560,randS400,srp
23s_T.thermophilus_domain4,randS400,23s
tmRNA_Myco.smeg._CP000480_1-369,randS400,tmRNA
srp_Sulf.acid._CP000077,randS400,srp
RNaseP_B.stearothermophilus,randS400,RNaseP
5s_Starkeya-novella-1,randS400,5s
grp1_a.I1.e.L.dispersa.UNK.SSU.1210,randS400,grp1
tRNA_tdbR00000498-Gallus_gallus-9031-Trp-BCA,randS400,tRNA
grp1_a.I1.e.C.saccatum.C1.SSU.1512,randS400,grp1
srp_Lodd.elon._GSP-379508,randS400,srp
grp1_a.I1.e.S.paniceum.UNK.SSU.1506,randS400,grp1
5s_Itersonilia-perplexans-1,randS400,5s
tRNA_tdbR00000429-Enterobacteria_phage_T4-10665-Thr-NGU,randS400,tRNA
srp_Sorg.bico._BE594178,randS400,srp
tRNA_tdbR00000613-Nanoarchaeum_equitans-160232-Glu-CUC,randS400,tRNA
grp1_a.I1.e.A.capsulatus.CBS213.53.C1.SSU.943,randS400,grp1
RNaseP_N.gonnorhoeae,randS400,RNaseP
5s_Bacillus-megaterium-2,randS400,5s
srp_Pseu.aeru._CP000438,randS400,srp
RNaseP_CPB139,randS400,RNaseP
5s_Andrias-japonicus-2,randS400,5s
RNaseP_SM-A3153,randS400,RNaseP
tRNA_tdbR00000028-Hordeum_vulgare-4513-Asp-QUC,randS400,tRNA
RNaseP_S.mutans,randS400,RNaseP
RNaseP_C.crescentus,randS400,RNaseP
srp_Proc.mari._CP000554,randS400,srp
tmRNA_Cory.effi._BA000035_1-376,randS400,tmRNA
srp_Novo.arom._CP000248,randS400,srp
RNaseP_C.limicola,randS400,RNaseP
tRNA_tdbR00000475-Mus_musculus-10090-Val-IAC,randS400,tRNA
tmRNA_Acid.ferr._TRW-920_1-341,randS400,tmRNA
5s_Filobasidiella-depauperata-1,randS400,5s
5s_Emericella-nidulans-5,randS400,5s
5s_Magnolia-kobus-1,randS400,5s
tRNA_tdbR00000539-Ovis_aries-9940-Ini-CAU,randS400,tRNA
5s_Cryptococcus-humicola-1,randS400,5s
tRNA_tdbR00000078-Ascaris_suum-6253-Phe-GAA,randS400,tRNA
srp_Myco.vanb._CP000511,randS400,srp
tRNA_tdbR00000618-Candida_albicans-5476-Leu-CAG,randS400,tRNA
telomerase_AF221913.109-520,randS400,telomerase
tRNA_tdbR00000369-Saccharomyces_cerevisiae-4932-Arg-ICG,randS400,tRNA
srp_Babe.bige._GSP-5866,randS400,srp
RNaseP_M.luteus,randS400,RNaseP
tRNA_tdbR00000148-Ovis_aries-9940-His-QUG,randS400,tRNA
5s_Bordetella-parapertussis-1,randS400,5s
RNaseP_P.staleyi,randS400,RNaseP
srp_Synt.fuma._CP000478,randS400,srp
srp_Anto.locu._GSP-278021,randS400,srp
tRNA_tdbR00000072-Phaseolus_vulgaris-3885-Phe-GAA,randS400,tRNA
5s_Erythromicrobium-ramosum-1,randS400,5s
RNaseP_Nocardiodes-NSP41,randS400,RNaseP
tmRNA_Serr.marc._TRW-273526_1-364,randS400,tmRNA
tmRNA_Xant.oryz._AE013598_1-397,randS400,tmRNA
tRNA_tdbR00000438-Escherichia_coli-562-Thr-GGU,randS400,tRNA
RNaseP_S.epidermidis,randS400,RNaseP
tRNA_tdbR00000400-Loligo_bleekeri-6617-Ser-7CU,randS400,tRNA
16s_C.elegans_domain4,randS400,16s
tmRNA_Myco.pulm._AL445565_1-387,randS400,tmRNA
RNaseP_SM-A02,randS400,RNaseP
16s_H.sapiens_domain3,randS400,16s
5s_Pseudomonas-syringae-2,randS400,5s
RNaseP_I.calvum,randS400,RNaseP
RNaseP_PS8,randS400,RNaseP
5s_Thermomonospora-chromogena-1,randS400,5s
srp_Camp.jeju._CP000025,randS400,srp
srp_Pyro.hori._BA000001,randS400,srp
5s_Tetrahymena-thermophila-3,randS400,5s
srp_Borr.burg._AE001151,randS400,srp
srp_Tryp.cong._SDB-5692,randS400,srp
5s_Laccaria-bicolor-1,randS400,5s
5s_Salmonella-enterica-1,randS400,5s
RNaseP_M.phosphovorus-JCM9379,randS400,RNaseP
RNaseP_PS22,randS400,RNaseP
tRNA_tdbR00000515-Phaseolus_vulgaris-3885-Ini-CAU,randS400,tRNA
tRNA_tdbR00000119-Escherichia_coli-562-Gly-NCC,randS400,tRNA
RNaseP_ESH7-4,randS400,RNaseP
srp_Rhod.spha._CP000143,randS400,srp
srp_Cryp.homi._GSP-353151,randS400,srp
5s_Fusobacterium-mortiferum-2,randS400,5s
5s_Bacillus-clausii-3,randS400,5s
RNaseP_R.rubrum,randS400,RNaseP
tmRNA_Bord.pert._TRW-257313_1-387,randS400,tmRNA
RNaseP_H.trapanicum,randS400,RNaseP
srp_Shig.flex._AE014073,randS400,srp
5s_Mycoplasma-mobile-1,randS400,5s
srp_Yers.pest._AL590842,randS400,srp
RNaseP_P.troglodytes,randS400,RNaseP
tmRNA_Gemm.obsc._TRW-214688_1-412,randS400,tmRNA
tmRNA_Meth.flag._CP000284_1-361,randS400,tmRNA
srp_Xant.camp._CP000050,randS400,srp
RNaseP_WC1,randS400,RNaseP
tRNA_tdbR00000461-Rattus_norvegicus-10116-Val-UAC,randS400,tRNA
tmRNA_Geob.kaus._BA000043_1-352,randS400,tmRNA
tRNA_tdbR00000532-Oryctolagus_cuniculus-9986-Ini-CAU,randS400,tRNA
tmRNA_envi.sequ._TRW-259292_1-355,randS400,tmRNA
tmRNA_envi.sequ._TRW-351057-3_1-355,randS400,tmRNA
RNaseP_S.caesia-K163,randS400,RNaseP
srp_Toxo.gond._CO743022,randS400,srp
tRNA_tdbR00000200-Oryctolagus_cuniculus-9986-Lys-3UU,randS400,tRNA
tmRNA_Mora.cata._AX067460_1-359,randS400,tmRNA
tRNA_tdbR00000050-Hordeum_vulgare-4513-Glu-SPC,randS400,tRNA
tmRNA_Stre.miti._TRW-246201_1-348,randS400,tmRNA
srp_Burk.pseu._CP000572,randS400,srp
tRNA_tdbR00000472-Drosophila_melanogaster-7227-Val-IAC,randS400,tRNA
23s_S.aureus_domain3,randS400,23s
5s_Bacillus-thuringiensis-4,randS400,5s
5s_Euplotes-vannus-1,randS400,5s
RNaseP_N.fulvus-KCTC9580,randS400,RNaseP
grp1_a.I1.e.P.carinii.Pc1.C1.LSU.1921,randS400,grp1
RNaseP_ESH7-9,randS400,RNaseP
RNaseP_S.glauca-K202,randS400,RNaseP
srp_Popu.bals._GSP-73824,randS400,srp
tRNA_tdbR00000408-Saccharomyces_cerevisiae-4932-Ser-IGA,randS400,tRNA
srp_Gibb.zeae._GSP-229533,randS400,srp
5s_Geobacillus-kaustophilus-3,randS400,5s
5s_Nocardia-asteroides-1,randS400,5s
RNaseP_LGW116,randS400,RNaseP
srp_Bras.napu._EE409827,randS400,srp
16s_H.sapiens_domain4,randS400,16s
5s_Alcaligenes-sp.-1,randS400,5s
tmRNA_Xant.camp._AM039952_1-397,randS400,tmRNA
srp_Myco.spec._CP000580,randS400,srp
5s_Corynebacterium-xerosis-2,randS400,5s
RNaseP_C.hydrogenoformans,randS400,RNaseP
RNaseP_C.paradoxa-cyanelle,randS400,RNaseP
srp_Nitr.mult._CP000103,randS400,srp
telomerase_AF221929.92-517,randS400,telomerase
tRNA_tdbR00000244-Rattus_norvegicus-10116-Leu-UAG,randS400,tRNA
5s_Bacteroides-fragilis-3,randS400,5s
16s_P.occultum_domain4,randS400,16s
tRNA_tdbR00000366-Rattus_norvegicus-10116-Arg-UCG,randS400,tRNA
16s_M.polymorpha_domain3,randS400,16s
tmRNA_Chla.trac._TRW-813-1_1-420,randS400,tmRNA
RNaseP_A.laidlawii,randS400,RNaseP
srp_Medi.trun._AC146941,randS400,srp
srp_Sino.meli._AL591782,randS400,srp
tRNA_tdbR00000556-Schizosaccharomyces_pombe-4896-Tyr-GPA,randS400,tRNA
tmRNA_Stre.uber._TRW-218495_1-350,randS400,tmRNA
RNaseP_SM-A1519,randS400,RNaseP
srp_Dict.disc._BJ360333,randS400,srp
srp_Mann.succ._AE016827,randS400,srp
tRNA_tdbR00000203-Loligo_bleekeri-6617-Lys-NUU,randS400,tRNA
tmRNA_uncu.bact._TRW-383630-1_1-364,randS400,tmRNA
RNaseP_B.halodurans,randS400,RNaseP
5s_Acanthamoeba-castellanii-1,randS400,5s
5s_Mycobacterium-tuberculosis-3,randS400,5s
tRNA_tdbR00000364-Ascaris_suum-6253-Arg-ACG,randS400,tRNA
srp_Micr.lyso._M31831,randS400,srp
srp_Baci.amyl._D11416,randS400,srp
RNaseP_Prochlorococcus-TATL2,randS400,RNaseP
tmRNA_Syne.spec._D90916_1-396,randS400,tmRNA
5s_Fusarium-lunulosporum-1,randS400,5s
srp_Bras.napu._EE411027,randS400,srp
RNaseP_Nostoc-PCC7413,randS400,RNaseP
5s_Euglena-gracilis-2,randS400,5s
tmRNA_Chla.abor._CR848038_1-425,randS400,tmRNA
srp_Geob.ther._CP000557,randS400,srp
tmRNA_Shew.frig._CP000447_1-356,randS400,tmRNA
tRNA_tdbR00000531-Phaseolus_vulgaris-3885-Ini-CAU,randS400,tRNA
srp_Homo.sapi._BF909438,randS400,srp
srp_Ther.mari._AE000512,randS400,srp
RNaseP_SM-A1214,randS400,RNaseP
RNaseP_Anabaena-ATCC29413,randS400,RNaseP
tRNA_tdbR00000589-Aeropyrum_pernix-56636-Arg-UCU,randS400,tRNA
tRNA_tdbR00000316-Bacillus_subtilis-1423-Pro-5GG,randS400,tRNA
RNaseP_G.sulfurreducens,randS400,RNaseP
tmRNA_Chla.muri._AE002296_1-418,randS400,tmRNA
srp_Tetr.ther._X56981,randS400,srp
srp_Neis.meni._AL157959,randS400,srp
16s_E.coli_domain2,randS400,16s
16s_Z.mays_domain1,randS400,16s
tmRNA_Xyle.fast._AE004078_1-355,randS400,tmRNA
srp_Arab.tha._X55111,randS400,srp
tmRNA_Shig.sonn._CP000038_1-363,randS400,tmRNA
srp_Aspe.flav._GSP-332952,randS400,srp
srp_Cryp.parv._AA532232,randS400,srp
RNaseP_S.carlsbergensis,randS400,RNaseP
srp_Haem.infl._BD426631,randS400,srp
tmRNA_Myco.hyop._TRW-262719_1-433,randS400,tmRNA
16s_C.reinhardtii.chloro_domain1,randS400,16s
5s_Bacillus-cereus-7,randS400,5s
tmRNA_Vibr.fisc._CP000020_1-367,randS400,tmRNA
RNaseP_CPB149,randS400,RNaseP
srp_Baci.thur._D11412,randS400,srp
RNaseP_P.hollandica,randS400,RNaseP
tRNA_tdbR00000450-Haloferax_volcanii-2246-Val-GAC,randS400,tRNA
tmRNA_Clos.diff._AM180355_1-350,randS400,tmRNA
23s_E.coli_domain3,randS400,23s
tmRNA_Sali.rube._CP000159_1-369,randS400,tmRNA
srp_Lact.lact._AM406671,randS400,srp
RNaseP_SM-A5888,randS400,RNaseP
srp_Bras.napu._EE410150,randS400,srp
tmRNA_Dein.radi._AE001939_1-346,randS400,tmRNA
tmRNA_Prop.acne._TRW-1747-2_1-353,randS400,tmRNA
tmRNA_Clos.perf._CP000312_1-361,randS400,tmRNA
tRNA_tdbR00000389-Bacillus_subtilis-1423-Ser-GGA,randS400,tRNA
tRNA_tdbR00000159-Escherichia_coli-562-Ile-GAU,randS400,tRNA
5s_Dryopteris-acuminata-1,randS400,5s
srp_Bruc.abor._AE017223,randS400,srp
tRNA_tdbR00000227-Geobacillus_stearothermophilus-1422-Leu-BAA,randS400,tRNA
RNaseP_E.coli-JM109,randS400,RNaseP
5s_Micrococcus-luteus-2,randS400,5s
tmRNA_Salm.ente._TRW-149539_1-363,randS400,tmRNA
RNaseP_LGB21,randS400,RNaseP
telomerase_AF221908.136-584,randS400,telomerase
srp_Porp.yezo._AP006715,randS400,srp
tmRNA_Heli.pylo._AE001503_1-383,randS400,tmRNA
tRNA_tdbR00000059-Rattus_norvegicus-10116-Glu-3UC,randS400,tRNA
tmRNA_Emil.huxl._AY741371_1-291,randS400,tmRNA
RNaseP_C.diphtheriae,randS400,RNaseP
RNaseP_S.viridis-K197,randS400,RNaseP
tmRNA_Stap.epid._TRW-1282-2_1-362,randS400,tmRNA
RNaseP_M.fermentans,randS400,RNaseP
5s_Pseudonocardia-halophobica-1,randS400,5s
5s_Halobacterium-salinarum-2,randS400,5s
tRNA_tdbR00000006-Mycoplasma_mycoides-2102-Ala-UGC,randS400,tRNA
5s_Bartonella-quintana-2,randS400,5s
5s_Kutzneria-albida-1,randS400,5s
16s_H.volcanii_domain3,randS400,16s
5s_Fusarium-culmorum-5,randS400,5s
srp_Chla.pneu._AE002161,randS400,srp
tmRNA_Legi.pneu._CR628337_1-406,randS400,tmRNA
tmRNA_Meth.caps._AE017282_1-356,randS400,tmRNA
tmRNA_Xant.camp._AE012247_1-397,randS400,tmRNA
5s_Escherichia-coli-11,randS400,5s
RNaseP_SLC,randS400,RNaseP
srp_Trit.aest._CJ679223,randS400,srp
RNaseP_B.anthracis,randS400,RNaseP
RNaseP_T.aquaticus,randS400,RNaseP
srp_Sphi.alas._CP000356,randS400,srp
tmRNA_Haem.ducr._AE017143_1-367,randS400,tmRNA
srp_Rhod.balt._BX294144,randS400,srp
5s_Bacillus-thuringiensis-3,randS400,5s
tmRNA_Azoa.spec._TRW-62928_1-378,randS400,tmRNA
5s_Streptomyces-avermitilis-1,randS400,5s
16s_A.fulgidus_domain3,randS400,16s
5s_Wuchereria-bancrofti-1,randS400,5s
RNaseP_Prochlorococcus-TATL2-2,randS400,RNaseP
tmRNA_Myco.geni._TRW-243273_1-388,randS400,tmRNA
srp_Para.bras._CN240152,randS400,srp
srp_Clos.ther._CP000568,randS400,srp
RNaseP_Prochlorococcus-TAK9803-2,randS400,RNaseP
5s_Azospirillum-lipoferum-1,randS400,5s
tmRNA_List.inno._TRW-1642-2_1-370,randS400,tmRNA
grp1_a.I1.e.T.hyperangularis.C1.LSU.1925,randS400,grp1
RNaseP_Onchorhynchus-sp-2,randS400,RNaseP
RNaseP_B.bufo,randS400,RNaseP
tRNA_tdbR00000324-Saccharomyces_cerevisiae-4932-Pro-NGG,randS400,tRNA
tRNA_tdbR00000276-Escherichia_coli-562-Met-MAU,randS400,tRNA
5s_Bacillus-halodurans-2,randS400,5s
srp_Pseu.syri._CP000075,randS400,srp
5s_Mannheimia-succiniciproducens-1,randS400,5s
5s_Ambystoma-salmoides-1,randS400,5s
tRNA_tdbR00000356-Escherichia_coli-562-Arg-ICG,randS400,tRNA
tmRNA_Cyan.cald._AF022186_1-254,randS400,tmRNA
RNaseP_SM-A2539,randS400,RNaseP
RNaseP_CPB147,randS400,RNaseP
RNaseP_M.avium,randS400,RNaseP
grp1_a.I1.e.E.dermatitidis.C1.SSU.943,randS400,grp1
tRNA_tdbR00000299-Asterias_amurensis-7602-Asn-GPU,randS400,tRNA
tRNA_tdbR00000053-Bos_taurus-9913-Glu-NUC,randS400,tRNA
RNaseP_SM-A2743,randS400,RNaseP
grp1_a.I1.e.C.ellipsoidea.211-1a.C1.SSU.1506,randS400,grp1
5s_Yersinia-pseudotuberculosis-3,randS400,5s
tRNA_tdbR00000412-Candida_cylindracea-44322-Ser-CGA,randS400,tRNA
tmRNA_Myco.hyop._TRW-295358_1-424,randS400,tmRNA
RNaseP_B.pertussis,randS400,RNaseP
RNaseP_LGW17,randS400,RNaseP
tmRNA_Porp.ging._TRW-242619_1-407,randS400,tmRNA
srp_Hahe.chej._CP000155,randS400,srp
RNaseP_Z.florentinus,randS400,RNaseP
tRNA_tdbR00000054-Saccharomyces_cerevisiae-4932-Glu-3UC,randS400,tRNA
RNaseP_T.maritima,randS400,RNaseP
16s_T.gondii_domain4,randS400,16s
tmRNA_Shew.spec._CP000444_1-355,randS400,tmRNA
RNaseP_vHge2,randS400,RNaseP
tmRNA_Chla.pneu._TRW-83558_1-426,randS400,tmRNA
RNaseP_T.album,randS400,RNaseP
tRNA_tdbR00000340-Nicotiana_rustica-4093-Gln-JUG,randS400,tRNA
tmRNA_List.gray._AF440336_1-321,randS400,tmRNA
RNaseP_SM-A1012,randS400,RNaseP
5s_Acidiphilium-acidophilum-1,randS400,5s
RNaseP_SM-A5382,randS400,RNaseP
srp_Fran.tula._CP000608,randS400,srp
srp_Plas.reic._GSP-5854,randS400,srp
tmRNA_Rubr.gela._TRW-279263_1-372,randS400,tmRNA
5s_Haemophilus-influenzae-6,randS400,5s
5s_Chlamydophila-pneumoniae-1,randS400,5s
srp_Yarr.lipo._M20837,randS400,srp
srp_Ther.koda._AP006878,randS400,srp
tmRNA_Camp.jeju._CP000025_1-359,randS400,tmRNA
tmRNA_Exig.sibi._TRW-262543_1-359,randS400,tmRNA
tmRNA_Baci.subt._Z99121_1-360,randS400,tmRNA
tRNA_tdbR00000132-Lupinus_luteus-3873-Gly-GCC,randS400,tRNA
srp_Camp.jeju._AL139074,randS400,srp
RNaseP_P.abyssi,randS400,RNaseP
tmRNA_Neis.meni._AE002452_1-360,randS400,tmRNA
tmRNA_Burk.mall._CP000010_1-370,randS400,tmRNA
5s_Ascaris-lumbricoides-1,randS400,5s
5s_Vibrio-cholerae-3,randS400,5s
5s_Lactococcus-lactis-2,randS400,5s
tmRNA_Stre.pneu._AE008453_1-348,randS400,tmRNA
RNaseP_PS31,randS400,RNaseP
5s_Vitreoscilla-filiformis-1,randS400,5s
srp_Dani.reri._CR854846,randS400,srp
srp_Aspe.oryz._AP007169,randS400,srp
5s_Bugula-neritina-1,randS400,5s
RNaseP_D.desulfuricans,randS400,RNaseP
5s_Streptomyces-sp.-1,randS400,5s
RNaseP_SMB-B2,randS400,RNaseP
srp_Meth.ther._AE000666,randS400,srp
tRNA_tdbR00000330-Haloferax_volcanii-2246-Gln-MUG,randS400,tRNA
srp_Zymo.mobi._AF203881,randS400,srp
telomerase_AF221917.99-542,randS400,telomerase
RNaseP_LGA1,randS400,RNaseP
tmRNA_Lact.lact._AF176556_1-359,randS400,tmRNA
RNaseP_SM-A1726,randS400,RNaseP
RNaseP_M.vannielli,randS400,RNaseP
tmRNA_Fuso.nucl._TRW-393480_1-344,randS400,tmRNA
srp_Chae.glob._GSP-306901,randS400,srp
tRNA_tdbR00000280-Saccharomyces_cerevisiae-4932-Met-CAU,randS400,tRNA
tRNA_tdbR00000080-Bos_taurus-9913-Phe-GAA,randS400,tRNA
tRNA_tdbR00000061-Mus_musculus-10090-Glu-CUC,randS400,tRNA
tmRNA_Stre.pyog._AE010048_1-348,randS400,tmRNA
5s_Salmonella-enterica-4,randS400,5s
5s_Methanothermobacter-thermautotrophicus-2,randS400,5s
RNaseP_B.thetaiotaomicron,randS400,RNaseP
5s_Beggiatoa-alba-1,randS400,5s
5s_Penicillium-chrysogenum-1,randS400,5s
srp_Lact.john._AX926712,randS400,srp
5s_Streptomyces-ambofaciens-1,randS400,5s
tRNA_tdbR00000328-Enterobacteria_phage_T5-10726-Gln-UUG,randS400,tRNA
RNaseP_E.coli,randS400,RNaseP
tRNA_tdbR00000585-Aeropyrum_pernix-56636-Thr-CGU,randS400,tRNA
tmRNA_Esch.coli._CP000247_1-363,randS400,tmRNA
5s_Amycolatopsis-methanolica-1,randS400,5s
RNaseP_P.strasburgensis,randS400,RNaseP
tmRNA_Esch.coli._AE005491_1-363,randS400,tmRNA
RNaseP_ERE,randS400,RNaseP
16s_H.sapiens.mito_domain2,randS400,16s
5s_Methylophilus-methylotrophus-1,randS400,5s
tRNA_tdbR00000295-Escherichia_coli-562-Asn-QUU,randS400,tRNA
RNaseP_T.littoralis,randS400,RNaseP
5s_Hyphomicrobium-sp.-5,randS400,5s
tRNA_tdbR00000085-Schizosaccharomyces_pombe-4896-Phe-AA,randS400,tRNA
grp1_a.I1.e.C.grayi.UNK.SSU.1516,randS400,grp1
tRNA_tdbR00000397-Saccharomyces_cerevisiae-4932-Ser-UGA,randS400,tRNA
srp_Thal.pseu._EF067921,randS400,srp
16s_G.intestinalis_domain4,randS400,16s
tmRNA_Clos.teta._AE015927_1-355,randS400,tmRNA
16s_M.polymorpha_domain4,randS400,16s
5s_Shigella-flexneri-2,randS400,5s
srp_Pseu.syri._AE016853,randS400,srp
5s_Vibrio-alginolyticus-1,randS400,5s
5s_Listeria-monocytogenes-3,randS400,5s
5s_Vibrio-parahaemolyticus-6,randS400,5s
tRNA_tdbR00000430-Halobacterium_salinarum-2242-Thr-GGU,randS400,tRNA
tRNA_tdbR00000048-Synechocystis_sp.-1143-Glu-NUC,randS400,tRNA
tRNA_tdbR00000336-Aedes_albopictus-7160-Gln-NUG,randS400,tRNA
tmRNA_Meso.viri._AF166114_1-359,randS400,tmRNA
srp_Homo.sapi._BE083383,randS400,srp
srp_Tric.spir._GSP-6334,randS400,srp
tmRNA_Alka.meta._TRW-293826_1-355,randS400,tmRNA
tRNA_tdbR00000622-Nicotiana_rustica-4093-Cys-GCA,randS400,tRNA
RNaseP_S.polymorpha,randS400,RNaseP
srp_Sacc.eryt._AM420293,randS400,srp
tmRNA_Stre.pyog._TRW-1314-1_1-348,randS400,tmRNA
RNaseP_CPB72,randS400,RNaseP
5s_Gelidium-amansii-2,randS400,5s
tRNA_tdbR00000011-Neurospora_crassa-5141-Ala-UGC,randS400,tRNA
5s_Mytilus-edulis-1,randS400,5s
srp_Lact.case._CP000423,randS400,srp
srp_Homo.sapi._BF909563,randS400,srp
tRNA_tdbR00000105-Halobacterium_salinarum-2242-Gly-GCC,randS400,tRNA
telomerase_AF221935.112-602,randS400,telomerase
tRNA_tdbR00000575-Leishmania_tarentolae-5689-Thr-CGU,randS400,tRNA
srp_Desu.psyc._CR522870,randS400,srp
5s_Curtobacterium-citreum-1,randS400,5s
tRNA_tdbR00000117-Escherichia_coli-562-Gly-CCC,randS400,tRNA
5s_Prauserella-rugosa-1,randS400,5s
RNaseP_S.uvarum,randS400,RNaseP
5s_Thermomyces-lanuginosus-1,randS400,5s
tRNA_tdbR00000587-Aeropyrum_pernix-56636-Met-CAU,randS400,tRNA
tRNA_tdbR00000222-Escherichia_coli-562-Leu-GAG,randS400,tRNA
tRNA_tdbR00000614-Nanoarchaeum_equitans-160232-Ini-CAU,randS400,tRNA
16s_B.burgdorferi_domain3,randS400,16s
srp_Baci.cere._D11413,randS400,srp
tmRNA_Mann.haem._TRW-272629_1-367,randS400,tmRNA
srp_Stap.aure._AP009351,randS400,srp
RNaseP_S.putrefaciens,randS400,RNaseP
RNaseP_L.japonicus-IFO15385,randS400,RNaseP
tRNA_tdbR00000428-Homo_sapiens-9606-Ser-UGA,randS400,tRNA
RNaseP_Synechococcus-PCC6717,randS400,RNaseP
tRNA_tdbR00000334-Hordeum_vulgare-4513-Gln-UG,randS400,tRNA
5s_Xenopus-laevis-3,randS400,5s
5s_Enchytraeus-albidus-1,randS400,5s
tmRNA_Baci.lich._CP000002_1-356,randS400,tmRNA
srp_Rhod.spha._CP000577,randS400,srp
tmRNA_Erwi.chry._TRW-198628_1-381,randS400,tmRNA
5s_Listeria-monocytogenes-2,randS400,5s
tRNA_tdbR00000012-Saccharomyces_cerevisiae-4932-Ala-IGC,randS400,tRNA
tRNA_tdbR00000155-Mycoplasma_mycoides-2102-Ile-GAU,randS400,tRNA
tmRNA_Neis.gono._TRW-242231_1-363,randS400,tmRNA
tmRNA_Ente.faec._BD193796_1-367,randS400,tmRNA
tRNA_tdbR00000039-Oryctolagus_cuniculus-9986-Asp-8UC,randS400,tRNA
srp_Coxi.burn._AE016828,randS400,srp
RNaseP_M.fervidus,randS400,RNaseP
tRNA_tdbR00000352-Mycoplasma_capricolum-2095-Arg-ICG,randS400,tRNA
grp1_s.I1.e.T.thermophila.C1.LSU.1925.schem,randS400,grp1
5s_Streptococcus-pneumoniae-2,randS400,5s
tmRNA_Geob.stea._TRW-1422_1-352,randS400,tmRNA
5s_Comamonas-testosteroni-1,randS400,5s
tRNA_tdbR00000172-Lupinus_luteus-3873-Ile-IAU,randS400,tRNA
srp_Shew.balt._CP000563,randS400,srp
RNaseP_S.cerevisiae,randS400,RNaseP
srp_Buch.aphi._AE014017,randS400,srp
srp_Camp.jeju._AL111168,randS400,srp
srp_Mari.aqua._CP000514,randS400,srp
tRNA_tdbR00000094-Bombyx_mori-7091-Phe-AA,randS400,tRNA
tRNA_tdbR00000431-Haloferax_volcanii-2246-Thr-CGU,randS400,tRNA
tmRNA_Odon.sine._TRW-2839_1-371,randS400,tmRNA
tmRNA_uncu.bact._TRW-80840-2_1-379,randS400,tmRNA
srp_Esch.coli._AE016756,randS400,srp
tmRNA_Esch.coli._TRW-331111_1-363,randS400,tmRNA
RNaseP_ESH183A,randS400,RNaseP
RNaseP_R.norvegicus,randS400,RNaseP
23s_H.pylori_domain4,randS400,23s
tRNA_tdbR00000497-Bos_taurus-9913-Trp-BCA,randS400,tRNA
tmRNA_List.inno._TRW-1642-1_1-370,randS400,tmRNA
tRNA_tdbR00000411-Candida_cylindracea-44322-Ser-IGA,randS400,tRNA
RNaseP_P131,randS400,RNaseP
tRNA_tdbR00000092-Oryctolagus_cuniculus-9986-Phe-AA,randS400,tRNA
RNaseP_N.meningtidis-MC58,randS400,RNaseP
grp1_a.I1.e.C.ellipsoidea.IAMC-87.C1.SSU.1506,randS400,grp1
srp_Spra.loph._GSP-51541,randS400,srp
RNaseP_L.ferrooxidans-MK,randS400,RNaseP
RNaseP_S.equi,randS400,RNaseP
5s_Chlamydia-muridarum-1,randS400,5s
srp_Myco.gall._AE016968,randS400,srp
tmRNA_Rals.sola._AL646061_1-357,randS400,tmRNA
RNaseP_S.aureus-2,randS400,RNaseP
tRNA_tdbR00000136-Homo_sapiens-9606-Gly-GCC,randS400,tRNA
tRNA_tdbR00000210-Enterobacteria_phage_T5-10726-Leu-UAG,randS400,tRNA
tmRNA_Noca.farc._AP006618_1-368,randS400,tmRNA
srp_Tryp.bruc._X57047,randS400,srp
tRNA_tdbR00000346-Homo_sapiens-9606-Gln-NUG,randS400,tRNA
5s_Tremella-mesenterica-2,randS400,5s
tRNA_tdbR00000190-Bos_taurus-9913-Lys-NUU,randS400,tRNA
5s_Terrapene-carolina-1,randS400,5s
tRNA_tdbR00000197-Rattus_norvegicus-10116-Lys-3UU,randS400,tRNA
tRNA_tdbR00000074-Tetrahymena_pyriformis-5908-Phe-GAA,randS400,tRNA
5s_Sinorhizobium-meliloti-1,randS400,5s
5s_Halorubrum-distributum-6,randS400,5s
tmRNA_Salm.bong._TRW-218493_1-363,randS400,tmRNA
5s_Streptomyces-roseoverticillatus-1,randS400,5s
grp1_a.I1.e.B.ciliata.JCM6865.C1.SSU.1506,randS400,grp1
srp_Ajel.caps._CV620298,randS400,srp
srp_Chla.muri._AE002160,randS400,srp
tmRNA_Desu.psyc._CR522870_1-366,randS400,tmRNA
tRNA_tdbR00000143-Asterias_amurensis-7602-His-QUG,randS400,tRNA
telomerase_AF221919.107-614,randS400,telomerase
tRNA_tdbR00000608-Lupinus_luteus-3873-Leu-UAA,randS400,tRNA
tRNA_tdbR00000216-Mycoplasma_capricolum-2095-Leu-BAA,randS400,tRNA
tmRNA_Yers.pseu._AR948532_1-364,randS400,tmRNA
tRNA_tdbR00000446-Halobacterium_salinarum-2242-Val-CAC,randS400,tRNA
tRNA_tdbR00000029-Asterias_amurensis-7602-Asp-QUC,randS400,tRNA
tRNA_tdbR00000068-Rhodospirillum_rubrum-1085-Phe-GAA,randS400,tRNA
tmRNA_Burk.ceno._CP000378_1-370,randS400,tmRNA
5s_Candida-albicans-1,randS400,5s
tRNA_tdbR00000264-Caenorhabditis_elegans-6239-Leu-IAG,randS400,tRNA
srp_Heli.pylo._AE000511,randS400,srp
5s_Fellomyces-penicillatus-1,randS400,5s
RNaseP_SM-A3048,randS400,RNaseP
srp_Clos.botu._CP000726,randS400,srp
srp_Tryp.bruc._AC159431,randS400,srp
tRNA_tdbR00000495-Triticum_aestivum-4565-Trp-BCA,randS400,tRNA
srp_Camp.jeju._CP000538,randS400,srp
tmRNA_Ocea.ihey._BA000028_1-364,randS400,tmRNA
tRNA_tdbR00000335-Nicotiana_rustica-4093-Gln-NUG,randS400,tRNA
srp_Neis.meni._AM421808,randS400,srp
srp_Clos.botu._AM412317,randS400,srp
5s_Andrias-japonicus-1,randS400,5s
5s_Coxiella-burnetii-2,randS400,5s
grp1_a.I1.e.A.capsulatus.FLs1.C1.SSU,randS400,grp1
tmRNA_Kleb.pneu._TRW-272620_1-363,randS400,tmRNA
srp_Proc.mari._CP000551,randS400,srp
tRNA_tdbR00000283-Gallus_gallus-9031-Met-AU,randS400,tRNA
5s_Bacillus-halodurans-5,randS400,5s
tmRNA_Synt.acid._CP000252_1-356,randS400,tmRNA
tmRNA_Baci.clau._AP006627_1-355,randS400,tmRNA
5s_Brucella-suis-2,randS400,5s
tRNA_tdbR00000540-Homo_sapiens-9606-Ini-CAU,randS400,tRNA
telomerase_AF221912.98-564,randS400,telomerase
tmRNA_envi.sequ._TRW-204433_1-356,randS400,tmRNA
tmRNA_Myco.arth._TRW-243272_1-394,randS400,tmRNA
16s_C.elegans_domain3,randS400,16s
srp_Pseu.fluo._CP000076,randS400,srp
tmRNA_Salm.typh._AY319520_1-363,randS400,tmRNA
grp1_b.I1.e.T.thermophila.C1.LSU.1925,randS400,grp1
tRNA_tdbR00000419-Nicotiana_rustica-4093-Ser-IGA,randS400,tRNA
5s_Staphylococcus-haemolyticus-2,randS400,5s
5s_Halococcus-morrhuae-1,randS400,5s
srp_Zygo.roux._BN000170,randS400,srp
tRNA_tdbR00000338-Tetrahymena_thermophila-5911-Gln-JUA,randS400,tRNA
srp_Enta.hist._AF487684,randS400,srp
tRNA_tdbR00000485-Nicotiana_tabacum-4097-Trp-BCA,randS400,tRNA
RNaseP_P.aerogenes,randS400,RNaseP
tRNA_tdbR00000131-Triticum_aestivum-4565-Gly-GCC,randS400,tRNA
tmRNA_Pseu.syri._CP000058_1-388,randS400,tmRNA
tRNA_tdbR00000443-Saccharomyces_cerevisiae-4932-Thr-IGU,randS400,tRNA
tRNA_tdbR00000520-Aedes_albopictus-7160-Ini-CAU,randS400,tRNA
tRNA_tdbR00000511-Escherichia_coli-562-Ini-CAU,randS400,tRNA
tmRNA_Pseu.atla._CP000388_1-357,randS400,tmRNA
tRNA_tdbR00000093-Bombyx_mori-7091-Phe-AA,randS400,tRNA
RNaseP_S.equi-g,randS400,RNaseP
RNaseP_Prochlorococcus-PAC1A,randS400,RNaseP
grp1_a.I1.c.G.prostrata.C3.tLEU,randS400,grp1
tRNA_tdbR00000024-Mycoplasma_capricolum-2095-Asp-GUC,randS400,tRNA
srp_Kine.radi._CP000750,randS400,srp
5s_Bacillus-halodurans-3,randS400,5s
tmRNA_Magn.spec._CP000471_1-366,randS400,tmRNA
tRNA_tdbR00000621-Nicotiana_rustica-4093-Cys-GCA,randS400,tRNA
grp1_a.I1.e.T.pigmentosa.C1.LSU.1925,randS400,grp1
srp_Clos.diff._AM180355,randS400,srp
RNaseP_H.aurantiacus,randS400,RNaseP
tRNA_tdbR00000162-Spinacia_oleracea-3562-Ile-GAU,randS400,tRNA
tmRNA_Myco.pneu._AE000035_1-384,randS400,tmRNA
RNaseP_M.sedula,randS400,RNaseP
srp_List.wels._AM263198,randS400,srp
5s_Bifidobacterium-longum-3,randS400,5s
RNaseP_LGB32,randS400,RNaseP
srp_Buch.aphi._BA000003,randS400,srp
RNaseP_P.furiosus-2,randS400,RNaseP
srp_Stre.muta._AF132127,randS400,srp
5s_Helicobacter-pylori-3,randS400,5s
5s_Legionella-pneumophila-2,randS400,5s
telomerase_AF221911.104-513,randS400,telomerase
srp_Schi.pomb._X15220,randS400,srp
5s_Eurypelma-californica-1,randS400,5s
srp_Shew.putr._CP000681,randS400,srp
srp_Vibr.harv._CP000789,randS400,srp
5s_Fusarium-cerealis-4,randS400,5s
RNaseP_S.liquefaciens,randS400,RNaseP
tmRNA_Phot.lumi._BX571870_1-364,randS400,tmRNA
16s_A.pyrophilus_domain2,randS400,16s
srp_Symb.ther._AP006840,randS400,srp
srp_Chla.pneu._AE001363,randS400,srp
tRNA_tdbR00000176-Haloferax_volcanii-2246-Lys-MUU,randS400,tRNA
srp_Gluc.oxyd._CP000009,randS400,srp
5s_Lemna-minor-1,randS400,5s
tRNA_tdbR00000620-Toxoplasma_gondii-5811-Ini-CAU,randS400,tRNA
RNaseP_T.neapolitana,randS400,RNaseP
RNaseP_T.tumescens,randS400,RNaseP
tRNA_tdbR00000413-Candida_cylindracea-44322-Ser-GCU,randS400,tRNA
RNaseP_CPB86,randS400,RNaseP
RNaseP_C.aurantiacus,randS400,RNaseP
srp_Chla.abor._CR848038,randS400,srp
grp1_a.I1.b.Dermocarpa.sp.ATCC29371.C3.tMET,randS400,grp1
RNaseP_C.trachomatis,randS400,RNaseP
tRNA_tdbR00000045-Escherichia_coli-562-Glu-SUC,randS400,tRNA
tRNA_tdbR00000452-Mycoplasma_mycoides-2102-Val-UAC,randS400,tRNA
16s_C.reinhardtii.mito_domain1,randS400,16s
tRNA_tdbR00000289-Homo_sapiens-9606-Met-BAU,randS400,tRNA
tRNA_tdbR00000211-Haloferax_volcanii-2246-Leu-CAA,randS400,tRNA
5s_Bacillus-cereus-8,randS400,5s
16s_B.subtilis_domain2,randS400,16s
5s_Pseudomonas-aeruginosa-2,randS400,5s
tRNA_tdbR00000266-Bos_taurus-9913-Leu-AA,randS400,tRNA
srp_Lyco.escu._Z29106,randS400,srp
5s_Comamonas-terrigena-2,randS400,5s
23s_S.aureus_domain6,randS400,23s
srp_Plas.chab._GSP-31271,randS400,srp
16s_P.staleyi_domain3,randS400,16s
tmRNA_Heli.pylo._AE000511_1-386,randS400,tmRNA
srp_Bloc.flor._BX248583,randS400,srp
16s_H.sapiens.mito_domain1,randS400,16s
tRNA_tdbR00000325-Pichia_jadinii-4903-Pro-GG,randS400,tRNA
5s_Azotobacter-vinelandii-1,randS400,5s
5s_Moniliella-acetoabutans-1,randS400,5s
tRNA_tdbR00000220-Escherichia_coli-562-Leu-HAA,randS400,tRNA
srp_Lyco.escu._Z46746,randS400,srp
tmRNA_Baci.thur._AE017355_1-355,randS400,tmRNA
16s_T.maritima_domain4,randS400,16s
RNaseP_M.bovis,randS400,RNaseP
tmRNA_Ente.faec._TRW-1352_1-367,randS400,tmRNA
srp_Dros.will._GSP-7260,randS400,srp
5s_Seliberia-stellata-1,randS400,5s
RNaseP_ESH26-4,randS400,RNaseP
srp_Leis.trop._AY781789,randS400,srp
RNaseP_ESH7-16,randS400,RNaseP
RNaseP_S.bovis,randS400,RNaseP
5s_Fusarium-pseudograminearum-2,randS400,5s
srp_Xyle.fast._AE009442,randS400,srp
tmRNA_Baci.cere._TRW-288681_1-355,randS400,tmRNA
srp_Esch.coli._BA000007,randS400,srp
5s_Coxiella-burnetii-1,randS400,5s
tmRNA_Porp.purp._TRW-2787_1-323,randS400,tmRNA
5s_Entosiphon-sulcatum-1,randS400,5s
RNaseP_CPB144,randS400,RNaseP
tRNA_tdbR00000234-Spinacia_oleracea-3562-Leu-UA7,randS400,tRNA
16s_E.coli_domain3,randS400,16s
tRNA_tdbR00000616-Nanoarchaeum_equitans-160232-Lys-CUU,randS400,tRNA
RNaseP_SM-A2237,randS400,RNaseP
RNaseP_C.muridarum-g,randS400,RNaseP
srp_Heli.hepa._AE017149,randS400,srp
tmRNA_List.wels._AF440351_1-321,randS400,tmRNA
5s_Fusarium-cerealis-6,randS400,5s
RNaseP_A.eutrophus,randS400,RNaseP
tmRNA_Acti.pleu._TRW-228399_1-366,randS400,tmRNA
grp1_a.I1.e.L.dispersa.UNK.SSU.1516,randS400,grp1
tmRNA_Stap.epid._AF375586_1-311,randS400,tmRNA
tmRNA_Cyan.para._TRW-2762_1-294,randS400,tmRNA
RNaseP_LGB27,randS400,RNaseP
srp_Para.bras._EH655308,randS400,srp
RNaseP_SMB-B3,randS400,RNaseP
srp_Homo.sapi._BF909425,randS400,srp
srp_Bloc.flor._BX248585,randS400,srp
grp1_a.I1.e.S.paniceum.UNK.SSU.1052,randS400,grp1
tmRNA_Stre.scab._TRW-1883_1-402,randS400,tmRNA
tmRNA_Clos.perf._CP000246_1-361,randS400,tmRNA
tmRNA_Myco.mari._TRW-1781-1_1-368,randS400,tmRNA
tmRNA_Salm.ente._AL627276_1-363,randS400,tmRNA
srp_Cion.savi._BW520975,randS400,srp
tmRNA_Pseu.aeru._AE004091_1-353,randS400,tmRNA
tRNA_tdbR00000432-Haloferax_volcanii-2246-Thr-GGU,randS400,tRNA
tRNA_tdbR00000623-Escherichia_coli-562-Pro-CGG,randS400,tRNA
RNaseP_ESH167E,randS400,RNaseP
srp_Call.jacc._GSP-9483,randS400,srp
srp_Meth.ferv._M32222,randS400,srp
tmRNA_Stre.pyog._TRW-1314-2_1-350,randS400,tmRNA
16s_B.subtilis_domain3,randS400,16s
tRNA_tdbR00000564-Drosophila_melanogaster-7227-Tyr-QPA,randS400,tRNA
tmRNA_Pelo.carb._CP000142_1-358,randS400,tmRNA
RNaseP_M.capricolum,randS400,RNaseP
tRNA_tdbR00000538-Asterina_amurensis-69830-Ini-CAU,randS400,tRNA
tmRNA_Chro.viol._AE016825_1-365,randS400,tmRNA
srp_Gloe.viol._BA000045,randS400,srp
tmRNA_Acti.pleu._TRW-44294_1-366,randS400,tmRNA
tRNA_tdbR00000204-Loligo_bleekeri-6617-Lys-CUU,randS400,tRNA
23s_H.pylori_domain3,randS400,23s
5s_Homo-sapiens-1,randS400,5s
srp_Dech.arom._CP000089,randS400,srp
RNaseP_Onchorhynchus-1,randS400,RNaseP
RNaseP_L.japonicus-IFO12422,randS400,RNaseP
grp1_a.I1.b.Phormidium.sp.N182.C3.tLEU,randS400,grp1
tmRNA_Myco.afri._TRW-33894_1-368,randS400,tmRNA
tmRNA_Shew.spec._CP000469_1-355,randS400,tmRNA
5s_Ancylobacter-aquaticus-1,randS400,5s
tmRNA_Bloc.penn._CP000016_1-392,randS400,tmRNA
tmRNA_Fuso.nucl._AE009951_1-344,randS400,tmRNA
tRNA_tdbR00000122-Codium_fragile-3133-Gly-UCC,randS400,tRNA
tmRNA_Deha.ethe._CP000027_1-352,randS400,tmRNA
tmRNA_Ther.elon._BA000039_1-386,randS400,tmRNA
srp_Arab.thal._X69901,randS400,srp
16s_C.psittaci_domain2,randS400,16s
tmRNA_Phot.prof._CR378665_1-368,randS400,tmRNA
tmRNA_Heli.pylo._TRW-85963_1-386,randS400,tmRNA
RNaseP_M.maripaludus,randS400,RNaseP
srp_Medi.trun._CX540689,randS400,srp
tmRNA_Heli.must._DQ250625_1-366,randS400,tmRNA
RNaseP_M.barkeri,randS400,RNaseP
srp_Homo.sapi._BF875598,randS400,srp
tRNA_tdbR00000358-Escherichia_coli-562-Arg-CU,randS400,tRNA
tmRNA_Camp.fetu._AY211269_1-361,randS400,tmRNA
5s_Bacillus-licheniformis-5,randS400,5s
tmRNA_Urea.parv._AE002154_1-413,randS400,tmRNA
srp_Fran.spec._CP000249,randS400,srp
tRNA_tdbR00000118-Escherichia_coli-562-Gly-GCC,randS400,tRNA
tRNA_tdbR00000555-Saccharomyces_cerevisiae-4932-Tyr-GPA,randS400,tRNA
16s_G.intestinalis_domain1,randS400,16s
tRNA_tdbR00000546-Escherichia_coli-562-Tyr-QUA,randS400,tRNA
tRNA_tdbR00000378-Mus_musculus-10090-Arg-ICG,randS400,tRNA
5s_Menoidium-pellucidum-1,randS400,5s
tRNA_tdbR00000164-Saccharomyces_cerevisiae-4932-Ile-GAU,randS400,tRNA
tRNA_tdbR00000221-Escherichia_coli-562-Leu-CAG,randS400,tRNA
RNaseP_SM-A2642,randS400,RNaseP
srp_Dani.reri._BX649540,randS400,srp
RNaseP_M.pneumoniae,randS400,RNaseP
tmRNA_Tric.eryt._CP000393_1-398,randS400,tmRNA
tmRNA_Cory.diph._BX248356_1-385,randS400,tmRNA
grp1_a.I1.c.A.cherimola.C3.tLEU,randS400,grp1
tRNA_tdbR00000167-Aedes_albopictus-7160-Ile-GAU,randS400,tRNA
tmRNA_Syne.spec._TRW-32049_1-396,randS400,tmRNA
tmRNA_Desu.desu._CP000112_1-360,randS400,tmRNA
tmRNA_Myco.lepr._AL583919_1-366,randS400,tmRNA
RNaseP_B.megaterium,randS400,RNaseP
tRNA_tdbR00000169-Homo_sapiens-9606-Ile-GAU,randS400,tRNA
tmRNA_Yers.pest._AE009952_1-364,randS400,tmRNA
tRNA_tdbR00000120-Salmonella_typhimurium-602-Gly-CCC,randS400,tRNA
tmRNA_Yers.pest._AE017042_1-364,randS400,tmRNA
srp_Medi.trun._AC136507-1,randS400,srp
16s_H.volcanii_domain1,randS400,16s
5s_Streptomyces-lividans-1,randS400,5s
srp_Oryz.sati._AP008207,randS400,srp
tmRNA_Borr.gari._CP000013_1-363,randS400,tmRNA
5s_Wolbachia-pipientis-1,randS400,5s
tRNA_tdbR00000332-Escherichia_coli-562-Gln-CUG,randS400,tRNA
5s_Leifsonia-xyli-1,randS400,5s
tRNA_tdbR00000128-Halocynthia_roretzi-7729-Gly-GCU,randS400,tRNA
RNaseP_F.yabuuchiae,randS400,RNaseP
tRNA_tdbR00000347-Enterobacteria_phage_T4-10665-Arg-NCU,randS400,tRNA
RNaseP_ESH30-3,randS400,RNaseP
tmRNA_Lact.brev._CP000416_1-372,randS400,tmRNA
5s_Cyanidium-caldarium-1,randS400,5s
tmRNA_Myco.tube._TRW-164513_1-368,randS400,tmRNA
RNaseP_DU1,randS400,RNaseP
5s_Mycoplasma-genitalium-1,randS400,5s
tRNA_tdbR00000468-Lupinus_luteus-3873-Val-IAC,randS400,tRNA
5s_Planocera-reticulata-1,randS400,5s
tmRNA_Clos.perf._AP003190_1-358,randS400,tmRNA
srp_Heli.pylo._BD010626,randS400,srp
RNaseP_UK2,randS400,RNaseP
tRNA_tdbR00000165-Solanum_tuberosum-4113-Ile-AU,randS400,tRNA
5s_Spinacia-oleracea-1,randS400,5s
grp1_a.I1.e.S.sclerotiorum_1837.C1.LSU.798,randS400,grp1
5s_Mytilus-galloprovincialis-3,randS400,5s
tRNA_tdbR00000435-Mycoplasma_mycoides-2102-Thr-UGU,randS400,tRNA
5s_Basidiobolus-magnus-1,randS400,5s
RNaseP_SM-A06,randS400,RNaseP
16s_C.reinhardtii.mito_domain2,randS400,16s
tmRNA_Yers.fred._TRW-349966_1-363,randS400,tmRNA
RNaseP_SL1-1,randS400,RNaseP
tmRNA_Buch.aphi._AE016826_1-367,randS400,tmRNA
5s_Pimelobacter-simplex-1,randS400,5s
RNaseP_vHge3-5,randS400,RNaseP
tmRNA_Nost.punc._TRW-63737_1-390,randS400,tmRNA
tmRNA_Rals.eutr._CP000090_1-360,randS400,tmRNA
5s_Zea-mays-1,randS400,5s
tmRNA_Shew.spec._CP000446_1-355,randS400,tmRNA
srp_Trop.whip._BX251412,randS400,srp
tmRNA_Ther.fusc._CP000088_1-372,randS400,tmRNA
tRNA_tdbR00000394-Escherichia_coli-562-Ser-VGA,randS400,tRNA
grp1_a.I1.e.P.clavariiformis.C1.SSU.943,randS400,grp1
tmRNA_Croc.wats._TRW-165597_1-386,randS400,tmRNA
tmRNA_Shig.flex._CP000266_1-363,randS400,tmRNA
RNaseP_B.subtilis-g,randS400,RNaseP
5s_Zygoascus-hellenicus-1,randS400,5s
tmRNA_Xyle.fast._TRW-155919_1-355,randS400,tmRNA
tRNA_tdbR00000583-Aeropyrum_pernix-56636-Cys-GCA,randS400,tRNA
srp_Brad.spec._CP000494,randS400,srp
tmRNA_Lept.spec._TRW-261386_1-359,randS400,tmRNA
grp1_a.I1.e.G.planctonica.C1.SSU.943,randS400,grp1
5s_Lentinula-edodes-2,randS400,5s
tRNA_tdbR00000270-Avian_myeloblastosis_virus-11866-Met-BAU,randS400,tRNA
16s_C.psittaci_domain3,randS400,16s
srp_Plas.yoel._GSP-352914,randS400,srp
srp_Trit.aest._X13915,randS400,srp
RNaseP_SM-A2033,randS400,RNaseP
23s_T.thermophilus_domain3,randS400,23s
tRNA_tdbR00000236-Neurospora_crassa-5141-Leu-UAG,randS400,tRNA
RNaseP_C.tepidum,randS400,RNaseP
RNaseP_T.delbrueckii,randS400,RNaseP
RNaseP_N.plantarum,randS400,RNaseP
tRNA_tdbR00000229-Glycine_max-3847-Leu-JAA,randS400,tRNA
srp_Stre.pyog._AE006489,randS400,srp
5s_Hyphomicrobium-sp.-6,randS400,5s
RNaseP_M.thermoautotrophicumDH-2,randS400,RNaseP
tRNA_tdbR00000031-Rattus_norvegicus-10116-Asp-QUC,randS400,tRNA
tmRNA_List.seel._AF440350_1-321,randS400,tmRNA
telomerase_AF147806.247-692,randS400,telomerase
grp1_a.I1.e.P.carinii.Pc3.C1.LSU.1921,randS400,grp1
tmRNA_Shew.deni._CP000302_1-355,randS400,tmRNA
tRNA_tdbR00000108-Haloferax_volcanii-2246-Gly-GCC,randS400,tRNA
srp_Haem.ducr._AE017143,randS400,srp
5s_Vibrio-cyclosites-1,randS400,5s
tRNA_tdbR00000506-Streptomyces_griseus-1911-Ini-CAU,randS400,tRNA
RNaseP_S.diastaticus,randS400,RNaseP
tmRNA_Pseu.halo._CR954246_1-357,randS400,tmRNA
16s_T.maritima_domain2,randS400,16s
grp1_b.I1.e.C.saccharophila.C1.SSU.156,randS400,grp1
16s_M.polymorpha_domain2,randS400,16s
tRNA_tdbR00000066-Thermus_thermophilus-274-Phe-GAA,randS400,tRNA
5s_Bacillus-anthracis-4,randS400,5s
5s_Fusarium-lunulosporum-9,randS400,5s
srp_Leis.trop._AY722722,randS400,srp
5s_Rhodobacter-capsulatus-3,randS400,5s
16s_A.pyrophilus_domain4,randS400,16s
tmRNA_Leuc.mese._AF375574_1-307,randS400,tmRNA
tRNA_tdbR00000339-Tetrahymena_thermophila-5911-Gln-JUG,randS400,tRNA
5s_Bacillus-clausii-1,randS400,5s
grp1_a.I1.e.U.maydis.C1.SSU.943,randS400,grp1
5s_Lycopodium-clavatum-1,randS400,5s
5s_Acetobacter-sp.-1,randS400,5s
tRNA_tdbR00000375-Bos_taurus-9913-Arg-CCU,randS400,tRNA
5s_Eisenia-bicyclis-1,randS400,5s
5s_Halobacterium-salinarum-1,randS400,5s
tmRNA_Burk.ceno._TRW-216591_1-370,randS400,tmRNA
tRNA_tdbR00000126-Halocynthia_roretzi-7729-Gly-NCU,randS400,tRNA
srp_Chla.trac._AE001298,randS400,srp
tRNA_tdbR00000152-Haloferax_volcanii-2246-Ile-NAU,randS400,tRNA
5s_Clostridium-acetobutylicum-5,randS400,5s
tRNA_tdbR00000044-Mycoplasma_capricolum-2095-Glu-UC,randS400,tRNA
srp_Stre.pneu._AE008386,randS400,srp
RNaseP_Saccharomonospora-K180,randS400,RNaseP
5s_Neurospora-crassa-13,randS400,5s
5s_Hyphomicrobium-vulgare-1,randS400,5s
grp1_a.I1.c.S.bicolor.C3.tLEU,randS400,grp1
tRNA_tdbR00000301-Lupinus_luteus-3873-Asn-UU,randS400,tRNA
5s_Ureaplasma-parvum-2,randS400,5s
srp_Brad.japo._BA000040,randS400,srp
5s_Vibrio-fluvialis-1,randS400,5s
srp_Leis.braz._AY722725,randS400,srp
5s_Planobispora-longispora-1,randS400,5s
5s_Efibulobasidium-albescens-1,randS400,5s
tmRNA_Borr.burg._TRW-224326_1-362,randS400,tmRNA
RNaseP_C.psittaci,randS400,RNaseP
RNaseP_N.albus,randS400,RNaseP
tRNA_tdbR00000173-Bombyx_mori-7091-Ile-IAU,randS400,tRNA
tRNA_tdbR00000496-Nicotiana_tabacum-4097-Trp-BCA,randS400,tRNA
srp_Arab.thal._AF069442,randS400,srp
tRNA_tdbR00000020-Escherichia_coli-562-Cys-GCA,randS400,tRNA
srp_Haem.ducr._AE017154,randS400,srp
5s_Distigma-proteus-1,randS400,5s
RNaseP_SMB-A3,randS400,RNaseP
tmRNA_Myco.myco._BX842642_1-411,randS400,tmRNA
tRNA_tdbR00000194-Triticum_aestivum-4565-Lys-CUU,randS400,tRNA
5s_Andrias-davidianus-1,randS400,5s
5s_Aeromonas-salmonicida-1,randS400,5s
srp_Pyro.cali._CP000561,randS400,srp
RNaseP_L.acidophilus,randS400,RNaseP
tmRNA_Trem.prin._AF481102_1-264,randS400,tmRNA
grp1_a.I1.e.G.spirotaenia.C1.SSU.1506,randS400,grp1
tRNA_tdbR00000543-Bacillus_subtilis-1423-Tyr-QUA,randS400,tRNA
tRNA_tdbR00000275-Thermus_thermophilus-274-Met-CAU,randS400,tRNA
tmRNA_Haem.somn._CP000436_1-367,randS400,tmRNA
16s_C.reinhardtii.chloro_domain4,randS400,16s
grp1_a.I1.e.A.capsulatus.G186B.C1.SSU,randS400,grp1
tmRNA_Prot.mira._TRW-584_1-367,randS400,tmRNA
tRNA_tdbR00000607-Lupinus_luteus-3873-Leu-IAG,randS400,tRNA
RNaseP_S.japonicus,randS400,RNaseP
srp_Myco.myco._BX842642,randS400,srp
tRNA_tdbR00000016-Homo_sapiens-9606-Ala-IGC,randS400,tRNA
srp_Nect.haem._GSP-71109,randS400,srp
16s_P.occultum_domain2,randS400,16s
5s_Vibrio-harveyi-1,randS400,5s
tRNA_tdbR00000440-Neurospora_crassa-5141-Thr-UGU,randS400,tRNA
srp_Bord.aviu._AM167904,randS400,srp
RNaseP_L.weilii,randS400,RNaseP
srp_Chro.viol._AE016825,randS400,srp
5s_Mycoplasma-mycoides-2,randS400,5s
RNaseP_E.eschscholtzii-1,randS400,RNaseP
tmRNA_Stap.epid._TRW-1282-1_1-361,randS400,tmRNA
RNaseP_B.subtilis,randS400,RNaseP
RNaseP_S.castellii,randS400,RNaseP
RNaseP_X.fastidiosa,randS400,RNaseP
RNaseP_E.coli-g,randS400,RNaseP
tmRNA_uncu.bact._TRW-72274-1_1-359,randS400,tmRNA
tRNA_tdbR00000251-Saccharomyces_cerevisiae-4932-Leu-UAA,randS400,tRNA
srp_Pseu.puti._CP000712,randS400,srp
tRNA_tdbR00000002-Haloferax_volcanii-2246-Ala-CGC,randS400,tRNA
tRNA_tdbR00000089-Brassica_napus-3708-Phe-AA,randS400,tRNA
tRNA_tdbR00000013-Pichia_jadinii-4903-Ala-IGC,randS400,tRNA
5s_Mus-musculus-1,randS400,5s
5s_Neurospora-crassa-6,randS400,5s
tRNA_tdbR00000096-Bos_taurus-9913-Phe-AA,randS400,tRNA
tRNA_tdbR00000384-Mycoplasma_capricolum-2095-Ser-GCU,randS400,tRNA
tRNA_tdbR00000202-Drosophila_melanogaster-7227-Lys-UU,randS400,tRNA
tmRNA_Bifi.long._TRW-206672_1-397,randS400,tmRNA
5s_Bacillus-halodurans-6,randS400,5s
srp_Dasy.nove._GSP-9361,randS400,srp
grp1_a.I1.m.M.grisea.B2.ND1,randS400,grp1
tmRNA_Colw.psyc._CP000083_1-350,randS400,tmRNA
tmRNA_Chla.trac._AE001276_1-417,randS400,tmRNA
5s_Euplotes-aediculatus-1,randS400,5s
5s_Fusarium-asiaticum-2,randS400,5s
grp1_a.I1.e.C.saxonicum.C1.SSU.1506,randS400,grp1
telomerase_AF221939.99-544,randS400,telomerase
telomerase_U85256.1-451,randS400,telomerase
telomerase_AF221923.106-554,randS400,telomerase
tmRNA_List.mono._TRW-169963_1-370,randS400,tmRNA
5s_Listeria-innocua-2,randS400,5s
grp1_a.I1.e.D.parva.C1.SSU.943,randS400,grp1
tRNA_tdbR00000321-Saccharomyces_cerevisiae-4932-Pro-UGG,randS400,tRNA
RNaseP_CPA59,randS400,RNaseP
RNaseP_SMB-A5,randS400,RNaseP
srp_Neis.gono._DD110233,randS400,srp
tmRNA_Tann.fors._TRW-203275_1-400,randS400,tmRNA
RNaseP_M.formicicum,randS400,RNaseP
RNaseP_P.horikoshi,randS400,RNaseP
5s_Geobacillus-kaustophilus-7,randS400,5s
tRNA_tdbR00000341-Rattus_norvegicus-10116-Gln-CUG,randS400,tRNA
tmRNA_Yers.moll._TRW-349967_1-381,randS400,tmRNA
tmRNA_Mari.aqua._TRW-351348_1-366,randS400,tmRNA
srp_Para.deni._CP000489,randS400,srp
srp_Bart.hens._BX897699,randS400,srp
tmRNA_Esch.coli._U00096_1-363,randS400,tmRNA
tmRNA_Chla.trac._TRW-272561_1-420,randS400,tmRNA
RNaseP_Z.bailii,randS400,RNaseP
5s_Calanus-finmarchicus-1,randS400,5s
tmRNA_Fran.tula._CP000437_1-421,randS400,tmRNA
5s_Pasteurella-multocida-1,randS400,5s
5s_Pyrococcus-furiosus-1,randS400,5s
tRNA_tdbR00000474-Drosophila_melanogaster-7227-Val-NAC,randS400,tRNA
5s_Methanopyrus-kandleri-1,randS400,5s
tmRNA_Spir.citr._AM285321_1-424,randS400,tmRNA
tRNA_tdbR00000519-Phaseolus_vulgaris-3885-Ini-CAU,randS400,tRNA
srp_Myco.hyop._AE017244,randS400,srp
grp1_a.I1.e.T.malaccensis.C1.LSU.1925,randS400,grp1
tmRNA_Salm.ente._TRW-59204_1-363,randS400,tmRNA
5s_Pseudomonas-putida-2,randS400,5s
tmRNA_Meso.flor._AE017263_1-408,randS400,tmRNA
tmRNA_Shew.putr._TRW-319224_1-356,randS400,tmRNA
RNaseP_N.europaea,randS400,RNaseP
tRNA_tdbR00000448-Halobacterium_salinarum-2242-Val-GAC,randS400,tRNA
RNaseP_S.kluyveri,randS400,RNaseP
tRNA_tdbR00000457-Geobacillus_stearothermophilus-1422-Val-GAC,randS400,tRNA
RNaseP_S.glauca-K194,randS400,RNaseP
tRNA_tdbR00000372-Triticum_aestivum-4565-Arg-CCG,randS400,tRNA
srp_Leis.trop._AY722723,randS400,srp
tmRNA_Borr.burg._AE001118_1-359,randS400,tmRNA
srp_Bras.napu._EE416873,randS400,srp
5s_Neurospora-crassa-10,randS400,5s
tmRNA_List.ivan._AF440342_1-321,randS400,tmRNA
5s_Symbiobacterium-thermophilum-1,randS400,5s
RNaseP_PS6,randS400,RNaseP
telomerase_AF221924.105-538,randS400,telomerase
tRNA_tdbR00000178-Mycoplasma_capricolum-2095-Lys-UU,randS400,tRNA
RNaseP_T.thermophilus,randS400,RNaseP
grp1_a.I1.e.S.paniceum.UNK.SSU.1210,randS400,grp1
srp_Oxyt.trif._GSP-99928,randS400,srp
tmRNA_Haem.infl._TRW-262728_1-366,randS400,tmRNA
tmRNA_Prop.acne._TRW-1747-1_1-371,randS400,tmRNA
tmRNA_Neis.meni._TRW-272831_1-363,randS400,tmRNA
RNaseP_SM-A4065,randS400,RNaseP
16s_G.intestinalis_domain2,randS400,16s
srp_Rhiz.etli._CP000133,randS400,srp
23s_E.coli_domain6,randS400,23s
tmRNA_Ther.comm._TRW-289377_1-355,randS400,tmRNA
RNaseP_R.capsulatus,randS400,RNaseP
RNaseP_A.macrocytogenes123,randS400,RNaseP
RNaseP_B.burgdorferi-g,randS400,RNaseP
RNaseP_SM-A03,randS400,RNaseP
srp_Cion.inte._GSP-7719,randS400,srp
5s_Bursaphelenchus-mucronatus-1,randS400,5s
srp_Lact.john._AE017201,randS400,srp
tmRNA_Acid.ferr._TRW-243159_1-364,randS400,tmRNA
5s_Deinococcus-radiodurans-2,randS400,5s
RNaseP_M.phosphovorus-JCM9380,randS400,RNaseP
grp1_a.I1.e.T.cosmopolitanis.C1.LSU.1925,randS400,grp1
tmRNA_Stre.pyog._AE006568_1-345,randS400,tmRNA
16s_T.maritima_domain3,randS400,16s
srp_Chlo.tepi._AE006470,randS400,srp
5s_Rhodobacter-sphaeroides-2,randS400,5s
5s_Cunninghamella-elegans-1,randS400,5s
tmRNA_Syne.spec._AB003477_1-394,randS400,tmRNA
RNaseP_S.glauca-L169T,randS400,RNaseP
5s_Thermotoga-sp.-1,randS400,5s
tRNA_tdbR00000551-Saccharomyces_cerevisiae-4932-Tyr-GUA,randS400,tRNA
tmRNA_Chla.cavi._AE015925_1-425,randS400,tmRNA
tRNA_tdbR00000070-Geobacillus_stearothermophilus-1422-Phe-AA,randS400,tRNA
srp_Sulf.solf._X17239,randS400,srp
RNaseP_S.caesia-K76T,randS400,RNaseP
tRNA_tdbR00000146-Lupinus_luteus-3873-His-GUG,randS400,tRNA
RNaseP_M.thermolithotrophicus,randS400,RNaseP
srp_Homo.sapi._AB061847,randS400,srp
16s_H.sapiens.mito_domain4,randS400,16s
tRNA_tdbR00000433-Mycoplasma_capricolum-2095-Thr-AGU,randS400,tRNA
5s_Pichia-membranifaciens-1,randS400,5s
5s_Blastopirellula-marina-1,randS400,5s
5s_Saccharomonospora-sp.-1,randS400,5s
RNaseP_LGA10,randS400,RNaseP
tRNA_tdbR00000082-Neurospora_crassa-5141-Phe-AA,randS400,tRNA
5s_Vibrio-proteolyticus-1,randS400,5s
grp1_a.I1.e.P.macrosporus.C1.SSU.943,randS400,grp1
tRNA_tdbR00000617-Nanoarchaeum_equitans-160232-Gln-UUG,randS400,tRNA
RNaseP_SM-A4977,randS400,RNaseP
grp1_a.I1.e.L.dispersa.UNK.SSU.516,randS400,grp1
5s_Vibrio-mediterranei-1,randS400,5s
RNaseP_A.brierleyi,randS400,RNaseP
telomerase_AF221930.94-546,randS400,telomerase
tmRNA_Pseu.fluo._TRW-216595_1-397,randS400,tmRNA
RNaseP_Dermocarpa-PCC7437,randS400,RNaseP
telomerase_AF221910.112-554,randS400,telomerase
tRNA_tdbR00000022-Enterobacteria_phage_T5-10726-Asp-GUC,randS400,tRNA
tRNA_tdbR00000403-Bos_taurus-9913-Ser-UGA,randS400,tRNA
srp_Rals.sola._AL646052,randS400,srp
grp1_a.I1.e.P.pachydermus.C1.SSU.943,randS400,grp1
RNaseP_PS1,randS400,RNaseP
RNaseP_PS33,randS400,RNaseP
srp_Para.bras._CN240538,randS400,srp
tRNA_tdbR00000134-Bombyx_mori-7091-Gly-CC,randS400,tRNA
5s_Neurospora-crassa-12,randS400,5s
5s_Natronococcus-occultus-1,randS400,5s
srp_Myco.myco._BX293980,randS400,srp
srp_Borr.gari._CP000013,randS400,srp
srp_Desu.vulg._AE017311,randS400,srp
RNaseP_Onchorhynchus-sp-1,randS400,RNaseP
srp_Cion.inte._BW088710,randS400,srp
RNaseP_L.muta-1,randS400,RNaseP
5s_Brucella-abortus-1,randS400,5s
tRNA_tdbR00000425-Drosophila_melanogaster-7227-Ser-IGA,randS400,tRNA
tRNA_tdbR00000547-Geobacillus_stearothermophilus-1422-Tyr-QUA,randS400,tRNA
srp_Picr.torr._AE017261,randS400,srp
RNaseP_SM2,randS400,RNaseP
5s_Proasellus-coxalis-1,randS400,5s
RNaseP_A.fulgidus,randS400,RNaseP
tRNA_tdbR00000100-Mus_musculus-10090-Phe-AA,randS400,tRNA
srp_Ther.teng._AE012978,randS400,srp
tmRNA_Buch.aphi._AE013218_1-376,randS400,tmRNA
srp_Myco.myco._X53678,randS400,srp
grp1_a.I1.e.B.yamatoana.JCM2896.C1.SSU.943,randS400,grp1
tRNA_tdbR00000086-Euglena_gracilis-3039-Phe-AA,randS400,tRNA
tmRNA_Prev.inte._TRW-246198_1-400,randS400,tmRNA
grp1_a.I1.e.A.capsulatus.G184B.C1.SSU,randS400,grp1
srp_Lyco.escu._Z29101,randS400,srp
srp_Lact.lact._AE006305,randS400,srp
srp_Myco.mobi._AE017308,randS400,srp
5s_Brugia-malayi-1,randS400,5s
srp_Geob.kaus._BA000043,randS400,srp
5s_Eimeria-tenella-1,randS400,5s
RNaseP_S.negevensis,randS400,RNaseP
RNaseP_A.nidulans,randS400,RNaseP
RNaseP_T.celerAL1,randS400,RNaseP
tRNA_tdbR00000381-Haloferax_volcanii-2246-Ser-GCU,randS400,tRNA
tmRNA_Stre.equi._TRW-40041_1-349,randS400,tmRNA
tmRNA_Xyle.fast._AE003849_1-355,randS400,tmRNA
RNaseP_PS4,randS400,RNaseP
5s_Saccharopolyspora-hirsuta-1,randS400,5s
srp_Stre.pyog._BA000034,randS400,srp
RNaseP_VSDW,randS400,RNaseP
tmRNA_Rubr.xyla._CP000386_1-360,randS400,tmRNA
srp_Geob.sulf._AE017180,randS400,srp
5s_Staphylococcus-haemolyticus-1,randS400,5s
RNaseP_S.bikiniensis,randS400,RNaseP
RNaseP_Synechococcus-MINOS1,randS400,RNaseP
RNaseP_K.pneumoniae,randS400,RNaseP
srp_Plas.viva._GSP-31273,randS400,srp
tmRNA_Pseu.puti._AE015451_1-399,randS400,tmRNA
tmRNA_Baci.anth._AE016879_1-355,randS400,tmRNA
tRNA_tdbR00000079-Rattus_norvegicus-10116-Phe-GAA,randS400,tRNA
srp_Vibr.chol._AE004188,randS400,srp
tRNA_tdbR00000026-Escherichia_coli-562-Asp-QUC,randS400,tRNA
tRNA_tdbR00000416-Nicotiana_rustica-4093-Ser-CGA,randS400,tRNA
tmRNA_Bord.bron._TRW-257310_1-387,randS400,tmRNA
grp1_a.I1.e.B.ciliata.JCM6865.C1.SSU.943,randS400,grp1
tmRNA_Stre.equi._TRW-1336_1-349,randS400,tmRNA
RNaseP_SM-A07,randS400,RNaseP
tRNA_tdbR00000528-Pichia_jadinii-4903-Ini-CAU,randS400,tRNA
5s_Mycoplasma-sp.-1,randS400,5s
RNaseP_W.fluorescens,randS400,RNaseP
tRNA_tdbR00000263-Rattus_norvegicus-10116-Leu-AA,randS400,tRNA
tRNA_tdbR00000198-Oryctolagus_cuniculus-9986-Lys-CUU,randS400,tRNA
tmRNA_Sacc.degr._CP000282_1-389,randS400,tmRNA
RNaseP_Wolbachia-sp,randS400,RNaseP
tRNA_tdbR00000060-Drosophila_melanogaster-7227-Glu-2UC,randS400,tRNA
5s_Dipsacomyces-acuminosporus-1,randS400,5s
5s_Bacillus-thuringiensis-6,randS400,5s
RNaseP_K.thermotolerans,randS400,RNaseP
tRNA_tdbR00000047-Escherichia_coli-562-Glu-SUC,randS400,tRNA
5s_Photobacterium-sp.-1,randS400,5s
tRNA_tdbR00000612-Sinorhizobium_meliloti-382-Trp-CCA,randS400,tRNA
5s_Neisseria-gonorrhoeae-1,randS400,5s
RNaseP_M.hyopneumoniae,randS400,RNaseP
5s_Thermus-thermophilus-2,randS400,5s
srp_Stre.livi._AY081854,randS400,srp
RNaseP_S.aureus,randS400,RNaseP
5s_Vibrio-adaptatus-1,randS400,5s
5s_Actinokineospora-riparia-1,randS400,5s
tmRNA_Cyan.para._U30821_1-291,randS400,tmRNA
tmRNA_Vibr.spec._TRW-345075_1-368,randS400,tmRNA
grp1_a.I1.e.C.merochlorophea.UNK.SSU.1210,randS400,grp1
tRNA_tdbR00000049-Chlamydomonas_reinhardtii-3055-Glu-NUC,randS400,tRNA
tmRNA_Stre.suis._TRW-286604_1-348,randS400,tmRNA
5s_Methanosarcina-mazei-2,randS400,5s
tRNA_tdbR00000179-Bacillus_subtilis-1423-Lys-UU,randS400,tRNA
tRNA_tdbR00000038-Rattus_norvegicus-10116-Asp-8UC,randS400,tRNA
srp_Dict.disc._AJ699381,randS400,srp
tRNA_tdbR00000184-Asterias_amurensis-7602-Lys-CUU,randS400,tRNA
RNaseP_PS27,randS400,RNaseP
srp_Citr.sine._CN181543,randS400,srp
tmRNA_Aero.hydr._AY442269_1-360,randS400,tmRNA
tmRNA_Rals.sola._AL646052_1-360,randS400,tmRNA
RNaseP_S.fibuligera,randS400,RNaseP
tmRNA_Soli.usit._CP000473_1-352,randS400,tmRNA
srp_Leis.aeth._AY722731,randS400,srp
srp_Phot.prof._CR378666,randS400,srp
5s_Methanococcus-voltae-1,randS400,5s
tmRNA_Bact.mari._TRW-97084_1-385,randS400,tmRNA
srp_Shew.balt._CP000753,randS400,srp
srp_Stre.ther._CP000024,randS400,srp
tRNA_tdbR00000254-Candida_cylindracea-44322-Leu-IAG,randS400,tRNA
tmRNA_Ther.ther._TRW-300852_1-349,randS400,tmRNA
RNaseP_R.palustris,randS400,RNaseP
srp_Hypo.jeco._GSP-334564-2,randS400,srp
5s_Lactobacillus-acidophilus-1,randS400,5s
tmRNA_Myco.capr._S67602_1-408,randS400,tmRNA
tRNA_tdbR00000035-Saccharomyces_cerevisiae-4932-Asp-GUC,randS400,tRNA
5s_Emericella-nidulans-6,randS400,5s
5s_Rhodobacter-capsulatus-1,randS400,5s
RNaseP_H.pylori-48K,randS400,RNaseP
grp1_b.I1.e.M.anisopliae.3.C1.LSU.1921,randS400,grp1
16s_P.occultum_domain3,randS400,16s
5s_Samia-cynthia-ricini-x-Bombyx-mori-1,randS400,5s
srp_Stre.pyog._AE014139,randS400,srp
5s_Auricularia-auricula-judae-1,randS400,5s
srp_Stre.pyog._CP000003,randS400,srp
tmRNA_Kine.radi._TRW-266940_1-366,randS400,tmRNA
5s_Saccharothrix-mutabilis-1,randS400,5s
grp1_a.I1.e.P.sarcinoidea.C1.SSU.943,randS400,grp1
srp_Sili.spec._CP000377,randS400,srp
5s_Streptomyces-sp.-2,randS400,5s
5s_Propionibacterium-acnes-1,randS400,5s
5s_Weissella-viridescens-2,randS400,5s
srp_Haem.infl._CP000671,randS400,srp
tmRNA_Acid.caps._TRW-240015_1-352,randS400,tmRNA
tRNA_tdbR00000434-Mycoplasma_capricolum-2095-Thr-UGU,randS400,tRNA
tRNA_tdbR00000281-Phaseolus_vulgaris-3885-Met-CAU,randS400,tRNA
srp_Burk.spec._CP000151,randS400,srp
5s_Saccharopolyspora-rectivirgula-1,randS400,5s
RNaseP_P.vulgaris,randS400,RNaseP
grp1_a.I1.e.P.macrosporus.C1.SSU.1506,randS400,grp1
srp_Borr.burg._AE000783,randS400,srp
srp_Baci.cere._CP000001,randS400,srp
RNaseP_B.brevis,randS400,RNaseP
5s_Lactobacillus-plantarum-2,randS400,5s
tRNA_tdbR00000493-Bos_taurus-9913-Trp-NCA,randS400,tRNA
tmRNA_Salm.ente._TRW-295319_1-363,randS400,tmRNA
5s_Erysipelothrix-rhusiopathiae-2,randS400,5s
tRNA_tdbR00000453-Bacillus_subtilis-1423-Val-5AC,randS400,tRNA
RNaseP_PS24,randS400,RNaseP
srp_Rals.eutr._CP000090,randS400,srp
RNaseP_M.leprae,randS400,RNaseP
5s_Asellus-aquaticus-1,randS400,5s
RNaseP_SM-A3761,randS400,RNaseP
tRNA_tdbR00000383-Haloferax_volcanii-2246-Ser-GGA,randS400,tRNA
tmRNA_Yers.pest._AL590842_1-364,randS400,tmRNA
srp_Stre.pyog._CP000261,randS400,srp
tmRNA_Citr.rode._TRW-67825_1-365,randS400,tmRNA
tRNA_tdbR00000574-Leishmania_tarentolae-5689-Trp-CCA,randS400,tRNA
srp_Lact.brev._CP000416,randS400,srp
srp_Pseu.fluo._CP000094,randS400,srp
tRNA_tdbR00000516-Spinacia_oleracea-3562-Ini-CAU,randS400,tRNA
tmRNA_Rumi.albu._TRW-246199_1-354,randS400,tmRNA
srp_List.mono._AE017331,randS400,srp
tmRNA_Camp.upsa._TRW-306264_1-359,randS400,tmRNA
tmRNA_Lact.acid._CP000033_1-369,randS400,tmRNA
srp_Cani.spec._SDB-9616,randS400,srp
srp_Myco.aviu._AE016958,randS400,srp
srp_Stre.agal._AL766845,randS400,srp
tRNA_tdbR00000088-Triticum_aestivum-4565-Phe-AA,randS400,tRNA
RNaseP_A.pernix,randS400,RNaseP
srp_Proc.mari._AJ237851,randS400,srp
tRNA_tdbR00000580-Aeropyrum_pernix-56636-Lys-UUU,randS400,tRNA
tmRNA_Guil.thet._AF041468_1-327,randS400,tmRNA
srp_Bras.napu._EE411352,randS400,srp
5s_Idiomarina-loihiensis-2,randS400,5s
tmRNA_Nitr.euro._BX321865_1-360,randS400,tmRNA
tRNA_tdbR00000191-Mesocricetus_auratus-10036-Lys-NUU,randS400,tRNA
RNaseP_CPB73,randS400,RNaseP
srp_Myco.geni._BD439871,randS400,srp
tRNA_tdbR00000449-Haloferax_volcanii-2246-Val-CAC,randS400,tRNA
tmRNA_Chla.trac._TRW-813-2_1-420,randS400,tmRNA
tRNA_tdbR00000142-Saccharomyces_cerevisiae-4932-His-GUG,randS400,tRNA
srp_Nitr.wino._CP000115,randS400,srp
RNaseP_E.asper,randS400,RNaseP
5s_Photobacterium-profundum-2,randS400,5s
srp_Zea.mays._CF919998,randS400,srp
5s_Porphyromonas-gingivalis-1,randS400,5s
5s_Acinetospora-crinita-1,randS400,5s
tRNA_tdbR00000243-Rattus_norvegicus-10116-Leu-UAG,randS400,tRNA
RNaseP_U.urealyticum,randS400,RNaseP
tRNA_tdbR00000326-Lupinus_luteus-3873-Pro-IGG,randS400,tRNA
5s_Bacillus-clausii-2,randS400,5s
tRNA_tdbR00000311-Haloferax_volcanii-2246-Pro-MGG,randS400,tRNA
16s_Z.mays_domain4,randS400,16s
tRNA_tdbR00000110-Methanobacterium_thermaggregans-83982-Gly-GCC,randS400,tRNA
tRNA_tdbR00000224-Rhodospirillum_rubrum-1085-Leu-CAA,randS400,tRNA
RNaseP_Buchnera-APS,randS400,RNaseP
srp_Aspe.clav._GSP-344612,randS400,srp
tRNA_tdbR00000544-Bacillus_subtilis-1423-Tyr-QUA,randS400,tRNA
RNaseP_L.ferrooxidans-CF,randS400,RNaseP
srp_Neph.oliv._AF137379,randS400,srp
srp_Legi.pneu._CR628337,randS400,srp
srp_Leis.dono._AY781793,randS400,srp
tRNA_tdbR00000097-Bos_taurus-9913-Phe-AA,randS400,tRNA
srp_Xyle.fast._AE012554,randS400,srp
RNaseP_ERH,randS400,RNaseP
5s_Mycoplasma-gallisepticum-1,randS400,5s
tmRNA_Cyto.hutc._CP000383_1-404,randS400,tmRNA
RNaseP_V.cholera,randS400,RNaseP
srp_Ocea.ihey._BA000028,randS400,srp
tRNA_tdbR00000619-Toxoplasma_gondii-5811-Met-CAU,randS400,tRNA
5s_Caulobacter-sp.-3,randS400,5s
23s_T.thermophilus_domain6,randS400,23s
16s_C.reinhardtii.mito_domain3,randS400,16s
telomerase_AF221926.103-507,randS400,telomerase
RNaseP_S.caesia-K200,randS400,RNaseP
5s_Fusarium-culmorum-2,randS400,5s
tmRNA_Pola.spec._CP000316_1-387,randS400,tmRNA
tRNA_tdbR00000578-Leishmania_tarentolae-5689-Glu-3UC,randS400,tRNA
5s_Vibrio-cholerae-4,randS400,5s
RNaseP_S.cyanea-K168T,randS400,RNaseP
tRNA_tdbR00000308-Moloney_murine_leukemia_virus-11801-Pro-NGG,randS400,tRNA
telomerase_AY312571.605-1069,randS400,telomerase
5s_Saccharothrix-australiensis-1,randS400,5s
srp_Chla.trac._CP000051,randS400,srp
5s_Scenedesmus-obliquus-1,randS400,5s
tRNA_tdbR00000533-Drosophila_melanogaster-7227-Ini-CAU,randS400,tRNA
tRNA_tdbR00000158-Escherichia_coli-562-Ile-GAU,randS400,tRNA
tmRNA_List.mono._AL591983_1-370,randS400,tmRNA
RNaseP_N.flavus,randS400,RNaseP
grp1_a.I1.e.S.paniceum.UNK.SSU.287,randS400,grp1
RNaseP_N.gregoryi,randS400,RNaseP
5s_Aeromonas-media-1,randS400,5s
tmRNA_Aqui.aeol._TRW-63363_1-347,randS400,tmRNA
telomerase_AF221918.97-547,randS400,telomerase
srp_Stap.aure._BX571857,randS400,srp
tmRNA_Emil.huxl._TRW-280463_1-291,randS400,tmRNA
5s_Mycoplasma-pneumoniae-1,randS400,5s
tRNA_tdbR00000135-Homo_sapiens-9606-Gly-CCC,randS400,tRNA
tRNA_tdbR00000127-Halocynthia_roretzi-7729-Gly-UCU,randS400,tRNA
5s_Vicia-faba-1,randS400,5s
5s_Arabidopsis-thaliana-1,randS400,5s
srp_Chla.pneu._AE002198,randS400,srp
tmRNA_Esch.coli._U36840_1-363,randS400,tmRNA
5s_Escherichia-coli-13,randS400,5s
tRNA_tdbR00000138-Haloferax_volcanii-2246-His-GUG,randS400,tRNA
RNaseP_C.pneumoniae-AR39,randS400,RNaseP
5s_Treponema-denticola-1,randS400,5s
tRNA_tdbR00000170-Saccharomyces_cerevisiae-4932-Ile-IAU,randS400,tRNA
tRNA_tdbR00000398-Ascaris_suum-6253-Ser-UCU,randS400,tRNA
tRNA_tdbR00000422-Rattus_norvegicus-10116-Ser-GCU,randS400,tRNA
RNaseP_C.trachomatis-D,randS400,RNaseP
grp1_a.I1.e.S.paniceum.UNK.SSU.114,randS400,grp1
srp_Baci.poly._D11421,randS400,srp
srp_Ther.mela._CP000716,randS400,srp
srp_Pseu.aeru._X12644,randS400,srp
16s_Z.mays_domain3,randS400,16s
5s_Erysipelothrix-rhusiopathiae-3,randS400,5s
RNaseP_P.maris,randS400,RNaseP
srp_Cory.glut._BX927148,randS400,srp
5s_Filobasidiella-neoformans-1,randS400,5s
tRNA_tdbR00000464-Saccharomyces_cerevisiae-4932-Val-IAC,randS400,tRNA
tRNA_tdbR00000484-Escherichia_coli-562-Trp-CCA,randS400,tRNA
5s_Bacillus-subtilis-5,randS400,5s
tmRNA_Clos.perf._TRW-195102_1-361,randS400,tmRNA
5s_Bacillus-anthracis-9,randS400,5s
srp_Oryz.sati._AP003333,randS400,srp
RNaseP_SM-A3254,randS400,RNaseP
tmRNA_Nitr.mult._CP000103_1-362,randS400,tmRNA
srp_Shew.loih._CP000606,randS400,srp
5s_Tremella-mesenterica-1,randS400,5s
tmRNA_Burk.fung._TRW-266265_1-370,randS400,tmRNA
tRNA_tdbR00000562-Nicotiana_rustica-4093-Tyr-GPA,randS400,tRNA
RNaseP_K.polysporus,randS400,RNaseP
srp_Vibr.chol._AE003852,randS400,srp
tRNA_tdbR00000001-Halobacterium_salinarum-2242-Ala-CGC,randS400,tRNA
grp1_a.I1.e.P.inouyei.C1.SSU.1506,randS400,grp1
5s_Tricholoma-matsutake-1,randS400,5s
RNaseP_Rr327,randS400,RNaseP
RNaseP_SM-A04,randS400,RNaseP
tRNA_tdbR00000380-Halobacterium_salinarum-2242-Ser-MGA,randS400,tRNA
tmRNA_Baci.subt._TRW-1423_1-363,randS400,tmRNA
srp_Lyco.escu._Z29260,randS400,srp
5s_Fusarium-pseudograminearum-6,randS400,5s
5s_Neurospora-africana-1,randS400,5s
tRNA_tdbR00000171-Pichia_jadinii-4903-Ile-IAU,randS400,tRNA
tRNA_tdbR00000064-Mycoplasma_capricolum-2095-Phe-GAA,randS400,tRNA
tmRNA_Salm.ente._AE017220_1-363,randS400,tmRNA
RNaseP_ESH212C,randS400,RNaseP
5s_Xenopus-borealis-2,randS400,5s
tmRNA_Lept.spec._TRW-261385_1-359,randS400,tmRNA
tmRNA_Neis.meni._AL162755_1-360,randS400,tmRNA
srp_Stap.aure._AF368293,randS400,srp
RNaseP_T.syrichta,randS400,RNaseP
tRNA_tdbR00000114-Staphylococcus_epidermidis-1282-Gly-UCC,randS400,tRNA
tmRNA_Acid.ferr._TRW-133824_1-364,randS400,tmRNA
srp_Clos.perf._CP000312,randS400,srp
tRNA_tdbR00000390-Escherichia_coli-562-Ser-CGA,randS400,tRNA
tRNA_tdbR00000573-Leishmania_tarentolae-5689-Gln-3UG,randS400,tRNA
5s_Misgurnus-fossilis-14,randS400,5s
srp_Sacc.cere._U18917,randS400,srp
tRNA_tdbR00000479-Mycoplasma_capricolum-2095-Trp-BCA,randS400,tRNA
RNaseP_A.obstetricans,randS400,RNaseP
srp_Hype.buty._CP000493,randS400,srp
5s_Paracoccus-sp.-1,randS400,5s
tRNA_tdbR00000181-Escherichia_coli-562-Lys-SUU,randS400,tRNA
srp_Phak.pach._GSP-170000-1,randS400,srp
RNaseP_E.eschscholtzii-2,randS400,RNaseP
RNaseP_S.caesia-SB22,randS400,RNaseP
5s_Burkholderia-pseudomallei-1,randS400,5s
tmRNA_Erwi.caro._BX950851_1-363,randS400,tmRNA
tRNA_tdbR00000069-Synechococcus_sp._PCC_7002-32049-Phe-GAA,randS400,tRNA
5s_Lactobacillus-johnsonii-1,randS400,5s
tRNA_tdbR00000017-Homo_sapiens-9606-Ala-IGC,randS400,tRNA
tmRNA_envi.sequ._TRW-300695-2_1-345,randS400,tmRNA
tmRNA_envi.sequ._TRW-363179_1-348,randS400,tmRNA
srp_Lact.lact._CP000425,randS400,srp
srp_Plas.berg._DC223613,randS400,srp
RNaseP_Prochlorococcus-NATL1,randS400,RNaseP
5s_Vibrio-harveyi-2,randS400,5s
5s_Agrobacterium-tumefaciens-2,randS400,5s
grp1_b.I1.e.M.anisopliae.2.C1.LSU.1921,randS400,grp1
tRNA_tdbR00000262-Rattus_norvegicus-10116-Leu-AA,randS400,tRNA
5s_Thiomonas-perometabolis-1,randS400,5s
srp_Yarr.lipo._CR382130,randS400,srp
tmRNA_Haem.infl._TRW-262727_1-366,randS400,tmRNA
tmRNA_Lact.sake._AF400065_1-370,randS400,tmRNA
tmRNA_Sulf.azor._TRW-204536_1-351,randS400,tmRNA
tmRNA_Vibr.chol._AE004170_1-367,randS400,tmRNA
srp_Oryz.sati._AP003253,randS400,srp
tRNA_tdbR00000465-Saccharomyces_cerevisiae-4932-Val-CAC,randS400,tRNA
srp_Pris.paci._GSP-54126,randS400,srp
5s_Streptococcus-agalactiae-2,randS400,5s
tmRNA_Fran.tula._AM286280_1-421,randS400,tmRNA
tRNA_tdbR00000382-Haloferax_volcanii-2246-Ser-MGA,randS400,tRNA
5s_Pichia-jadinii-1,randS400,5s
5s_Toxoplasma-gondii-1,randS400,5s
tRNA_tdbR00000445-Bos_taurus-9913-Thr-IGU,randS400,tRNA
tmRNA_Stap.aure._BA000017_1-362,randS400,tmRNA
5s_Bacteroides-fragilis-4,randS400,5s
srp_Humu.lupu._AJ236703,randS400,srp
RNaseP_T.maritima-g,randS400,RNaseP
16s_H.volcanii_domain2,randS400,16s
5s_Gluconacetobacter-xylinus-1,randS400,5s
tRNA_tdbR00000609-Chlamydomonas_reinhardtii-3055-Leu-UA7,randS400,tRNA
srp_Baci.anth._AE017334,randS400,srp
tmRNA_uncu.bact._TRW-72274-2_1-359,randS400,tmRNA
5s_Halorubrum-distributum-3,randS400,5s
tRNA_tdbR00000065-Bacillus_subtilis-1423-Phe-AA,randS400,tRNA
5s_Cryptococcus-neoformans-1,randS400,5s
tRNA_tdbR00000393-Escherichia_coli-562-Ser-GGA,randS400,tRNA
5s_Saccharomyces-cerevisiae-6,randS400,5s
tmRNA_Myco.aviu._AE016958_1-368,randS400,tmRNA
RNaseP_L.borgpetersenii,randS400,RNaseP
tRNA_tdbR00000051-Triticum_aestivum-4565-Glu-SPC,randS400,tRNA
tmRNA_Prop.acne._AE017283_1-371,randS400,tmRNA
tRNA_tdbR00000041-Xenopus_laevis-8355-Asp-8UC,randS400,tRNA
srp_Yers.pest._AJ414155,randS400,srp
tmRNA_Haem.infl._L42023_1-366,randS400,tmRNA
tRNA_tdbR00000577-Leishmania_tarentolae-5689-Glu-CUC,randS400,tRNA
tmRNA_Esch.coli._BA000007_1-363,randS400,tmRNA
RNaseP_S.viridis-K191,randS400,RNaseP
srp_Baci.circ._D11419,randS400,srp
5s_Coleosporium-tussilaginis-1,randS400,5s
5s_Candida-glabrata-1,randS400,5s
16s_C.psittaci_domain4,randS400,16s
5s_Rhodosporidium-toruloides-1,randS400,5s
RNaseP_F.antarctica,randS400,RNaseP
5s_Fusarium-sporotrichioides-1,randS400,5s
tRNA_tdbR00000129-Saccharomyces_cerevisiae-4932-Gly-GCC,randS400,tRNA
srp_Homo.sapi._X02067,randS400,srp
tRNA_tdbR00000300-Saccharomyces_cerevisiae-4932-Asn-GUU,randS400,tRNA
RNaseP_ESH183D,randS400,RNaseP
tmRNA_Phot.asym._TRW-291112_1-364,randS400,tmRNA
srp_Zea.mays._CF974802,randS400,srp
16s_C.reinhardtii.mito_domain4,randS400,16s
RNaseP_M.flocculare,randS400,RNaseP
tmRNA_Clos.diff._TRW-367459_1-350,randS400,tmRNA
srp_Baci.subt._X06803,randS400,srp
srp_Dros.mela._AC095014,randS400,srp
srp_Salm.typh._AE008717,randS400,srp
16s_F.ananassa_domain4,randS400,16s
5s_Neurospora-crassa-11,randS400,5s
5s_Rhodopseudomonas-palustris-3,randS400,5s
tmRNA_Bact.frag._TRW-817_1-398,randS400,tmRNA
tmRNA_uncu.bact._TRW-80840-3_1-379,randS400,tmRNA
16s_S.cerevisiae_domain4,randS400,16s
tRNA_tdbR00000192-Saccharomyces_cerevisiae-4932-Lys-CUU,randS400,tRNA
RNaseP_LGA6,randS400,RNaseP
grp1_a.I1.e.A.adeninivorans.C1.LSU.2449,randS400,grp1
tRNA_tdbR00000193-Saccharomyces_cerevisiae-4932-Lys-UU,randS400,tRNA
tmRNA_Esch.coli._AP009048_1-363,randS400,tmRNA
tRNA_tdbR00000436-Bacillus_subtilis-1423-Thr-5GU,randS400,tRNA
srp_Salm.ente._CP000026,randS400,srp
tmRNA_Neph.oliv._AF137379-2_1-327,randS400,tmRNA
srp_Pyro.aero._AE009852,randS400,srp
srp_Ther.petr._CP000702,randS400,srp
RNaseP_U.stansburiana,randS400,RNaseP
tRNA_tdbR00000232-Phaseolus_vulgaris-3885-Leu-NAA,randS400,tRNA
RNaseP_C.innocuum,randS400,RNaseP
tRNA_tdbR00000486-Phaseolus_vulgaris-3885-Trp-BCA,randS400,tRNA
5s_Magnolia-stellata-1,randS400,5s
RNaseP_P.purpurea-chloroplast,randS400,RNaseP
tmRNA_Leuc.mese._CP000414_1-358,randS400,tmRNA
5s_Meloidogyne-chitwoodi-1,randS400,5s
RNaseP_Anabaena-PCC7120,randS400,RNaseP
tmRNA_Stre.agal._TRW-1311_1-350,randS400,tmRNA
tmRNA_Mann.succ._AE016827_1-367,randS400,tmRNA
srp_Trit.aest._CA694528,randS400,srp
tRNA_tdbR00000387-Bacillus_subtilis-1423-Ser-5GA,randS400,tRNA
tmRNA_Pseu.ento._CT573326_1-392,randS400,tmRNA
tRNA_tdbR00000027-Hordeum_vulgare-4513-Asp-GUC,randS400,tRNA
tmRNA_Salm.typh._AY316313_1-363,randS400,tmRNA
5s_Colwellia-psychrerythraea-1,randS400,5s
tmRNA_Stre.pneu._TRW-1313_1-348,randS400,tmRNA
tRNA_tdbR00000095-Drosophila_melanogaster-7227-Phe-AA,randS400,tRNA
16s_P.staleyi_domain4,randS400,16s
tRNA_tdbR00000212-Haloferax_volcanii-2246-Leu-CAG,randS400,tRNA
tmRNA_Pseu.aeru._CP000438_1-353,randS400,tmRNA
5s_Bacillus-anthracis-10,randS400,5s
RNaseP_T.pallidum,randS400,RNaseP
5s_Burkholderia-cepacia-1,randS400,5s
tRNA_tdbR00000297-Azospirillum_lipoferum-193-Asn-QUU,randS400,tRNA
tmRNA_Grac.tenu._AY673996_1-396,randS400,tmRNA
tRNA_tdbR00000521-Bos_taurus-9913-Ini-CAU,randS400,tRNA
RNaseP_T.thioparus,randS400,RNaseP
tmRNA_Myco.mobi._TRW-267748_1-376,randS400,tmRNA
srp_Arab.thal._AC005311,randS400,srp
srp_Leis.braz._AY781791,randS400,srp
tRNA_tdbR00000582-Aeropyrum_pernix-56636-Tyr-GUA,randS400,tRNA
srp_Myco.spec._CP000518,randS400,srp
RNaseP_C.acetobutylicum,randS400,RNaseP
5s_Mycobacterium-bovis-2,randS400,5s
5s_Drosophila-erecta-1,randS400,5s
tmRNA_Stap.aure._BA000018_1-362,randS400,tmRNA
tRNA_tdbR00000529-Triticum_aestivum-4565-Ini-CAU,randS400,tRNA
RNaseP_TP1,randS400,RNaseP
5s_Methanococcus-vannielii-1,randS400,5s
tmRNA_Neis.meni._TRW-122587_1-363,randS400,tmRNA
RNaseP_CPA58,randS400,RNaseP
5s_Roseococcus-thiosulfatophilus-2,randS400,5s
tmRNA_Acti.succ._TRW-339671_1-367,randS400,tmRNA
telomerase_AF221914.112-589,randS400,telomerase
srp_Cory.diph._BX248354,randS400,srp
RNaseP_SM-A1621,randS400,RNaseP
RNaseP_SM-A2135,randS400,RNaseP
srp_Meth.kand._AE010387,randS400,srp
RNaseP_C.trachomatis-2,randS400,RNaseP
RNaseP_CPA49,randS400,RNaseP
srp_Shew.spec._CP000444,randS400,srp
tRNA_tdbR00000033-Didelphis_virginiana-9267-Asp-QUC,randS400,tRNA
tmRNA_Camp.jeju._AL139078_1-356,randS400,tmRNA
tRNA_tdbR00000062-Homo_sapiens-9606-Glu-CUC,randS400,tRNA
tmRNA_envi.sequ._TRW-2-1_1-365,randS400,tmRNA
tmRNA_Desu.vulg._AE017285_1-352,randS400,tmRNA
5s_Candida-antarctica-1,randS400,5s
srp_Heli.exil._EE659686,randS400,srp
5s_Thermus-thermophilus-3,randS400,5s
RNaseP_S.lividans,randS400,RNaseP
srp_Heli.pylo._AE001441,randS400,srp
tRNA_tdbR00000102-Bos_taurus-9913-Phe-AA,randS400,tRNA
tRNA_tdbR00000032-Rattus_norvegicus-10116-Asp-GUC,randS400,tRNA
RNaseP_CPB7776,randS400,RNaseP
telomerase_AF221937.99-545,randS400,telomerase
RNaseP_SM-A4674,randS400,RNaseP
5s_Methanosarcina-acetivorans-1,randS400,5s
RNaseP_P.alcalifaciens,randS400,RNaseP
5s_Neurospora-crassa-9,randS400,5s
srp_Burk.pseu._CP000124,randS400,srp
grp1_a.I1.e.C.merochlorophea.UNK.SSU.1389,randS400,grp1
srp_Fran.tula._AM286280,randS400,srp
5s_Methanospirillum-hungatei-1,randS400,5s
RNaseP_A.tumefaciens,randS400,RNaseP
5s_Fusobacterium-nucleatum-2,randS400,5s
srp_Haem.infl._U32795,randS400,srp
RNaseP_A.fastidiosum,randS400,RNaseP
grp1_a.I1.e.L.dispersa.UNK.SSU.114,randS400,grp1
srp_Leis.braz._AM494942,randS400,srp
tmRNA_Yers.berc._TRW-349968_1-381,randS400,tmRNA
5s_Aplysia-kurodai-1,randS400,5s
RNaseP_H.mobilis,randS400,RNaseP
tmRNA_Lact.delb._TRW-321956_1-362,randS400,tmRNA
5s_Pirellula-sp.-2,randS400,5s
RNaseP_PF101,randS400,RNaseP
tmRNA_Myco.Bxz1._AY129337_1-437,randS400,tmRNA
tRNA_tdbR00000145-Saccharomyces_cerevisiae-4932-His-GUG,randS400,tRNA
16s_B.burgdorferi_domain2,randS400,16s
RNaseP_C.difficile,randS400,RNaseP
grp1_a.I1.m.S.luteus.A1.LSU.2504,randS400,grp1
RNaseP_WA1,randS400,RNaseP
RNaseP_CPB70,randS400,RNaseP
srp_Tric.rees._GSP-334564-1,randS400,srp
tRNA_tdbR00000288-Mus_musculus-10090-Met-BAU,randS400,tRNA
RNaseP_D.radiodurans,randS400,RNaseP
tRNA_tdbR00000147-Drosophila_melanogaster-7227-His-GUG,randS400,tRNA
tRNA_tdbR00000611-Sinorhizobium_meliloti-382-His-GUG,randS400,tRNA
5s_Natrinema-sp.-1,randS400,5s
srp_Dich.nodo._CP000513,randS400,srp
tRNA_tdbR00000513-Synechococcus_elongatus_PCC_6301-269084-Ini-CAU,randS400,tRNA
srp_Humu.japo._X65990,randS400,srp
5s_Chlorobium-limicola-1,randS400,5s
5s_E_glandulE,randS400,5s
5s_Vitreoscilla-beggiatoides-1,randS400,5s
tmRNA_Copr.prot._TRW-351627_1-353,randS400,tmRNA
tmRNA_Rubr.xyla._TRW-266117_1-360,randS400,tmRNA
tRNA_tdbR00000249-Saccharomyces_cerevisiae-4932-Leu-CAA,randS400,tRNA
tmRNA_Bord.para._TRW-257311_1-387,randS400,tmRNA
RNaseP_E.faecalis-2,randS400,RNaseP
tmRNA_Dein.geot._CP000359_1-348,randS400,tmRNA
5s_Haloferax-volcanii-1,randS400,5s
telomerase_AF221925.98-540,randS400,telomerase
RNaseP_SM-A4876,randS400,RNaseP
tRNA_tdbR00000046-Escherichia_coli-562-Glu-SUC,randS400,tRNA
5s_Chlorobium-phaeobacteroides-1,randS400,5s
5s_Streptomyces-griseus-3,randS400,5s
RNaseP_Z.rouxii,randS400,RNaseP
srp_Meth.caps._AE017282,randS400,srp
5s_Sporosarcina-ureae-1,randS400,5s
RNaseP_M.genitalium,randS400,RNaseP
tmRNA_List.mono._TRW-1639-1_1-370,randS400,tmRNA
tmRNA_uncu.bact._TRW-45456_1-408,randS400,tmRNA
tmRNA_Acti.naes._TRW-240017_1-371,randS400,tmRNA
5s_Oryza-sativa-1,randS400,5s
5s_Mycoplasma-mycoides-1,randS400,5s
5s_Spiroplasma-melliferum-1,randS400,5s
RNaseP_P.stutzeri,randS400,RNaseP
tmRNA_Clav.mich._TRW-31964_1-376,randS400,tmRNA
RNaseP_SM-A1315,randS400,RNaseP
srp_Ashb.goss._AE016819,randS400,srp
RNaseP_SMB-B4,randS400,RNaseP
5s_Lactobacillus-delbrueckii-2,randS400,5s
RNaseP_G.gorilla,randS400,RNaseP
5s_Xenopus-tropicalis-2,randS400,5s
RNaseP_Oscillatoria-PCC7515,randS400,RNaseP
tmRNA_Acti.acti._TRW-272556_1-366,randS400,tmRNA
RNaseP_Prochlorococcus-PCC9511,randS400,RNaseP
5s_Thermoactinomyces-vulgaris-1,randS400,5s
16s_H.volcanii_domain4,randS400,16s
srp_Moor.ther._CP000232,randS400,srp
tRNA_tdbR00000323-Saccharomyces_cerevisiae-4932-Pro-NGG,randS400,tRNA
23s_E.coli_domain4,randS400,23s
tmRNA_Camp.jeju._AX048472_1-359,randS400,tmRNA
tmRNA_Pedi.pent._CP000422_1-369,randS400,tmRNA
tRNA_tdbR00000367-Bos_taurus-9913-Arg-UCG,randS400,tRNA
RNaseP_UK5,randS400,RNaseP
srp_Mono.dome._GSP-13616,randS400,srp
5s_Haloarcula-marismortui-2,randS400,5s
5s_Shigella-flexneri-3,randS400,5s
RNaseP_EM14b-9,randS400,RNaseP
grp1_a.I1.e.L.dispersa.UNK.SSU.287,randS400,grp1
5s_Pseudomonas-fluorescens-4,randS400,5s
telomerase_AF221921.98-548,randS400,telomerase
telomerase_AF221920.99-541,randS400,telomerase
RNaseP_M.jannaschii,randS400,RNaseP
tmRNA_Carb.hydr._CP000141_1-359,randS400,tmRNA
tmRNA_Shew.onei._AX048560_1-355,randS400,tmRNA
tRNA_tdbR00000219-Bacillus_subtilis-1423-Leu-CAG,randS400,tRNA
5s_Nicotiana-tabacum-1,randS400,5s
tRNA_tdbR00000351-Haloferax_volcanii-2246-Arg-NCG,randS400,tRNA
srp_Stro.purp._GSP-7668,randS400,srp
tmRNA_Lact.case._CP000423_1-364,randS400,tmRNA
grp1_a.I1.e.P.carinii.Pc2.C1.LSU.1921,randS400,grp1
RNaseP_P126,randS400,RNaseP
srp_Cyan.mero._AB002583,randS400,srp
RNaseP_Onchorhynchus-2,randS400,RNaseP
tmRNA_Chro.sale._CP000285_1-380,randS400,tmRNA
tRNA_tdbR00000218-Mycoplasma_capricolum-2095-Leu-UAG,randS400,tRNA
srp_Cyan.mero._AY286123,randS400,srp
RNaseP_S.faciem,randS400,RNaseP
srp_Brad.spec._CU234118,randS400,srp
telomerase_AF221906.96-545,randS400,telomerase
telomerase_AF221936.98-540,randS400,telomerase
tmRNA_Nost.spec._BA000019_1-390,randS400,tmRNA
srp_Ther.fusc._CP000088,randS400,srp
tmRNA_Haem.infl._U32808_1-366,randS400,tmRNA
5s_Streptomyces-coelicolor-6,randS400,5s
5s_Acremonium-chrysogenum-1,randS400,5s
RNaseP_P.putida,randS400,RNaseP
5s_Lineus-geniculatus-1,randS400,5s
RNaseP_Synechococcus-PCC7001,randS400,RNaseP
5s_Xanthobacter-viscosus-1,randS400,5s
tmRNA_Vibr.vuln._AE016795_1-367,randS400,tmRNA
tRNA_tdbR00000161-Zea_mays-4577-Ile-GAU,randS400,tRNA
tmRNA_Stre.aure._AY616521_1-382,randS400,tmRNA
srp_Baci.subt._X06802,randS400,srp
16s_S.cerevisiae_domain3,randS400,16s
srp_Bruc.meli._AM040264,randS400,srp
RNaseP_Synechococcus-PCC7942,randS400,RNaseP
srp_Aqui.aeol._AE000657,randS400,srp
5s_Amycolatopsis-orientalis-1,randS400,5s
srp_Stre.suis._CP000408,randS400,srp
tmRNA_Esch.coli._D12501_1-363,randS400,tmRNA
srp_Popu.trem._BU866844,randS400,srp
RNaseP_S.marcescens,randS400,RNaseP
tRNA_tdbR00000524-Scenedesmus_obliquus-3088-Ini-CAU,randS400,tRNA
srp_Meth.bark._CP000099,randS400,srp
srp_Pseu.syri._CP000058,randS400,srp
srp_Baci.cere._AE016998,randS400,srp
tRNA_tdbR00000228-Glycine_max-3847-Leu-BAA,randS400,tRNA
srp_Stap.haem._AP006716,randS400,srp
tmRNA_Trep.pall._TRW-243276_1-354,randS400,tmRNA
tmRNA_Odon.sine._Z67753_1-368,randS400,tmRNA
tmRNA_Burk.viet._TRW-269482_1-370,randS400,tmRNA
tRNA_tdbR00000586-Aeropyrum_pernix-56636-Met-CAU,randS400,tRNA
grp1_a.I1.e.D.salina.C1.SSU.943,randS400,grp1
srp_Clos.perf._CP000246,randS400,srp
5s_Nanoarchaeum-equitans-1,randS400,5s
RNaseP_SM-A3355,randS400,RNaseP
srp_Esch.coli._U00096,randS400,srp
RNaseP_CPA54,randS400,RNaseP
tmRNA_Oeno.oeni._TRW-203123_1-350,randS400,tmRNA
grp1_a.I1.e.P.carinii.C1.SSU.1506,randS400,grp1
srp_Meth.ther._X15364,randS400,srp
5s_Caulobacter-crescentus-2,randS400,5s
tRNA_tdbR00000073-Spinacia_oleracea-3562-Phe-GAA,randS400,tRNA
5s_Equisetum-arvense-1,randS400,5s
5s_Beta-vulgaris-1,randS400,5s
tRNA_tdbR00000420-Spinacia_oleracea-3562-Ser-IGA,randS400,tRNA
srp_Phot.lumi._BX571872,randS400,srp
RNaseP_Synechocystis-PCC6803,randS400,RNaseP
16s_Z.mays_domain2,randS400,16s
tRNA_tdbR00000296-Azospirillum_lipoferum-193-Asn-QUU,randS400,tRNA
tRNA_tdbR00000456-Escherichia_coli-562-Val-VAC,randS400,tRNA
RNaseP_ESH20b-1,randS400,RNaseP
RNaseP_N.pyridinolyticus,randS400,RNaseP
srp_Stap.aure._CP000255,randS400,srp
5s_Tenebrio-molitor-1,randS400,5s
16s_D.melanogaster_domain4,randS400,16s
tRNA_tdbR00000469-Rattus_norvegicus-10116-Val-IAC,randS400,tRNA
tmRNA_Pant.stew._TRW-66269_1-363,randS400,tmRNA
5s_Tinca-tinca-2,randS400,5s
tmRNA_Neis.meni._TRW-122586_1-363,randS400,tmRNA
RNaseP_S.malidevorans,randS400,RNaseP
5s_Clostridium-butyricum-2,randS400,5s
tRNA_tdbR00000591-Ascaris_suum-6253-Lys-UU,randS400,tRNA
5s_Mycoplasma-hyopneumoniae-2,randS400,5s
5s_Scytosiphon-lomentaria-1,randS400,5s
telomerase_AF221927.113-556,randS400,telomerase
tmRNA_Clos.ther._TRW-203119_1-387,randS400,tmRNA
srp_Pseu.aeru._AE004091,randS400,srp
RNaseP_H.pylori-26695,randS400,RNaseP
5s_Calliphora-vicina-1,randS400,5s
5s_Xenopus-borealis-3,randS400,5s
tRNA_tdbR00000459-Neurospora_crassa-5141-Val-UAC,randS400,tRNA
5s_Drosophila-simulans-1,randS400,5s
srp_Baci.mace._D11420,randS400,srp
5s_Staphylococcus-epidermidis-2,randS400,5s
tmRNA_Thio.crun._CP000109_1-358,randS400,tmRNA
5s_Renobacter-vaculatum-1,randS400,5s
srp_Leis.infa._SDB-5671,randS400,srp
5s_Cerastoderma-edule-1,randS400,5s
tRNA_tdbR00000447-Halobacterium_salinarum-2242-Val-CAC,randS400,tRNA
RNaseP_P.mississippiensis,randS400,RNaseP
tRNA_tdbR00000058-Lupinus_luteus-3873-Glu-CUC,randS400,tRNA
RNaseP_P.aeruginosa,randS400,RNaseP
5s_Gymnosporangium-sabinae-1,randS400,5s
RNaseP_SM-A4775,randS400,RNaseP
srp_Trit.aest._BQ167677,randS400,srp
5s_Amycolatopsis-lactamdurans-1,randS400,5s
tmRNA_Wigg.glos._BA000021_1-365,randS400,tmRNA
tmRNA_envi.sequ._TRW-32045-3_1-350,randS400,tmRNA
5s_Chlorella-sp.-1,randS400,5s
tRNA_tdbR00000287-Oryctolagus_cuniculus-9986-Met-BAU,randS400,tRNA
RNaseP_S.pyogenes,randS400,RNaseP
5s_Cycas-revoluta-1,randS400,5s
5s_Perkinsus-olseni-1,randS400,5s
RNaseP_BH145,randS400,RNaseP
tRNA_tdbR00000550-Neurospora_crassa-5141-Tyr-GUA,randS400,tRNA
RNaseP_S.solfataricus-P2,randS400,RNaseP
5s_Vibrio-tubiashii-1,randS400,5s
tRNA_tdbR00000320-Spinacia_oleracea-3562-Pro-NGG,randS400,tRNA
srp_Azoa.spec._CR555306,randS400,srp
5s_Mycobacterium-tuberculosis-2,randS400,5s
tmRNA_Shew.balt._TRW-325240_1-356,randS400,tmRNA
5s_Ralstonia-solanacearum-2,randS400,5s
tmRNA_Desu.acet._TRW-281689_1-353,randS400,tmRNA
tmRNA_Soda.glos._AP008232_1-384,randS400,tmRNA
RNaseP_P.furiosus,randS400,RNaseP
srp_Aqui.aeol._AE000759,randS400,srp
srp_Heli.pylo._AE001439,randS400,srp
tmRNA_Leuc.mese._TRW-1245_1-358,randS400,tmRNA
RNaseP_H.morrhuae,randS400,RNaseP
tmRNA_Guil.thet._TRW-55529_1-330,randS400,tmRNA
tRNA_tdbR00000247-Bos_taurus-9913-Leu-UAG,randS400,tRNA
5s_Diplonema-papillatum-1,randS400,5s
tRNA_tdbR00000112-Mycoplasma_mycoides-2102-Gly-UCC,randS400,tRNA
5s_Gloiopeltis-complanata-1,randS400,5s
tRNA_tdbR00000213-Haloferax_volcanii-2246-Leu-GAG,randS400,tRNA
tRNA_tdbR00000418-Nicotiana_rustica-4093-Ser-IGA,randS400,tRNA
tmRNA_Yers.pest._CP000308_1-364,randS400,tmRNA
tRNA_tdbR00000333-Escherichia_coli-562-Gln-NUG,randS400,tRNA
srp_Chla.rein._X71484,randS400,srp
5s_Fusobacterium-mortiferum-1,randS400,5s
srp_Agro.tume._AE007951,randS400,srp
5s_Vibrio-cholerae-2,randS400,5s
tRNA_tdbR00000214-Haloferax_volcanii-2246-Leu-UAA,randS400,tRNA
tmRNA_Bact.thet._AE015928_1-397,randS400,tmRNA
grp1_a.I1.e.P.inouyei.C1.SSU.943,randS400,grp1
RNaseP_A.erythreum,randS400,RNaseP
tmRNA_Fuso.nucl._TRW-209882_1-344,randS400,tmRNA
RNaseP_C.jejuni,randS400,RNaseP
srp_Trit.aest._BE424647,randS400,srp
5s_Halothiobacillus-neapolitanus-1,randS400,5s
RNaseP_D.jeanneae,randS400,RNaseP
tRNA_tdbR00000310-Enterobacteria_phage_T5-10726-Pro-UGG,randS400,tRNA
5s_Buchnera-aphidicola-1,randS400,5s
RNaseP_H.pylori-J99,randS400,RNaseP
srp_Rhod.spha._CP000661,randS400,srp
5s_Saprospira-grandis-1,randS400,5s
RNaseP_LGW18,randS400,RNaseP
16s_B.burgdorferi_domain4,randS400,16s
5s_Frankia-sp.-2,randS400,5s
16s_C.reinhardtii.chloro_domain2,randS400,16s
5s_Bacillus-thuringiensis-5,randS400,5s
5s_Escherichia-coli-4,randS400,5s
tmRNA_Stre.suis._TRW-218494_1-354,randS400,tmRNA
RNaseP_P.cultripes,randS400,RNaseP
grp1_a.I1.e.L.dispersa.UNK.SSU.789,randS400,grp1
tmRNA_Yers.pest._CP000305_1-364,randS400,tmRNA
tmRNA_Ther.teng._AE013063_1-351,randS400,tmRNA
tRNA_tdbR00000507-Bacillus_subtilis-1423-Ini-CAU,randS400,tRNA
srp_Heli.pylo._AE000524,randS400,srp
tmRNA_Bact.frag._CR626927_1-398,randS400,tmRNA
5s_Xenopus-borealis-4,randS400,5s
5s_Drosophila-melanogaster-1,randS400,5s
tmRNA_Myco.capr._D13067_1-411,randS400,tmRNA
5s_Phlyctochytrium-irregulare-1,randS400,5s
RNaseP_S.octosporus,randS400,RNaseP
5s_Micrococcus-luteus-1,randS400,5s
srp_Schi.mans._GSP-6183,randS400,srp
srp_Aspe.terr._GSP-341663,randS400,srp
5s_Thermoplasma-volcanium-1,randS400,5s
tmRNA_Paen.larv._TRW-1464_1-367,randS400,tmRNA
srp_Clos.novy._CP000382,randS400,srp
tmRNA_Stre.sobr._TRW-246202_1-349,randS400,tmRNA
srp_List.inno._AL596173,randS400,srp
16s_C.elegans_domain2,randS400,16s
tmRNA_Carn.malt._AF275938_1-366,randS400,tmRNA
tRNA_tdbR00000561-Nicotiana_rustica-4093-Tyr-GPA,randS400,tRNA
RNaseP_S.shibatae,randS400,RNaseP
srp_Cory.effi._BA000035,randS400,srp
5s_Bacteroides-capillosus-1,randS400,5s
grp1_a.I1.e.Staurastrum.sp.M753.C1.SSU.1506,randS400,grp1
tmRNA_Baci.halo._BA000004_1-361,randS400,tmRNA
5s_Chlamydia-trachomatis-1,randS400,5s
tRNA_tdbR00000133-Bombyx_mori-7091-Gly-GCC,randS400,tRNA
tmRNA_Fuso.nucl._AE010567_1-341,randS400,tmRNA
tRNA_tdbR00000284-Saccharomyces_cerevisiae-4932-Met-CAU,randS400,tRNA
RNaseP_S.bayanus,randS400,RNaseP
tRNA_tdbR00000354-Bacillus_subtilis-1423-Arg-ICG,randS400,tRNA
tRNA_tdbR00000272-Thermoplasma_acidophilum-2303-Met-CAU,randS400,tRNA
RNaseP_S.unisporus,randS400,RNaseP
RNaseP_Nostoc-PCC6705,randS400,RNaseP
tRNA_tdbR00000350-Haloferax_volcanii-2246-Arg-GCG,randS400,tRNA
srp_Medi.trun._AC136507,randS400,srp
tmRNA_Lact.lact._AE006373_1-359,randS400,tmRNA
RNaseP_M.tuberculosis-g,randS400,RNaseP
tmRNA_Clos.acet._AE001437_1-359,randS400,tmRNA
RNaseP_Prochlorococcus-NATL2,randS400,RNaseP
tmRNA_Stre.ther._CP000419_1-350,randS400,tmRNA
tRNA_tdbR00000019-Mycoplasma_capricolum-2095-Cys-GCA,randS400,tRNA
5s_Hyphodontia-paradoxa-1,randS400,5s
tRNA_tdbR00000255-Candida_cylindracea-44322-Leu-IAG,randS400,tRNA
tmRNA_Bdel.bact._BX842656_1-346,randS400,tmRNA
RNaseP_ESH46a-1,randS400,RNaseP
RNaseP_Fischerella-UTEX1829,randS400,RNaseP
tRNA_tdbR00000567-Homo_sapiens-9606-Tyr-9PA,randS400,tRNA
tRNA_tdbR00000144-Saccharomyces_cerevisiae-4932-His-GUG,randS400,tRNA
tRNA_tdbR00000557-Pichia_jadinii-4903-Tyr-GPA,randS400,tRNA
tmRNA_Onio.yell._AP006628_1-423,randS400,tmRNA
RNaseP_H.influenza,randS400,RNaseP
16s_B.subtilis_domain4,randS400,16s
16s_P.staleyi_domain2,randS400,16s
srp_Brug.mala._GSP-6279,randS400,srp
tRNA_tdbR00000124-Aedes_albopictus-7160-Gly-UCC,randS400,tRNA
tRNA_tdbR00000209-Enterobacteria_phage_T4-10665-Leu-NAA,randS400,tRNA
5s_Chrysaora-quinquecirrha-1,randS400,5s
5s_Halorubrum-saccharovorum-1,randS400,5s
5s_Pedobacter-heparinus-1,randS400,5s
grp1_a.I1.e.S.granulatum.C1.SSU.1506,randS400,grp1
RNaseP_Calothrix-PCC7601,randS400,RNaseP
tmRNA_Chla.muri._TRW-83560_1-421,randS400,tmRNA
RNaseP_PS2,randS400,RNaseP
tmRNA_Neph.oliv._AF137379-1_1-327,randS400,tmRNA
5s_Lentinula-edodes-1,randS400,5s
RNaseP_C.tepidum-g,randS400,RNaseP
5s_Cryptobranchus-alleganiensis-1,randS400,5s
srp_Yers.pseu._BX936398,randS400,srp
5s_Neurospora-africana-2,randS400,5s
tRNA_tdbR00000510-Escherichia_coli-562-Ini-CAU,randS400,tRNA
grp1_a.I1.e.L.dispersa.UNK.SSU.1046,randS400,grp1
RNaseP_T.acidophilum,randS400,RNaseP
5s_Salmonella-typhimurium-3,randS400,5s
tmRNA_Bifi.long._TRW-205913_1-397,randS400,tmRNA
tRNA_tdbR00000467-Pichia_jadinii-4903-Val-IAC,randS400,tRNA
RNaseP_LGB41,randS400,RNaseP
5s_Halorubrum-distributum-1,randS400,5s
tmRNA_Aero.hydr._CP000462_1-360,randS400,tmRNA
tmRNA_Leif.xyli._AE016822_1-394,randS400,tmRNA
RNaseP_SM-A5179,randS400,RNaseP
5s_Agrobacterium-tumefaciens-8,randS400,5s
tmRNA_Lact.gass._TRW-1596_1-366,randS400,tmRNA
5s_Pseudomonas-aeruginosa-1,randS400,5s
srp_Burk.pseu._CP000570,randS400,srp
srp_Camp.jeju._CP000768,randS400,srp
srp_Tric.eryt._CP000393,randS400,srp
tRNA_tdbR00000037-Rattus_norvegicus-10116-Asp-GUC,randS400,tRNA
tRNA_tdbR00000542-Mycoplasma_capricolum-2095-Tyr-GUA,randS400,tRNA
srp_Porp.purp._U38804,randS400,srp
5s_Medicago-sativa-1,randS400,5s
tRNA_tdbR00000023-Haloferax_volcanii-2246-Asp-GUC,randS400,tRNA
5s_Fusarium-asiaticum-5,randS400,5s
srp_Meth.mari._CP000745,randS400,srp
tmRNA_Chlo.chlo._CP000108_1-401,randS400,tmRNA
tmRNA_Pseu.syri._AE016853_1-388,randS400,tmRNA
tmRNA_Myco.lepr._TRW-272631_1-369,randS400,tmRNA
tRNA_tdbR00000473-Drosophila_melanogaster-7227-Val-CAC,randS400,tRNA
RNaseP_S.caesia-SB01,randS400,RNaseP
srp_Medi.trun._CT485797,randS400,srp
16s_G.intestinalis_domain3,randS400,16s
5s_Shewanella-colwelliana-1,randS400,5s
RNaseP_S.acidocaldarius,randS400,RNaseP
tmRNA_Stre.pneu._TRW-216600_1-348,randS400,tmRNA
tmRNA_Ther.neap._TRW-309803_1-357,randS400,tmRNA
tmRNA_Fibr.succ._TRW-59374_1-361,randS400,tmRNA
tmRNA_Rals.meta._CP000352_1-360,randS400,tmRNA
RNaseP_SM-A3862,randS400,RNaseP
RNaseP_P.innocua,randS400,RNaseP
RNaseP_P.canadensis,randS400,RNaseP
tmRNA_Chla.pneu._AE002224_1-423,randS400,tmRNA
RNaseP_SM-A1417,randS400,RNaseP
tmRNA_Stre.muta._TRW-210007_1-349,randS400,tmRNA
RNaseP_SM-A05,randS400,RNaseP
tRNA_tdbR00000357-Escherichia_coli-562-Arg-CU,randS400,tRNA
srp_Stap.epid._CP000029,randS400,srp
RNaseP_SM-A5584,randS400,RNaseP
23s_H.pylori_domain6,randS400,23s
5s_Euplotes-eurystomus-1,randS400,5s
5s_Fusobacterium-nucleatum-5,randS400,5s
RNaseP_E.thermomarinus,randS400,RNaseP
5s_Salmonella-enterica-8,randS400,5s
tRNA_tdbR00000291-Halobacterium_salinarum-2242-Asn-GUU,randS400,tRNA
tmRNA_Xant.axon._AE011783_1-397,randS400,tmRNA
RNaseP_T.commune,randS400,RNaseP
5s_Streptomyces-purpureus-1,randS400,5s
tRNA_tdbR00000454-Escherichia_coli-562-Val-GAC,randS400,tRNA
tmRNA_Myxo.xant._TRW-34_1-366,randS400,tmRNA
telomerase_AY058901.1-397,randS400,telomerase
tmRNA_Shig.flex._AE014073_1-363,randS400,tmRNA
5s_Artemia-salina-1,randS400,5s
tmRNA_Fran.tula._AM233362_1-421,randS400,tmRNA
tmRNA_Burk.pseu._TRW-28450_1-370,randS400,tmRNA
srp_Acti.succ._CP000746,randS400,srp
tmRNA_Vibr.chol._U39068_1-367,randS400,tmRNA
srp_Buch.aphi._AE016826,randS400,srp
tRNA_tdbR00000286-Lupinus_luteus-3873-Met-BAU,randS400,tRNA
tmRNA_Moor.ther._CP000232_1-358,randS400,tmRNA
srp_Burk.mall._CP000010,randS400,srp
5s_Fusarium-pseudograminearum-5,randS400,5s
RNaseP_A.ferrooxidans-g,randS400,RNaseP
5s_Geobacillus-kaustophilus-2,randS400,5s
tRNA_tdbR00000590-Ascaris_suum-6253-Glu-UC,randS400,tRNA
srp_Halo.volc._AF395888,randS400,srp
tmRNA_Bloc.flor._BX248583_1-393,randS400,tmRNA
RNaseP_B.hermsii,randS400,RNaseP
srp_Schi.pomb._AU010514,randS400,srp
tmRNA_Trep.dent._AE017226_1-351,randS400,tmRNA
srp_Baci.subt._D11417,randS400,srp
tmRNA_Thal.pseu._TRW-296543_1-344,randS400,tmRNA
RNaseP_S.typhi,randS400,RNaseP
tmRNA_Thal.weis._AF049491_1-348,randS400,tmRNA
5s_Batrachospermum-ectocarpum-1,randS400,5s
tmRNA_envi.sequ._TRW-356-1_1-289,randS400,tmRNA
RNaseP_ESH17b-7,randS400,RNaseP
srp_Bruc.ovis._CP000708,randS400,srp
tRNA_tdbR00000492-Rattus_norvegicus-10116-Trp-NCA,randS400,tRNA
16s_A.fulgidus_domain2,randS400,16s
RNaseP_P.marinus-2,randS400,RNaseP
tRNA_tdbR00000377-Mus_musculus-10090-Arg-ICG,randS400,tRNA
RNaseP_ESH21b-4,randS400,RNaseP
tRNA_tdbR00000168-Bos_taurus-9913-Ile-GAU,randS400,tRNA
5s_Candida-magnoliae-1,randS400,5s
srp_Bord.para._BX640426,randS400,srp
srp_Onch.volv._AI249203,randS400,srp
tRNA_tdbR00000279-Spinacia_oleracea-3562-Met-CAU,randS400,tRNA
RNaseP_H.cutirubrum,randS400,RNaseP
tRNA_tdbR00000579-Aeropyrum_pernix-56636-Pro-CGG,randS400,tRNA
srp_Humu.lupu._X65983,randS400,srp
srp_Nitr.hamb._CP000319,randS400,srp
srp_Esch.coli._CP000247,randS400,srp
srp_Para.bras._GSP-121759,randS400,srp
tRNA_tdbR00000460-Aedes_albopictus-7160-Val-UAC,randS400,tRNA
RNaseP_CPA61,randS400,RNaseP
RNaseP_P.marinus,randS400,RNaseP
5s_Prasinocladus-sp.-1,randS400,5s
tRNA_tdbR00000527-Schizosaccharomyces_pombe-4896-Ini-CAU,randS400,tRNA
5s_Achromobacter-cycloclastes-1,randS400,5s
srp_Clos.acet._AE001437,randS400,srp
tmRNA_Spir.kunk._TRW-273035_1-424,randS400,tmRNA
16s_C.reinhardtii.chloro_domain3,randS400,16s
5s_Colwellia-hadaliensis-1,randS400,5s
tmRNA_Camp.coli._AL111168_1-359,randS400,tmRNA
RNaseP_P.douglassii,randS400,RNaseP
srp_Wolb.endo._AE017321,randS400,srp
5s_Candida-rugopelliculosa-1,randS400,5s
tRNA_tdbR00000514-Scenedesmus_obliquus-3088-Ini-CAU,randS400,tRNA
tRNA_tdbR00000344-Mus_musculus-10090-Gln-JUG,randS400,tRNA
tRNA_tdbR00000535-Xenopus_laevis-8355-Ini-CAU,randS400,tRNA
RNaseP_P.shigelloides,randS400,RNaseP
RNaseP_N.luteus,randS400,RNaseP
srp_Phyt.ramo._GSP-164328,randS400,srp
srp_Giar.lamb._GSP-184922,randS400,srp
RNaseP_EM14b-11,randS400,RNaseP
srp_Oryz.sati._AC079888,randS400,srp
tmRNA_envi.sequ._TRW-2-2_1-356,randS400,tmRNA
telomerase_AF221909.98-496,randS400,telomerase
srp_Trep.dent._AE017226,randS400,srp
tmRNA_Esch.coli._D90888_1-363,randS400,tmRNA
5s_Methylobacterium-sp.-1,randS400,5s
srp_Cyan.cald._AF022186,randS400,srp
tRNA_tdbR00000237-Saccharomyces_cerevisiae-4932-Leu-AA,randS400,tRNA
srp_Agro.tume._AE007869,randS400,srp
grp1_a.I1.e.C.merochlorophea.UNK.SSU.1046,randS400,grp1
5s_Ligia-oceanica-1,randS400,5s
srp_Sino.medi._CP000738,randS400,srp
srp_Stap.sapr._AP008934,randS400,srp
telomerase_AF221932.102-549,randS400,telomerase
tmRNA_Baci.G._TRW-12333_1-312,randS400,tmRNA
srp_Woli.succ._BX571662,randS400,srp
tRNA_tdbR00000545-Escherichia_coli-562-Tyr-QUA,randS400,tRNA
srp_Kluy.yarr._479647571,randS400,srp
tRNA_tdbR00000391-Escherichia_coli-562-Ser-GCU,randS400,tRNA
srp_Humu.lupu._X65985,randS400,srp
tmRNA_Idio.loih._AE017340_1-359,randS400,tmRNA
RNaseP_A.paspali,randS400,RNaseP
tmRNA_Lact.sake._TRW-314315_1-370,randS400,tmRNA
5s_Methanococcus-voltae-2,randS400,5s
tmRNA_Yers.inte._TRW-349965_1-381,randS400,tmRNA
RNaseP_C.pneumoniae,randS400,RNaseP
srp_Neis.meni._DD001104,randS400,srp
srp_Cand.Bloc._CP000016,randS400,srp
tRNA_tdbR00000523-Tetrahymena_thermophila-5911-Ini-CAU,randS400,tRNA
5s_Lactobacillus-brevis-1,randS400,5s
RNaseP_S.solfataricus,randS400,RNaseP
tmRNA_Pseu.fluo._CP000076_1-394,randS400,tmRNA
tmRNA_Esch.coli._CP000468_1-363,randS400,tmRNA
5s_Haloarcula-marismortui-3,randS400,5s
tmRNA_Myco.micr._TRW-1806-1_1-368,randS400,tmRNA
5s_Tropheryma-whipplei-1,randS400,5s
tRNA_tdbR00000084-Saccharomyces_cerevisiae-4932-Phe-AA,randS400,tRNA
5s_Sepia-officinalis-1,randS400,5s
RNaseP_SM-A01,randS400,RNaseP
RNaseP_SM-A6296,randS400,RNaseP
5s_Escherichia-coli-10,randS400,5s
tmRNA_Chlo.tepi._TRW-194439_1-404,randS400,tmRNA
5s_Bullera-alba-1,randS400,5s
tRNA_tdbR00000494-Saccharomyces_cerevisiae-4932-Trp-BCA,randS400,tRNA
RNaseP_T.luteus,randS400,RNaseP
RNaseP_SM-A6090,randS400,RNaseP
RNaseP_LGW113,randS400,RNaseP
grp1_a.I1.e.A.stipitatus.C1.SSU.1046,randS400,grp1
srp_Para.bras._CN241137,randS400,srp
5s_Juniperus-media-1,randS400,5s
5s_Helianthus-annuus-1,randS400,5s
srp_Baci.thur._CP000485,randS400,srp
RNaseP_M.thermoautotrphicumMarb,randS400,RNaseP
srp_Chla.cavi._AE015925,randS400,srp
RNaseP_SM-A1831,randS400,RNaseP
srp_Baci.anth._AE017225,randS400,srp
tmRNA_Shig.dyse._CP000034_1-363,randS400,tmRNA
tRNA_tdbR00000235-Neurospora_crassa-5141-Leu-NAA,randS400,tRNA
RNaseP_S.azurea-K161T,randS400,RNaseP
16s_T.gondii_domain3,randS400,16s
tmRNA_Fran.spec._CP000249_1-374,randS400,tmRNA
5s_Photobacterium-angustum-1,randS400,5s
tRNA_tdbR00000572-Leishmania_tarentolae-5689-Lys-1UU,randS400,tRNA
RNaseP_ESH210B,randS400,RNaseP
16s_C.elegans_domain1,randS400,16s
RNaseP_B.calamita,randS400,RNaseP
RNaseP_H.pylori-RU1,randS400,RNaseP
tmRNA_Para.symb._BX908798_1-405,randS400,tmRNA
tmRNA_Stre.coll._AY485228_1-386,randS400,tmRNA
tmRNA_Myco.bovi._TRW-1765_1-368,randS400,tmRNA
RNaseP_P.guilliermondii,randS400,RNaseP
23s_S.aureus_domain4,randS400,23s
RNaseP_SM-A1113,randS400,RNaseP
srp_Stre.suis._CP000407,randS400,srp
5s_Xanthomonas-campestris-1,randS400,5s
tmRNA_Bord.aviu._AM167904_1-406,randS400,tmRNA
tmRNA_Ther.yell._TRW-289376_1-350,randS400,tmRNA
srp_Lact.acid._CP000033,randS400,srp
5s_Fusarium-lunulosporum-10,randS400,5s
tRNA_tdbR00000113-Streptomyces_coelicolor_A32-100226-Gly-CCC,randS400,tRNA
grp1_a.I1.b.S.hofmanii.C3.tMET,randS400,grp1
5s_Esch_coli5B,randS400,5s
RNaseP_ESH167F,randS400,RNaseP
tRNA_tdbR00000368-Mesocricetus_auratus-10036-Arg-UCG,randS400,tRNA
5s_Pseudomonas-fluorescens-3,randS400,5s
tRNA_tdbR00000503-Thermoplasma_acidophilum-2303-Ini-CAU,randS400,tRNA
RNaseP_Synechococcus-PCC7003,randS400,RNaseP
5s_Loofah-witches-broom-phytoplasma-1,randS400,5s
23s_B.subtilis_domain4,randS400,23s
srp_Stre.pyog._AM295007,randS400,srp
5s_Microstroma-juglandis-1,randS400,5s
5s_Meloidogyne-arenaria-4,randS400,5s
srp_Dani.reri._EH513970,randS400,srp
tmRNA_Salm.ente._CP000026_1-363,randS400,tmRNA
srp_Yers.pseu._CP000720,randS400,srp
tRNA_tdbR00000331-Mycoplasma_capricolum-2095-Gln-UG,randS400,tRNA
tmRNA_Erwi.amyl._TRW-552_1-381,randS400,tmRNA
tRNA_tdbR00000312-Haloferax_volcanii-2246-Pro-GGG,randS400,tRNA
tRNA_tdbR00000365-Aedes_albopictus-7160-Arg-UCG,randS400,tRNA
tRNA_tdbR00000141-Salmonella_typhimurium-602-His-QUG,randS400,tRNA
tRNA_tdbR00000294-Mycoplasma_capricolum-2095-Asn-GUU,randS400,tRNA
tRNA_tdbR00000396-Saccharomyces_cerevisiae-4932-Ser-UGA,randS400,tRNA
tRNA_tdbR00000534-Euphausia_superba-6819-Ini-CAU,randS400,tRNA
srp_Halo.halo._CP000544,randS400,srp
srp_Legi.pneu._CP000675,randS400,srp
grp1_a.I1.b.Synechococcus.sp2.C3.tLEU,randS400,grp1
5s_Candida-azyma-1,randS400,5s
RNaseP_S.pneumoniae,randS400,RNaseP
srp_Pseu.aeru._AE004581,randS400,srp
5s_Spirosoma-sp.-1,randS400,5s
RNaseP_S.globosus,randS400,RNaseP
tRNA_tdbR00000005-Mycoplasma_capricolum-2095-Ala-UGC,randS400,tRNA
5s_Photobacterium-leiognathi-1,randS400,5s
tRNA_tdbR00000361-Saccharomyces_cerevisiae-4932-Arg-ACG,randS400,tRNA
tmRNA_Shew.spec._TRW-323850_1-356,randS400,tmRNA
tmRNA_Laws.intr._AM180252_1-376,randS400,tmRNA
tmRNA_Buch.aphi._BD061520_1-369,randS400,tmRNA
tRNA_tdbR00000115-Staphylococcus_epidermidis-1282-Gly-UCC,randS400,tRNA
RNaseP_C.vinosum,randS400,RNaseP
tmRNA_Clos.acet._AE007587_1-356,randS400,tmRNA
RNaseP_M.thermoautotrophicum-DH,randS400,RNaseP
tRNA_tdbR00000478-Haloferax_volcanii-2246-Trp-BCA,randS400,tRNA
RNaseP_Nostoc-PCC7107,randS400,RNaseP
tRNA_tdbR00000149-Homo_sapiens-9606-His-GUG,randS400,tRNA
telomerase_AF221934.121-565,randS400,telomerase
RNaseP_S.gordonii,randS400,RNaseP
tmRNA_uncu.bact._TRW-135621-1_1-397,randS400,tmRNA
tmRNA_Pseu.syri._CP000075_1-392,randS400,tmRNA
srp_Colw.psyc._CP000083,randS400,srp
16s_H.sapiens.mito_domain3,randS400,16s
srp_Stap.aure._CP000253,randS400,srp
tmRNA_Salm.ente._TRW-321314_1-363,randS400,tmRNA
srp_Burk.ceno._CP000458,randS400,srp
RNaseP_N.simplex,randS400,RNaseP
grp1_a.I1.e.B.yamatoana.JCM2896.C1.SSU.1506,randS400,grp1
tmRNA_Myco.pene._BA000026_1-405,randS400,tmRNA
srp_Eime.tene._CD666347,randS400,srp
RNaseP_T.roseum,randS400,RNaseP
RNaseP_Y.pestis,randS400,RNaseP
RNaseP_S.pastorianus,randS400,RNaseP
srp_Azoa.spec._AM406670,randS400,srp
5s_Ralstonia-solanacearum-1,randS400,5s
RNaseP_Synechocystis-PCC6308,randS400,RNaseP
tmRNA_Stre.ther._CP000024_1-350,randS400,tmRNA
grp1_a.I1.e.C.merochlorophea.UNK.SSU.1516,randS400,grp1
RNaseP_H.sapiens,randS400,RNaseP
tmRNA_Jako.libe._TRW-143017_1-102,randS400,tmRNA
srp_Leis.braz._SDB-87235,randS400,srp
tRNA_tdbR00000111-Mycoplasma_capricolum-2095-Gly-UCC,randS400,tRNA
5s_Xenopus-laevis-2,randS400,5s
16s_E.coli_domain4,randS400,16s
tmRNA_envi.sequ._TRW-32045-2_1-345,randS400,tmRNA
srp_Stap.aure._BA000033,randS400,srp
srp_Meth.vann._CP000742,randS400,srp
RNaseP_E.faecalis,randS400,RNaseP
tmRNA_Ther.rose._TRW-309801_1-353,randS400,tmRNA
RNaseP_SM-A2946,randS400,RNaseP
5s_Sulfolobus-tokodaii-1,randS400,5s
5s_Agrobacterium-vitis-1,randS400,5s
RNaseP_F.mortiferum,randS400,RNaseP
srp_Medi.trun._AJ846712,randS400,srp
tRNA_tdbR00000592-Ascaris_suum-6253-Gln-UG,randS400,tRNA
tRNA_tdbR00000139-Mycoplasma_capricolum-2095-His-GUK,randS400,tRNA
srp_Schi.pomb._M20264,randS400,srp
srp_Enta.disp._GSP-370354,randS400,srp
RNaseP_N.olivacea-chloroplast,randS400,RNaseP
RNaseP_CPB74,randS400,RNaseP
srp_Enta.mosh._GSP-41668,randS400,srp
srp_Pseu.aeru._CP000744,randS400,srp
telomerase_AF221931.99-541,randS400,telomerase
RNaseP_M.xanthus,randS400,RNaseP
RNaseP_E.eschsholtzii,randS400,RNaseP
RNaseP_P.gingivalis,randS400,RNaseP
5s_Bos-taurus-1,randS400,5s
5s_Acidovorax-delafieldii-1,randS400,5s
tmRNA_Neis.lact._TRW-486_1-362,randS400,tmRNA
telomerase_AC121792.109554-109950,randS400,telomerase
tmRNA_Lact.plan._AL935259_1-372,randS400,tmRNA
tRNA_tdbR00000104-Enterobacteria_phage_T4-10665-Gly-NCC,randS400,tRNA
tRNA_tdbR00000034-Mesocricetus_auratus-10036-Asp-GUC,randS400,tRNA
5s_Thermus-sp.-2,randS400,5s
RNaseP_P.acanthamoebae,randS400,RNaseP
srp_Neos.fisc._GSP-331117,randS400,srp
grp1_a.I1.m.S.pombe.B1.OX1,randS400,grp1
tRNA_tdbR00000278-Scenedesmus_obliquus-3088-Met-CAU,randS400,tRNA
tmRNA_Camp.coli._TRW-306254_1-359,randS400,tmRNA
RNaseP_H.chlorum-partial,randS400,RNaseP
23s_B.subtilis_domain3,randS400,23s
tRNA_tdbR00000362-Saccharomyces_cerevisiae-4932-Arg-NCU,randS400,tRNA
RNaseP_N.meningitidis-Z2491,randS400,RNaseP
srp_Ther.cele._X17240,randS400,srp
tmRNA_Shig.flex._AE005674_1-363,randS400,tmRNA
tmRNA_Sten.malt._TRW-40324_1-354,randS400,tmRNA
RNaseP_C.psittaci-R54,randS400,RNaseP
tRNA_tdbR00000282-Ascaris_suum-6253-Met-AU,randS400,tRNA
srp_Dani.reri._EH487580,randS400,srp
5s_Vibrio-metschnikovii-1,randS400,5s
srp_Phyt.infe._CV919934,randS400,srp
tRNA_tdbR00000370-Saccharomyces_cerevisiae-4932-Arg-1CU,randS400,tRNA
RNaseP_S.caesia-K182,randS400,RNaseP
tmRNA_Myco.tube._TRW-1773_1-368,randS400,tmRNA
RNaseP_LGW46,randS400,RNaseP
5s_Lupinus-angustifolius-1,randS400,5s
RNaseP_E.agglomerulans,randS400,RNaseP
srp_Proc.mari._CP000552,randS400,srp
tRNA_tdbR00000230-Glycine_max-3847-Leu-UA7,randS400,tRNA
tmRNA_Lept.inte._AE016823_1-350,randS400,tmRNA
RNaseP_P.fluorescens,randS400,RNaseP
srp_Proc.mari._AE017126,randS400,srp
tmRNA_Shew.amaz._CP000507_1-356,randS400,tmRNA
grp1_a.I1.e.Staurastrum.sp.M752.C1.SSU.1506,randS400,grp1
RNaseP_LGB23,randS400,RNaseP
RNaseP_CPA56,randS400,RNaseP
5s_Schizosaccharomyces-pombe-2,randS400,5s
RNaseP_P.pygmaeus,randS400,RNaseP
srp_Caen.eleg._U41993,randS400,srp
tRNA_tdbR00000103-Homo_sapiens-9606-Phe-AA,randS400,tRNA
RNaseP_A.ambivalens,randS400,RNaseP
5s_Microtetraspora-glauca-1,randS200,5s
srp_Clos.botu._AM412317,randS200,srp
5s_Andrias-japonicus-1,randS200,5s
RNaseP_ESH20b-1,randS200,RNaseP
srp_Cocc.posa._GSP-222929,randS200,srp
grp1_a.I1.e.A.capsulatus.FLs1.C1.SSU,randS200,grp1
tRNA_tdbR00000471-Oryctolagus_cuniculus-9986-Val-IAC,randS200,tRNA
RNaseP_VSDW,randS200,RNaseP
tmRNA_Rubr.xyla._CP000386_1-360,randS200,tmRNA
16s_D.melanogaster_domain4,randS200,16s
RNaseP_C.pneumoniae-CWL029,randS200,RNaseP
tmRNA_Kleb.pneu._TRW-272620_1-363,randS200,tmRNA
5s_Locusta-migratoria-1,randS200,5s
5s_Grimontia-hollisae-1,randS200,5s
tmRNA_Xyle.fast._AE004078_1-355,randS200,tmRNA
srp_Chla.rein._SDB-3055,randS200,srp
RNaseP_S.bikiniensis,randS200,RNaseP
tRNA_tdbR00000063-Haloferax_volcanii-2246-Phe-GAA,randS200,tRNA
srp_Thal.pseu._GSP-296543,randS200,srp
srp_Proc.mari._CP000551,randS200,srp
RNaseP_K.pneumoniae,randS200,RNaseP
16s_A.fulgidus_domain4,randS200,16s
tmRNA_uncu.bact._TRW-32033-1_1-354,randS200,tmRNA
RNaseP_M.tuberculosis,randS200,RNaseP
tmRNA_Acin.spec._CR543861_1-360,randS200,tmRNA
telomerase_AF221927.113-556,randS200,telomerase
tmRNA_Baci.anth._AE016879_1-355,randS200,tmRNA
srp_Leis.dono._AY722734,randS200,srp
RNaseP_N.fulvus-JCM3335,randS200,RNaseP
tmRNA_Clos.ther._TRW-203119_1-387,randS200,tmRNA
RNaseP_H.pylori-26695,randS200,RNaseP
tRNA_tdbR00000026-Escherichia_coli-562-Asp-QUC,randS200,tRNA
5s_Salmonella-typhi-1,randS200,5s
tmRNA_Synt.acid._CP000252_1-356,randS200,tmRNA
tRNA_tdbR00000593-Ascaris_suum-6253-Trp-CA,randS200,tRNA
tRNA_tdbR00000416-Nicotiana_rustica-4093-Ser-CGA,randS200,tRNA
tmRNA_Bord.bron._TRW-257310_1-387,randS200,tmRNA
grp1_a.I1.e.B.ciliata.JCM6865.C1.SSU.943,randS200,grp1
tmRNA_Stre.equi._TRW-1336_1-349,randS200,tmRNA
telomerase_AF221912.98-564,randS200,telomerase
tmRNA_Clos.botu._TRW-36826_1-355,randS200,tmRNA
tmRNA_envi.sequ._TRW-204433_1-356,randS200,tmRNA
tRNA_tdbR00000459-Neurospora_crassa-5141-Val-UAC,randS200,tRNA
srp_Acin.spec._CR543861,randS200,srp
srp_Stre.muta._AE014133,randS200,srp
16s_C.elegans_domain3,randS200,16s
tmRNA_Cyan.mero._AY286123_1-236,randS200,tmRNA
tmRNA_Stre.agal._AE014233_1-350,randS200,tmRNA
tmRNA_Salm.typh._AY319520_1-363,randS200,tmRNA
5s_Corynebacterium-glutamicum-2,randS200,5s
grp1_b.I1.e.T.thermophila.C1.LSU.1925,randS200,grp1
5s_Dugesia-japonica-2,randS200,5s
tRNA_tdbR00000415-Nicotiana_rustica-4093-Ser-GA,randS200,tRNA
srp_Leis.infa._SDB-5671,randS200,srp
srp_List.mono._U15684,randS200,srp
RNaseP_R.prowazekii,randS200,RNaseP
RNaseP_P.mississippiensis,randS200,RNaseP
grp1_a.I1.e.C.grayi.UNK.SSU.1046,randS200,grp1
5s_Hyphomicrobium-sp.-3,randS200,5s
5s_Dipsacomyces-acuminosporus-1,randS200,5s
RNaseP_SM-A4775,randS200,RNaseP
tRNA_tdbR00000338-Tetrahymena_thermophila-5911-Gln-JUA,randS200,tRNA
tRNA_tdbR00000021-Saccharomyces_cerevisiae-4932-Cys-GCA,randS200,tRNA
tRNA_tdbR00000371-Saccharomyces_cerevisiae-4932-Arg-1CU,randS200,tRNA
srp_Rick.typh._AE017197,randS200,srp
tRNA_tdbR00000485-Nicotiana_tabacum-4097-Trp-BCA,randS200,tRNA
tRNA_tdbR00000512-Mycobacterium_smegmatis-1772-Ini-CAU,randS200,tRNA
srp_Nitr.eutr._CP000450,randS200,srp
5s_Amycolatopsis-lactamdurans-1,randS200,5s
5s_Brevibacillus-brevis-1,randS200,5s
srp_Dros.mela._X00952,randS200,srp
tRNA_tdbR00000443-Saccharomyces_cerevisiae-4932-Thr-IGU,randS200,tRNA
RNaseP_M.hyopneumoniae,randS200,RNaseP
5s_Thermus-thermophilus-2,randS200,5s
tmRNA_Heli.hepa._AE017125_1-369,randS200,tmRNA
tRNA_tdbR00000093-Bombyx_mori-7091-Phe-AA,randS200,tRNA
tmRNA_Salm.ente._AE014613_1-363,randS200,tmRNA
RNaseP_Prochlorococcus-PAC1A,randS200,RNaseP
5s_Emericella-nidulans-3,randS200,5s
grp1_a.I1.c.G.prostrata.C3.tLEU,randS200,grp1
tRNA_tdbR00000024-Mycoplasma_capricolum-2095-Asp-GUC,randS200,tRNA
srp_Kine.radi._CP000750,randS200,srp
tRNA_tdbR00000175-Haloferax_volcanii-2246-Lys-NUU,randS200,tRNA
RNaseP_S.pyogenes,randS200,RNaseP
5s_Gelidium-amansii-1,randS200,5s
srp_Esch.coli._X01074,randS200,srp
srp_Burk.mall._CP000546,randS200,srp
grp1_a.I1.e.T.pigmentosa.C1.LSU.1925,randS200,grp1
srp_Clos.diff._AM180355,randS200,srp
RNaseP_H.aurantiacus,randS200,RNaseP
5s_Kluyveromyces-delphensis-1,randS200,5s
grp1_a.I1.e.C.merochlorophea.UNK.SSU.1210,randS200,grp1
RNaseP_M.sedula,randS200,RNaseP
grp1_a.I1.e.M.caldariorum.C1.SSU.1506,randS200,grp1
srp_List.wels._AM263198,randS200,srp
5s_Bifidobacterium-longum-3,randS200,5s
telomerase_AF221928.95-476,randS200,telomerase
RNaseP_LGB32,randS200,RNaseP
tRNA_tdbR00000548-Scenedesmus_obliquus-3088-Tyr-GUA,randS200,tRNA
16s_F.ananassa_domain3,randS200,16s
5s_Ralstonia-solanacearum-2,randS200,5s
RNaseP_R.americana-mito,randS200,RNaseP
tRNA_tdbR00000179-Bacillus_subtilis-1423-Lys-UU,randS200,tRNA
srp_Esch.coli._CP000468,randS200,srp
srp_Homo.sapi._NR_002715,randS200,srp
tRNA_tdbR00000273-Mycoplasma_capricolum-2095-Met-CAU,randS200,tRNA
RNaseP_P.furiosus-2,randS200,RNaseP
tRNA_tdbR00000038-Rattus_norvegicus-10116-Asp-8UC,randS200,tRNA
tmRNA_Soda.glos._AP008232_1-384,randS200,tmRNA
5s_Helicobacter-pylori-3,randS200,5s
tRNA_tdbR00000184-Asterias_amurensis-7602-Lys-CUU,randS200,tRNA
srp_Heli.pylo._AE001439,randS200,srp
srp_Citr.sine._CN181543,randS200,srp
srp_Bdel.bact._BX842656,randS200,srp
telomerase_AF221911.104-513,randS200,telomerase
tmRNA_Aero.hydr._AY442269_1-360,randS200,tmRNA
tmRNA_Leuc.mese._TRW-1245_1-358,randS200,tmRNA
tmRNA_Rals.sola._AL646052_1-360,randS200,tmRNA
tmRNA_Burk.spec._CP000151_1-370,randS200,tmRNA
tmRNA_Phot.lumi._BX571870_1-364,randS200,tmRNA
srp_Psyc.arct._CP000082,randS200,srp
5s_Fusarium-lunulosporum-5,randS200,5s
16s_A.pyrophilus_domain2,randS200,16s
5s_Bacillus-halodurans-4,randS200,5s
5s_Exidia-glandulosa-1,randS200,5s
tRNA_tdbR00000254-Candida_cylindracea-44322-Leu-IAG,randS200,tRNA
tRNA_tdbR00000363-Ascaris_suum-6253-Arg-PCU,randS200,tRNA
srp_Chla.pneu._AE001363,randS200,srp
tRNA_tdbR00000176-Haloferax_volcanii-2246-Lys-MUU,randS200,tRNA
tRNA_tdbR00000406-Saccharomyces_cerevisiae-4932-Ser-NGA,randS200,tRNA
srp_Plas.gall._GSP-5849,randS200,srp
tmRNA_envi.sequ._TRW-32045-1_1-355,randS200,tmRNA
srp_Shig.flex._AE005674,randS200,srp
RNaseP_T.neapolitana,randS200,RNaseP
tRNA_tdbR00000333-Escherichia_coli-562-Gln-NUG,randS200,tRNA
5s_Sabellastarte-japonica-1,randS200,5s
RNaseP_CPB86,randS200,RNaseP
RNaseP_H.pylori-48K,randS200,RNaseP
RNaseP_T.celerAL1-2,randS200,RNaseP
grp1_b.I1.e.M.anisopliae.3.C1.LSU.1921,randS200,grp1
srp_Yers.pest._AE017042,randS200,srp
tRNA_tdbR00000140-Escherichia_coli-562-His-QUG,randS200,tRNA
tRNA_tdbR00000413-Candida_cylindracea-44322-Ser-GCU,randS200,tRNA
telomerase_AF221916.94-481,randS200,telomerase
telomerase_AF221940.103-499,randS200,telomerase
tmRNA_Thal.pseu._EF067921_1-344,randS200,tmRNA
16s_P.occultum_domain3,randS200,16s
RNaseP_A.salinestris-184,randS200,RNaseP
grp1_a.I1.b.Dermocarpa.sp.ATCC29371.C3.tMET,randS200,grp1
srp_Stre.pyog._AE014139,randS200,srp
tmRNA_uncu.bact._TRW-32045-4_1-369,randS200,tmRNA
srp_Stre.pyog._AE009969,randS200,srp
RNaseP_S.servazzii,randS200,RNaseP
srp_Medi.trun._BE941271,randS200,srp
srp_Stap.epid._AF269814,randS200,srp
16s_C.reinhardtii.mito_domain1,randS200,16s
23s_B.subtilis_domain6,randS200,23s
5s_Auricularia-auricula-judae-1,randS200,5s
grp1_a.I1.e.P.inouyei.C1.SSU.943,randS200,grp1
tRNA_tdbR00000211-Haloferax_volcanii-2246-Leu-CAA,randS200,tRNA
tRNA_tdbR00000581-Aeropyrum_pernix-56636-Lys-CUU,randS200,tRNA
RNaseP_C.jejuni,randS200,RNaseP
tmRNA_Camp.lari._TRW-306263_1-359,randS200,tmRNA
5s_Saccharothrix-mutabilis-1,randS200,5s
grp1_a.I1.e.P.sarcinoidea.C1.SSU.943,randS200,grp1
tmRNA_Fuso.nucl._TRW-209882_1-344,randS200,tmRNA
srp_Trit.aest._BE424647,randS200,srp
5s_Vibrio-parahaemolyticus-3,randS200,5s
16s_B.subtilis_domain2,randS200,16s
RNaseP_D.jeanneae,randS200,RNaseP
5s_Akkesiphycus-lubricum-1,randS200,5s
5s_Pseudomonas-aeruginosa-2,randS200,5s
grp1_a.I1.e.D.parva.C1.SSU.1512,randS200,grp1
5s_Propionibacterium-acnes-1,randS200,5s
srp_Dani.rrer._BX469912,randS200,srp
srp_Dros.mela._AE014297,randS200,srp
5s_C_paradoxE,randS200,5s
23s_S.aureus_domain6,randS200,23s
tRNA_tdbR00000010-Escherichia_coli-562-Ala-VGC,randS200,tRNA
16s_P.staleyi_domain3,randS200,16s
tmRNA_Heli.pylo._AE000511_1-386,randS200,tmRNA
23s_T.thermophilus_domain4,randS200,23s
tmRNA_Myco.smeg._CP000480_1-369,randS200,tmRNA
RNaseP_H.pylori-J99,randS200,RNaseP
16s_H.sapiens.mito_domain1,randS200,16s
tmRNA_Stap.aure._TRW-1280_1-362,randS200,tmRNA
RNaseP_LGW18,randS200,RNaseP
RNaseP_P.vulgaris,randS200,RNaseP
16s_B.burgdorferi_domain4,randS200,16s
5s_Azotobacter-vinelandii-1,randS200,5s
RNaseP_B.stearothermophilus,randS200,RNaseP
grp1_a.I1.e.P.macrosporus.C1.SSU.1506,randS200,grp1
srp_Borr.burg._AE000783,randS200,srp
16s_C.reinhardtii.chloro_domain2,randS200,16s
tmRNA_Baci.thur._AE017355_1-355,randS200,tmRNA
5s_Fusarium-asiaticum-7,randS200,5s
grp1_a.I1.e.L.dispersa.UNK.SSU.1210,randS200,grp1
5s_Thraustochytrium-visurgense-2,randS200,5s
16s_T.maritima_domain4,randS200,16s
RNaseP_M.bovis,randS200,RNaseP
grp1_a.I1.e.C.saccatum.C1.SSU.1512,randS200,grp1
srp_Baci.cere._CP000001,randS200,srp
grp1_a.I1.e.S.paniceum.UNK.SSU.1506,randS200,grp1
tRNA_tdbR00000386-Mycoplasma_mycoides-2102-Ser-UGA,randS200,tRNA
5s_Escherichia-coli-6,randS200,5s
RNaseP_B.brevis,randS200,RNaseP
tRNA_tdbR00000043-Haloferax_volcanii-2246-Glu-NUC,randS200,tRNA
tmRNA_Ente.faec._TRW-1352_1-367,randS200,tmRNA
tRNA_tdbR00000463-Bos_taurus-9913-Val-UAC,randS200,tRNA
5s_Illex-illecebrosus-1,randS200,5s
grp1_a.I1.e.L.dispersa.UNK.SSU.789,randS200,grp1
tRNA_tdbR00000613-Nanoarchaeum_equitans-160232-Glu-CUC,randS200,tRNA
tmRNA_Yers.pest._CP000305_1-364,randS200,tmRNA
grp1_a.I1.e.A.capsulatus.CBS213.53.C1.SSU.943,randS200,grp1
RNaseP_ESH26-4,randS200,RNaseP
RNaseP_N.gonnorhoeae,randS200,RNaseP
tRNA_tdbR00000507-Bacillus_subtilis-1423-Ini-CAU,randS200,tRNA
tmRNA_Ther.teng._AE013063_1-351,randS200,tmRNA
tRNA_tdbR00000453-Bacillus_subtilis-1423-Val-5AC,randS200,tRNA
RNaseP_CPB139,randS200,RNaseP
RNaseP_M.leprae,randS200,RNaseP
tmRNA_Bact.frag._CR626927_1-398,randS200,tmRNA
RNaseP_S.mutans,randS200,RNaseP
tRNA_tdbR00000383-Haloferax_volcanii-2246-Ser-GGA,randS200,tRNA
tmRNA_Myco.capr._D13067_1-411,randS200,tmRNA
RNaseP_C.crescentus,randS200,RNaseP
srp_Stre.pyog._CP000261,randS200,srp
5s_Bombyx-mori-2,randS200,5s
5s_Bombyx-mori-1,randS200,5s
RNaseP_C.limicola,randS200,RNaseP
tRNA_tdbR00000475-Mus_musculus-10090-Val-IAC,randS200,tRNA
5s_Acanthamoeba-castellanii-2,randS200,5s
srp_Aspe.terr._GSP-341663,randS200,srp
tmRNA_Rumi.albu._TRW-246199_1-354,randS200,tmRNA
5s_Filobasidiella-depauperata-1,randS200,5s
tmRNA_Camp.upsa._TRW-306264_1-359,randS200,tmRNA
tmRNA_Stre.sobr._TRW-246202_1-349,randS200,tmRNA
srp_Stre.agal._AL766845,randS200,srp
tmRNA_Porp.purp._TRW-2787_1-323,randS200,tmRNA
srp_List.inno._AL596173,randS200,srp
tmRNA_Guil.thet._AF041468_1-327,randS200,tmRNA
16s_C.elegans_domain2,randS200,16s
tmRNA_Carn.malt._AF275938_1-366,randS200,tmRNA
RNaseP_S.shibatae,randS200,RNaseP
tRNA_tdbR00000234-Spinacia_oleracea-3562-Leu-UA7,randS200,tRNA
16s_E.coli_domain3,randS200,16s
tmRNA_Nitr.euro._BX321865_1-360,randS200,tmRNA
5s_Yersinia-pestis-1,randS200,5s
grp1_a.I1.e.Staurastrum.sp.M753.C1.SSU.1506,randS200,grp1
tRNA_tdbR00000539-Ovis_aries-9940-Ini-CAU,randS200,tRNA
tmRNA_Baci.halo._BA000004_1-361,randS200,tmRNA
tRNA_tdbR00000500-Haloferax_volcanii-2246-Ini-CAU,randS200,tRNA
5s_Cryptococcus-humicola-1,randS200,5s
tRNA_tdbR00000078-Ascaris_suum-6253-Phe-GAA,randS200,tRNA
srp_Carb.hydr._CP000141,randS200,srp
tRNA_tdbR00000618-Candida_albicans-5476-Leu-CAG,randS200,tRNA
srp_Lact.delb._CR954253,randS200,srp
tmRNA_Fuso.nucl._AE010567_1-341,randS200,tmRNA
tRNA_tdbR00000616-Nanoarchaeum_equitans-160232-Lys-CUU,randS200,tRNA
5s_Streptococcus-pyogenes-2,randS200,5s
srp_Ente.faec._AE016953,randS200,srp
tRNA_tdbR00000142-Saccharomyces_cerevisiae-4932-His-GUG,randS200,tRNA
telomerase_AF221913.109-520,randS200,telomerase
tmRNA_List.wels._AF440351_1-321,randS200,tmRNA
5s_Dirofilaria-immitis-1,randS200,5s
srp_Aspe.fumi._GSP-41122,randS200,srp
RNaseP_M.luteus,randS200,RNaseP
srp_Orni.anat._GSP-9258,randS200,srp
5s_Fusarium-lunulosporum-3,randS200,5s
srp_Bras.napu._EE412262,randS200,srp
5s_Caenorhabditis-elegans-3,randS200,5s
RNaseP_S.bayanus,randS200,RNaseP
5s_Acinetospora-crinita-1,randS200,5s
RNaseP_P.staleyi,randS200,RNaseP
srp_Anto.locu._GSP-278021,randS200,srp
tRNA_tdbR00000243-Rattus_norvegicus-10116-Leu-UAG,randS200,tRNA
grp1_a.I1.e.L.dispersa.UNK.SSU.1516,randS200,grp1
tRNA_tdbR00000072-Phaseolus_vulgaris-3885-Phe-GAA,randS200,tRNA
RNaseP_Nocardiodes-NSP41,randS200,RNaseP
srp_Salm.ente._AE017220,randS200,srp
RNaseP_S.unisporus,randS200,RNaseP
srp_Esch.coli._CP000243,randS200,srp
tmRNA_Serr.marc._TRW-273526_1-364,randS200,tmRNA
5s_Fusobacterium-nucleatum-4,randS200,5s
tmRNA_Arth.spec._CP000454_1-369,randS200,tmRNA
RNaseP_S.epidermidis,randS200,RNaseP
5s_Paenibacillus-popilliae-1,randS200,5s
srp_Medi.trun._AC136507,randS200,srp
tmRNA_Lact.lact._AE006373_1-359,randS200,tmRNA
RNaseP_B.bronchiseptica,randS200,RNaseP
16s_C.elegans_domain4,randS200,16s
RNaseP_LGB27,randS200,RNaseP
tRNA_tdbR00000400-Loligo_bleekeri-6617-Ser-7CU,randS200,tRNA
tmRNA_Clos.acet._AE001437_1-359,randS200,tmRNA
tmRNA_Myco.pulm._AL445565_1-387,randS200,tmRNA
RNaseP_SMB-B3,randS200,RNaseP
srp_Caul.cres._AE005700,randS200,srp
srp_Arab.thal._AC005275,randS200,srp
16s_H.sapiens_domain3,randS200,16s
16s_Z.mays_domain4,randS200,16s
grp1_a.I1.e.S.paniceum.UNK.SSU.1052,randS200,grp1
RNaseP_I.calvum,randS200,RNaseP
srp_Bloc.flor._BX248585,randS200,srp
tmRNA_Bdel.bact._BX842656_1-346,randS200,tmRNA
tmRNA_Stre.scab._TRW-1883_1-402,randS200,tmRNA
srp_Chlo.vulg._AB001684,randS200,srp
5s_Roseococcus-thiosulfatophilus-1,randS200,5s
RNaseP_Buchnera-APS,randS200,RNaseP
RNaseP_Fischerella-UTEX1829,randS200,RNaseP
5s_Bacteroides-fragilis-6,randS200,5s
srp_Camp.jeju._CP000025,randS200,srp
tmRNA_Onio.yell._AP006628_1-423,randS200,tmRNA
srp_Pyro.hori._BA000001,randS200,srp
RNaseP_H.influenza,randS200,RNaseP
srp_Legi.pneu._CR628337,randS200,srp
16s_B.subtilis_domain4,randS200,16s
tmRNA_Pseu.aeru._AE004091_1-353,randS200,tmRNA
16s_P.staleyi_domain2,randS200,16s
tmRNA_Lact.john._TRW-257314_1-367,randS200,tmRNA
srp_Tryp.cong._SDB-5692,randS200,srp
tRNA_tdbR00000432-Haloferax_volcanii-2246-Thr-GGU,randS200,tRNA
srp_Shew.spec._CP000503,randS200,srp
tRNA_tdbR00000209-Enterobacteria_phage_T4-10665-Leu-NAA,randS200,tRNA
RNaseP_ERH,randS200,RNaseP
5s_Mycoplasma-gallisepticum-1,randS200,5s
tRNA_tdbR00000119-Escherichia_coli-562-Gly-NCC,randS200,tRNA
RNaseP_V.cholera,randS200,RNaseP
5s_Drosophila-teissieri-1,randS200,5s
srp_Meth.ferv._M32222,randS200,srp
srp_Cryp.homi._GSP-353151,randS200,srp
srp_Homo.sapi._BF909560,randS200,srp
16s_B.subtilis_domain3,randS200,16s
16s_C.reinhardtii.mito_domain3,randS200,16s
23s_T.thermophilus_domain6,randS200,23s
telomerase_AF221926.103-507,randS200,telomerase
RNaseP_S.caesia-K200,randS200,RNaseP
grp1_a.I1.e.S.granulatum.C1.SSU.1506,randS200,grp1
tmRNA_Pola.spec._CP000316_1-387,randS200,tmRNA
RNaseP_R.rubrum,randS200,RNaseP
tRNA_tdbR00000578-Leishmania_tarentolae-5689-Glu-3UC,randS200,tRNA
5s_Plasmodium-falciparum-1,randS200,5s
RNaseP_H.trapanicum,randS200,RNaseP
srp_Nitr.euro._BX321857,randS200,srp
srp_Shig.flex._AE014073,randS200,srp
telomerase_AY312571.605-1069,randS200,telomerase
RNaseP_P.troglodytes,randS200,RNaseP
RNaseP_M.capricolum,randS200,RNaseP
tmRNA_Gemm.obsc._TRW-214688_1-412,randS200,tmRNA
RNaseP_C.tepidum-g,randS200,RNaseP
srp_Xant.camp._CP000050,randS200,srp
tmRNA_Meth.flag._CP000284_1-361,randS200,tmRNA
tRNA_tdbR00000499-Halobacterium_salinarum-2242-Ini-CAU,randS200,tRNA
tRNA_tdbR00000461-Rattus_norvegicus-10116-Val-UAC,randS200,tRNA
tRNA_tdbR00000424-Drosophila_melanogaster-7227-Ser-GCU,randS200,tRNA
srp_Yers.pseu._BX936398,randS200,srp
tRNA_tdbR00000533-Drosophila_melanogaster-7227-Ini-CAU,randS200,tRNA
23s_H.pylori_domain3,randS200,23s
5s_Paramecium-tetraurelia-1,randS200,5s
5s_Ureaplasma-parvum-1,randS200,5s
RNaseP_N.flavus,randS200,RNaseP
grp1_a.I1.e.L.dispersa.UNK.SSU.1046,randS200,grp1
grp1_a.I1.e.S.paniceum.UNK.SSU.287,randS200,grp1
tRNA_tdbR00000510-Escherichia_coli-562-Ini-CAU,randS200,tRNA
tRNA_tdbR00000532-Oryctolagus_cuniculus-9986-Ini-CAU,randS200,tRNA
tmRNA_envi.sequ._TRW-259292_1-355,randS200,tmRNA
5s_Vibrio-vulnificus-4,randS200,5s
RNaseP_Onchorhynchus-1,randS200,RNaseP
RNaseP_T.acidophilum,randS200,RNaseP
5s_Fusarium-pseudograminearum-1,randS200,5s
tmRNA_Aqui.aeol._TRW-63363_1-347,randS200,tmRNA
5s_Sporolactobacillus-nakayamae-1,randS200,5s
grp1_a.I1.b.Phormidium.sp.N182.C3.tLEU,randS200,grp1
telomerase_AF221918.97-547,randS200,telomerase
tmRNA_Myco.afri._TRW-33894_1-368,randS200,tmRNA
srp_Stap.aure._BX571857,randS200,srp
tmRNA_Shew.spec._CP000469_1-355,randS200,tmRNA
tmRNA_Mora.cata._AX067460_1-359,randS200,tmRNA
tmRNA_Emil.huxl._TRW-280463_1-291,randS200,tmRNA
tRNA_tdbR00000467-Pichia_jadinii-4903-Val-IAC,randS200,tRNA
5s_Gallus-gallus-1,randS200,5s
5s_Mycoplasma-pneumoniae-1,randS200,5s
srp_Burk.pseu._CP000572,randS200,srp
5s_Thiothrix-nivea-1,randS200,5s
tRNA_tdbR00000472-Drosophila_melanogaster-7227-Val-IAC,randS200,tRNA
5s_Ancylobacter-aquaticus-1,randS200,5s
23s_S.aureus_domain3,randS200,23s
RNaseP_LGB41,randS200,RNaseP
tmRNA_Aero.hydr._CP000462_1-360,randS200,tmRNA
tmRNA_Leif.xyli._AE016822_1-394,randS200,tmRNA
5s_Hyphomonas-oligotropha-1,randS200,5s
tmRNA_Esch.coli._U36840_1-363,randS200,tmRNA
5s_Notophthalmus-viridescens-1,randS200,5s
RNaseP_SM-A5179,randS200,RNaseP
grp1_a.I1.e.P.carinii.Pc1.C1.LSU.1921,randS200,grp1
tRNA_tdbR00000109-Haloferax_volcanii-2246-Gly-NCC,randS200,tRNA
RNaseP_ESH7-9,randS200,RNaseP
RNaseP_C.pneumoniae-AR39,randS200,RNaseP
srp_Popu.bals._GSP-73824,randS200,srp
tRNA_tdbR00000036-Euglena_gracilis-3039-Asp-GUC,randS200,tRNA
tRNA_tdbR00000408-Saccharomyces_cerevisiae-4932-Ser-IGA,randS200,tRNA
tRNA_tdbR00000170-Saccharomyces_cerevisiae-4932-Ile-IAU,randS200,tRNA
5s_Pseudomonas-aeruginosa-1,randS200,5s
5s_Dugesia-japonica-1,randS200,5s
srp_Arab.thal._X72228,randS200,srp
5s_Escherichia-coli-3,randS200,5s
RNaseP_C.trachomatis-D,randS200,RNaseP
grp1_a.I1.e.S.paniceum.UNK.SSU.114,randS200,grp1
srp_Baci.poly._D11421,randS200,srp
16s_C.psittaci_domain2,randS200,16s
srp_Ther.mela._CP000716,randS200,srp
srp_Gibb.zeae._GSP-229533,randS200,srp
5s_Geobacillus-stearothermophilus-2,randS200,5s
tmRNA_Phot.prof._CR378665_1-368,randS200,tmRNA
srp_Cypr.carp._CF662133,randS200,srp
tmRNA_Heli.pylo._TRW-85963_1-386,randS200,tmRNA
16s_Z.mays_domain3,randS200,16s
srp_Medi.trun._CX540689,randS200,srp
tmRNA_Heli.must._DQ250625_1-366,randS200,tmRNA
srp_Fran.tula._CP000439,randS200,srp
RNaseP_M.barkeri,randS200,RNaseP
srp_Homo.sapi._BF875598,randS200,srp
5s_Pythium-torulosum-1,randS200,5s
tRNA_tdbR00000245-Rattus_norvegicus-10116-Leu-UAG,randS200,tRNA
srp_Heli.annu._AJ828095,randS200,srp
16s_H.sapiens_domain4,randS200,16s
tRNA_tdbR00000358-Escherichia_coli-562-Arg-CU,randS200,tRNA
tmRNA_Camp.fetu._AY211269_1-361,randS200,tmRNA
srp_Meth.mari._CP000745,randS200,srp
tmRNA_Chlo.chlo._CP000108_1-401,randS200,tmRNA
tmRNA_Pseu.syri._AE016853_1-388,randS200,tmRNA
srp_Leis.majo._SDB-347515,randS200,srp
5s_Coprinopsis-cinerea-1,randS200,5s
tmRNA_Urea.parv._AE002154_1-413,randS200,tmRNA
5s_Vibrio-nereis-1,randS200,5s
srp_Myco.spec._CP000580,randS200,srp
RNaseP_S.caesia-SB01,randS200,RNaseP
tmRNA_Nitr.mult._CP000103_1-362,randS200,tmRNA
16s_G.intestinalis_domain3,randS200,16s
srp_Proc.spec._AJ011025,randS200,srp
telomerase_AF221929.92-517,randS200,telomerase
16s_G.intestinalis_domain1,randS200,16s
tRNA_tdbR00000244-Rattus_norvegicus-10116-Leu-UAG,randS200,tRNA
5s_Bacteroides-fragilis-3,randS200,5s
tRNA_tdbR00000546-Escherichia_coli-562-Tyr-QUA,randS200,tRNA
16s_P.occultum_domain4,randS200,16s
5s_Puccinia-poarum-1,randS200,5s
RNaseP_S.acidocaldarius,randS200,RNaseP
5s_Haloferax-volcanii-2,randS200,5s
grp1_a.I1.e.P.inouyei.C1.SSU.1506,randS200,grp1
16s_M.polymorpha_domain3,randS200,16s
tmRNA_Chla.trac._TRW-813-1_1-420,randS200,tmRNA
RNaseP_A.laidlawii,randS200,RNaseP
srp_Sino.meli._AL591782,randS200,srp
RNaseP_SM-A3862,randS200,RNaseP
srp_Haem.infl._CP000672,randS200,srp
tRNA_tdbR00000498-Gallus_gallus-9031-Trp-BCA,randS200,tRNA
tRNA_tdbR00000556-Schizosaccharomyces_pombe-4896-Tyr-GPA,randS200,tRNA
tmRNA_Fibr.succ._TRW-59374_1-361,randS200,tmRNA
RNaseP_SM-A04,randS200,RNaseP
RNaseP_SM-A1519,randS200,RNaseP
tRNA_tdbR00000380-Halobacterium_salinarum-2242-Ser-MGA,randS200,tRNA
srp_Mann.succ._AE016827,randS200,srp
tRNA_tdbR00000164-Saccharomyces_cerevisiae-4932-Ile-GAU,randS200,tRNA
srp_Cory.jeik._CR931997,randS200,srp
srp_Proc.mari._AE017165,randS200,srp
srp_Stap.aure._E36052,randS200,srp
5s_Fusarium-pseudograminearum-6,randS200,5s
RNaseP_SM-A2642,randS200,RNaseP
tRNA_tdbR00000221-Escherichia_coli-562-Leu-CAG,randS200,tRNA
5s_Mycobacterium-tuberculosis-3,randS200,5s
5s_Pichia-jadinii-2,randS200,5s
RNaseP_M.pneumoniae,randS200,RNaseP
RNaseP_SM-A05,randS200,RNaseP
tRNA_tdbR00000364-Ascaris_suum-6253-Arg-ACG,randS200,tRNA
5s_Antheraea-pernyi-1,randS200,5s
tmRNA_Tric.eryt._CP000393_1-398,randS200,tmRNA
grp1_a.I1.c.A.cherimola.C3.tLEU,randS200,grp1
tmRNA_Dich.nodo._TRW-35819_1-352,randS200,tmRNA
5s_Asterina-pectinifera-1,randS200,5s
tmRNA_Salm.ente._AE017220_1-363,randS200,tmRNA
RNaseP_SM-A5584,randS200,RNaseP
RNaseP_Prochlorococcus-TATL2,randS200,RNaseP
tRNA_tdbR00000277-Codium_fragile-3133-Met-CAU,randS200,tRNA
23s_H.pylori_domain6,randS200,23s
RNaseP_B.megaterium,randS200,RNaseP
tmRNA_Lept.spec._TRW-261385_1-359,randS200,tmRNA
tmRNA_Syne.spec._D90916_1-396,randS200,tmRNA
RNaseP_T.syrichta,randS200,RNaseP
tmRNA_Geob.meta._CP000148_1-356,randS200,tmRNA
16s_H.volcanii_domain1,randS200,16s
5s_Streptomyces-lividans-1,randS200,5s
5s_Agaricus-edulis-1,randS200,5s
tRNA_tdbR00000114-Staphylococcus_epidermidis-1282-Gly-UCC,randS200,tRNA
RNaseP_Nostoc-PCC7413,randS200,RNaseP
tRNA_tdbR00000317-Salmonella_typhimurium-602-Pro-CGG,randS200,tRNA
srp_Myco.syno._AE017245,randS200,srp
RNaseP_A.obstetricans,randS200,RNaseP
5s_Schizosaccharomyces-pombe-1,randS200,5s
srp_Hype.buty._CP000493,randS200,srp
tRNA_tdbR00000291-Halobacterium_salinarum-2242-Asn-GUU,randS200,tRNA
tmRNA_Chla.abor._CR848038_1-425,randS200,tmRNA
tmRNA_Xant.axon._AE011783_1-397,randS200,tmRNA
tmRNA_Pseu.fluo._TRW-216595_1-397,randS200,tmRNA
tRNA_tdbR00000128-Halocynthia_roretzi-7729-Gly-GCU,randS200,tRNA
srp_Sulf.solf._Y08257,randS200,srp
tRNA_tdbR00000347-Enterobacteria_phage_T4-10665-Arg-NCU,randS200,tRNA
RNaseP_E.eschscholtzii-2,randS200,RNaseP
tmRNA_Myxo.xant._TRW-34_1-366,randS200,tmRNA
telomerase_AY058901.1-397,randS200,telomerase
srp_Homo.sapi._BF909438,randS200,srp
5s_Idiomarina-loihiensis-1,randS200,5s
RNaseP_SM-A1214,randS200,RNaseP
RNaseP_Anabaena-ATCC29413,randS200,RNaseP
tRNA_tdbR00000098-Xenopus_laevis-8355-Phe-AA,randS200,tRNA
srp_Yers.pest._CP000305,randS200,srp
tmRNA_Erwi.caro._BX950851_1-363,randS200,tmRNA
5s_Blakeslea-trispora-1,randS200,5s
tmRNA_Shig.flex._AE014073_1-363,randS200,tmRNA
tmRNA_Fran.tula._AM233362_1-421,randS200,tmRNA
tRNA_tdbR00000313-Haloferax_volcanii-2246-Pro-UGG,randS200,tRNA
tRNA_tdbR00000316-Bacillus_subtilis-1423-Pro-5GG,randS200,tRNA
tmRNA_Myco.tube._TRW-164513_1-368,randS200,tmRNA
tRNA_tdbR00000286-Lupinus_luteus-3873-Met-BAU,randS200,tRNA
tmRNA_Chla.muri._AE002296_1-418,randS200,tmRNA
tRNA_tdbR00000017-Homo_sapiens-9606-Ala-IGC,randS200,tRNA
srp_Meth.acet._AE010299,randS200,srp
tmRNA_Moor.ther._CP000232_1-358,randS200,tmRNA
tRNA_tdbR00000177-Mycoplasma_capricolum-2095-Lys-CUU,randS200,tRNA
5s_Mycoplasma-genitalium-1,randS200,5s
tRNA_tdbR00000342-Bos_taurus-9913-Gln-CUG,randS200,tRNA
16s_E.coli_domain2,randS200,16s
16s_Z.mays_domain1,randS200,16s
RNaseP_A.ferrooxidans-g,randS200,RNaseP
srp_Halo.volc._AF395888,randS200,srp
grp1_b.I1.e.M.anisopliae.2.C1.LSU.1921,randS200,grp1
srp_Leis.guya._AY722728,randS200,srp
RNaseP_B.hermsii,randS200,RNaseP
srp_Aspe.flav._GSP-332952,randS200,srp
tRNA_tdbR00000590-Ascaris_suum-6253-Glu-UC,randS200,tRNA
RNaseP_UK2,randS200,RNaseP
tmRNA_Haem.infl._TRW-262727_1-366,randS200,tmRNA
tmRNA_Shig.sonn._CP000038_1-363,randS200,tmRNA
tmRNA_Sulf.azor._TRW-204536_1-351,randS200,tmRNA
tRNA_tdbR00000165-Solanum_tuberosum-4113-Ile-AU,randS200,tRNA
tmRNA_Trep.dent._AE017226_1-351,randS200,tmRNA
RNaseP_S.carlsbergensis,randS200,RNaseP
grp1_a.I1.e.S.sclerotiorum_1837.C1.LSU.798,randS200,grp1
tRNA_tdbR00000465-Saccharomyces_cerevisiae-4932-Val-CAC,randS200,tRNA
srp_Shig.flex._CP000266,randS200,srp
RNaseP_S.typhi,randS200,RNaseP
srp_Clos.beij._CP000721,randS200,srp
5s_Puccinia-suaveolens-1,randS200,5s
tmRNA_Myco.hyop._TRW-262719_1-433,randS200,tmRNA
tmRNA_Thal.weis._AF049491_1-348,randS200,tmRNA
srp_Alka.meta._CP000724,randS200,srp
5s_Caulobacter-sp.-5,randS200,5s
RNaseP_SM-A06,randS200,RNaseP
tRNA_tdbR00000360-Codium_fragile-3133-Arg-ICG,randS200,tRNA
16s_C.reinhardtii.mito_domain2,randS200,16s
tRNA_tdbR00000451-Mycoplasma_capricolum-2095-Val-UAC,randS200,tRNA
RNaseP_SL1-1,randS200,RNaseP
16s_C.reinhardtii.chloro_domain1,randS200,16s
srp_Myco.geni._L43967,randS200,srp
tmRNA_Porp.ging._TRW-242619_1-407,randS200,tmRNA
tmRNA_Fran.tula._AM286280_1-421,randS200,tmRNA
5s_Pseudomonas-fluorescens-2,randS200,5s
srp_Bruc.ovis._CP000708,randS200,srp
tRNA_tdbR00000492-Rattus_norvegicus-10116-Trp-NCA,randS200,tRNA
tRNA_tdbR00000445-Bos_taurus-9913-Thr-IGU,randS200,tRNA
5s_Halorubrum-distributum-4,randS200,5s
tmRNA_Stap.aure._BA000017_1-362,randS200,tmRNA
16s_A.fulgidus_domain2,randS200,16s
5s_Bacteroides-fragilis-4,randS200,5s
srp_Sili.spec._CP000377,randS200,srp
tRNA_tdbR00000377-Mus_musculus-10090-Arg-ICG,randS200,tRNA
5s_Spirobolus-sp-1,randS200,5s
srp_Humu.lupu._AJ236703,randS200,srp
RNaseP_T.maritima-g,randS200,RNaseP
srp_Dros.moja._GSP-7230,randS200,srp
srp_Schm.medi._GSP-79327,randS200,srp
tmRNA_Clos.diff._AM180355_1-350,randS200,tmRNA
16s_H.volcanii_domain2,randS200,16s
tmRNA_Stap.aure._AC074317_1-359,randS200,tmRNA
23s_E.coli_domain3,randS200,23s
tmRNA_Sali.rube._CP000159_1-369,randS200,tmRNA
RNaseP_SM-A5888,randS200,RNaseP
tmRNA_Nost.punc._TRW-63737_1-390,randS200,tmRNA
5s_Rhodopseudomonas-palustris-2,randS200,5s
srp_Onch.volv._AI249203,randS200,srp
tmRNA_Shew.spec._CP000446_1-355,randS200,tmRNA
tRNA_tdbR00000159-Escherichia_coli-562-Ile-GAU,randS200,tRNA
tRNA_tdbR00000393-Escherichia_coli-562-Ser-GGA,randS200,tRNA
tmRNA_Myco.aviu._AE016958_1-368,randS200,tmRNA
srp_Humu.lupu._X65983,randS200,srp
tmRNA_Prop.acne._AE017283_1-371,randS200,tmRNA
RNaseP_P.marinus,randS200,RNaseP
5s_Prasinocladus-sp.-1,randS200,5s
RNaseP_S.viridis-K73T,randS200,RNaseP
srp_Yers.pest._AJ414155,randS200,srp
tmRNA_Ther.fusc._CP000088_1-372,randS200,tmRNA
srp_Clos.acet._AE001437,randS200,srp
tRNA_tdbR00000394-Escherichia_coli-562-Ser-VGA,randS200,tRNA
grp1_a.I1.e.P.clavariiformis.C1.SSU.943,randS200,grp1
5s_Myxococcus-coralloides-1,randS200,5s
tmRNA_Croc.wats._TRW-165597_1-386,randS200,tmRNA
RNaseP_B.subtilis-g,randS200,RNaseP
tmRNA_Esch.coli._BA000007_1-363,randS200,tmRNA
RNaseP_S.viridis-K191,randS200,RNaseP
tmRNA_Haem.infl._L42023_1-366,randS200,tmRNA
telomerase_AF221908.136-584,randS200,telomerase
16s_C.reinhardtii.chloro_domain3,randS200,16s
tmRNA_Heli.pylo._AE001503_1-383,randS200,tmRNA
tRNA_tdbR00000059-Rattus_norvegicus-10116-Glu-3UC,randS200,tRNA
5s_Agrobacterium-tumefaciens-6,randS200,5s
tmRNA_Lept.spec._TRW-261386_1-359,randS200,tmRNA
16s_C.psittaci_domain4,randS200,16s
RNaseP_P.douglassii,randS200,RNaseP
grp1_a.I1.e.G.planctonica.C1.SSU.943,randS200,grp1
5s_Mycoplasma-penetrans-1,randS200,5s
tRNA_tdbR00000482-Spiroplasma_citri-2133-Trp-CCA,randS200,tRNA
5s_Candidatus-Tremblaya-princeps-1,randS200,5s
5s_Fusarium-sporotrichioides-1,randS200,5s
tRNA_tdbR00000505-Mycoplasma_mycoides-2102-Ini-CAU,randS200,tRNA
5s_Lentinula-edodes-2,randS200,5s
tmRNA_Stap.epid._TRW-1282-2_1-362,randS200,tmRNA
tRNA_tdbR00000270-Avian_myeloblastosis_virus-11866-Met-BAU,randS200,tRNA
5s_Pseudomonas-stutzeri-2,randS200,5s
tRNA_tdbR00000514-Scenedesmus_obliquus-3088-Ini-CAU,randS200,tRNA
16s_C.psittaci_domain3,randS200,16s
tRNA_tdbR00000535-Xenopus_laevis-8355-Ini-CAU,randS200,tRNA
5s_Paracentrotus-lividus-2,randS200,5s
23s_T.thermophilus_domain3,randS200,23s
srp_Phyt.ramo._GSP-164328,randS200,srp
tRNA_tdbR00000236-Neurospora_crassa-5141-Leu-UAG,randS200,tRNA
5s_Pinus-contorta-1,randS200,5s
srp_Leis.braz._AY722724,randS200,srp
srp_Proc.mari._BX572093,randS200,srp
telomerase_AF147806.247-692,randS200,telomerase
telomerase_AF221909.98-496,randS200,telomerase
srp_Sulf.toko._BA000023,randS200,srp
tmRNA_Esch.coli._D90888_1-363,randS200,tmRNA
tRNA_tdbR00000300-Saccharomyces_cerevisiae-4932-Asn-GUU,randS200,tRNA
5s_Arthrobacter-polychromogenes-1,randS200,5s
grp1_a.I1.e.P.carinii.Pc3.C1.LSU.1921,randS200,grp1
tRNA_tdbR00000407-Saccharomyces_cerevisiae-4932-Ser-IGA,randS200,tRNA
5s_Trimorphomyces-papilionaceus-1,randS200,5s
16s_C.reinhardtii.mito_domain4,randS200,16s
16s_H.volcanii_domain3,randS200,16s
tRNA_tdbR00000108-Haloferax_volcanii-2246-Gly-GCC,randS200,tRNA
tmRNA_Yers.ente._TRW-34054_1-381,randS200,tmRNA
tRNA_tdbR00000237-Saccharomyces_cerevisiae-4932-Leu-AA,randS200,tRNA
tmRNA_Clos.diff._TRW-367459_1-350,randS200,tmRNA
5s_Vibrio-cyclosites-1,randS200,5s
tRNA_tdbR00000506-Streptomyces_griseus-1911-Ini-CAU,randS200,tRNA
RNaseP_S.diastaticus,randS200,RNaseP
5s_Escherichia-coli-11,randS200,5s
RNaseP_SLC,randS200,RNaseP
grp1_a.I1.e.C.merochlorophea.UNK.SSU.1046,randS200,grp1
16s_T.maritima_domain2,randS200,16s
grp1_b.I1.e.C.saccharophila.C1.SSU.156,randS200,grp1
16s_F.ananassa_domain4,randS200,16s
16s_M.polymorpha_domain2,randS200,16s
srp_Myco.lepr._AL023596,randS200,srp
tmRNA_Bact.frag._TRW-817_1-398,randS200,tmRNA
telomerase_AF221932.102-549,randS200,telomerase
5s_Kondoa-malvinella-1,randS200,5s
RNaseP_T.aquaticus,randS200,RNaseP
srp_Kluy.lact._CR382126,randS200,srp
tmRNA_Baci.G._TRW-12333_1-312,randS200,tmRNA
16s_S.cerevisiae_domain4,randS200,16s
srp_Tryp.bruc._S56681,randS200,srp
tRNA_tdbR00000192-Saccharomyces_cerevisiae-4932-Lys-CUU,randS200,tRNA
tRNA_tdbR00000504-Mycoplasma_capricolum-2095-Ini-CAU,randS200,tRNA
tmRNA_Haem.ducr._AE017143_1-367,randS200,tmRNA
srp_Trop.whip._AE014184,randS200,srp
grp1_a.I1.e.A.adeninivorans.C1.LSU.2449,randS200,grp1
tRNA_tdbR00000545-Escherichia_coli-562-Tyr-QUA,randS200,tRNA
16s_A.pyrophilus_domain4,randS200,16s
srp_Aero.pern._BA000002,randS200,srp
tmRNA_Esch.coli._AP009048_1-363,randS200,tmRNA
tmRNA_Leuc.mese._AF375574_1-307,randS200,tmRNA
5s_Bacillus-clausii-1,randS200,5s
grp1_a.I1.e.U.maydis.C1.SSU.943,randS200,grp1
tRNA_tdbR00000233-Phaseolus_vulgaris-3885-Leu-UA7,randS200,tRNA
tmRNA_Azoa.spec._TRW-62928_1-378,randS200,tmRNA
tRNA_tdbR00000375-Bos_taurus-9913-Arg-CCU,randS200,tRNA
srp_Psyc.sp.._CP000713,randS200,srp
16s_A.fulgidus_domain3,randS200,16s
RNaseP_Prochlorococcus-TATL2-2,randS200,RNaseP
tRNA_tdbR00000486-Phaseolus_vulgaris-3885-Trp-BCA,randS200,tRNA
RNaseP_P.purpurea-chloroplast,randS200,RNaseP
tmRNA_Leuc.mese._CP000414_1-358,randS200,tmRNA
5s_Eisenia-bicyclis-1,randS200,5s
tRNA_tdbR00000605-Lupinus_luteus-3873-Leu-CAG,randS200,tRNA
tmRNA_Yers.inte._TRW-349965_1-381,randS200,tmRNA
tmRNA_Mann.succ._AE016827_1-367,randS200,tmRNA
grp1_a.I1.e.T.hyperangularis.C1.LSU.1925,randS200,grp1
srp_Chla.trac._AE001298,randS200,srp
RNaseP_Onchorhynchus-sp-2,randS200,RNaseP
tmRNA_Pseu.ento._CT573326_1-392,randS200,tmRNA
5s_Clostridium-acetobutylicum-5,randS200,5s
tRNA_tdbR00000090-Lupinus_luteus-3873-Phe-AA,randS200,tRNA
tmRNA_Salm.typh._AY316313_1-363,randS200,tmRNA
srp_Cand.Bloc._CP000016,randS200,srp
tRNA_tdbR00000523-Tetrahymena_thermophila-5911-Ini-CAU,randS200,tRNA
tRNA_tdbR00000301-Lupinus_luteus-3873-Asn-UU,randS200,tRNA
grp1_a.I1.c.S.bicolor.C3.tLEU,randS200,grp1
16s_P.staleyi_domain4,randS200,16s
tmRNA_Pseu.aeru._CP000438_1-353,randS200,tmRNA
5s_Bacillus-anthracis-10,randS200,5s
RNaseP_T.pallidum,randS200,RNaseP
tmRNA_Pseu.fluo._CP000076_1-394,randS200,tmRNA
srp_Brad.japo._BA000040,randS200,srp
srp_Baci.alca._D11422,randS200,srp
5s_Delftia-acidovorans-1,randS200,5s
5s_Vibrio-fluvialis-1,randS200,5s
srp_Pseu.syri._CP000075,randS200,srp
tRNA_tdbR00000376-Bos_taurus-9913-Arg-3CP,randS200,tRNA
5s_Escherichia-coli-14,randS200,5s
tRNA_tdbR00000356-Escherichia_coli-562-Arg-ICG,randS200,tRNA
5s_Rhodococcus-erythropolis-2,randS200,5s
RNaseP_C.sporogenes,randS200,RNaseP
5s_Parachlamydia-sp.-1,randS200,5s
5s_Artemia-sp.-4,randS200,5s
RNaseP_SM-A01,randS200,RNaseP
grp1_a.I1.e.E.dermatitidis.C1.SSU.943,randS200,grp1
srp_Toxo.gond._GSP-398031,randS200,srp
5s_Cystobacter-fuscus-1,randS200,5s
tRNA_tdbR00000125-Bos_taurus-9913-Gly-UCC,randS200,tRNA
tRNA_tdbR00000343-Mus_musculus-10090-Gln-CUG,randS200,tRNA
tRNA_tdbR00000053-Bos_taurus-9913-Glu-NUC,randS200,tRNA
grp1_a.I1.e.C.ellipsoidea.211-1a.C1.SSU.1506,randS200,grp1
5s_Emericella-nidulans-7,randS200,5s
srp_Chla.cavi._AE016995,randS200,srp
srp_Yarr.lipo._X51658,randS200,srp
5s_Caulobacter-sp.-6,randS200,5s
RNaseP_B.pertussis,randS200,RNaseP
5s_Pyrococcus-horikoshii-1,randS200,5s
RNaseP_SM-A6090,randS200,RNaseP
srp_Hahe.chej._CP000155,randS200,srp
tRNA_tdbR00000020-Escherichia_coli-562-Cys-GCA,randS200,tRNA
RNaseP_C.acetobutylicum,randS200,RNaseP
RNaseP_LGW113,randS200,RNaseP
grp1_a.I1.e.A.stipitatus.C1.SSU.1046,randS200,grp1
srp_Para.bras._CN241137,randS200,srp
srp_Yers.pest._AE017129,randS200,srp
16s_T.gondii_domain4,randS200,16s
5s_Juniperus-media-1,randS200,5s
5s_Pyrococcus-woesei-1,randS200,5s
tmRNA_Shew.spec._CP000444_1-355,randS200,tmRNA
5s_Archaeoglobus-fulgidus-1,randS200,5s
RNaseP_Prochlorococcus-PAC1B,randS200,RNaseP
srp_Baci.thur._CP000485,randS200,srp
tRNA_tdbR00000042-Haloferax_volcanii-2246-Glu-MUC,randS200,tRNA
srp_Ence.cuni._AL590449,randS200,srp
tmRNA_Chla.pneu._TRW-83558_1-426,randS200,tmRNA
RNaseP_M.thermoautotrphicumMarb,randS200,RNaseP
RNaseP_SMB-A3,randS200,RNaseP
srp_Fran.tula._CP000437,randS200,srp
tmRNA_List.gray._AF440336_1-321,randS200,tmRNA
5s_Neurospora-crassa-2,randS200,5s
tmRNA_Myco.myco._BX842642_1-411,randS200,tmRNA
RNaseP_SM-A1012,randS200,RNaseP
5s_Acidiphilium-acidophilum-1,randS200,5s
5s_Streptomyces-coelicolor-1,randS200,5s
5s_Cryptomonas-paramecium-1,randS200,5s
RNaseP_SM-A5382,randS200,RNaseP
tRNA_tdbR00000194-Triticum_aestivum-4565-Lys-CUU,randS200,tRNA
tRNA_tdbR00000529-Triticum_aestivum-4565-Ini-CAU,randS200,tRNA
tRNA_tdbR00000565-Bos_taurus-9913-Tyr-9PA,randS200,tRNA
tmRNA_Rubr.gela._TRW-279263_1-372,randS200,tmRNA
tmRNA_Shig.dyse._CP000034_1-363,randS200,tmRNA
tmRNA_Stre.aver._BA000030_1-389,randS200,tmRNA
16s_T.gondii_domain3,randS200,16s
RNaseP_P.azotoformans,randS200,RNaseP
5s_Roseococcus-thiosulfatophilus-2,randS200,5s
RNaseP_L.acidophilus,randS200,RNaseP
srp_Pyro.cali._CP000561,randS200,srp
srp_Ther.koda._AP006878,randS200,srp
telomerase_AF221914.112-589,randS200,telomerase
tmRNA_Acti.succ._TRW-339671_1-367,randS200,tmRNA
grp1_a.I1.e.G.spirotaenia.C1.SSU.1506,randS200,grp1
srp_Cory.diph._BX248354,randS200,srp
tmRNA_Exig.sibi._TRW-262543_1-359,randS200,tmRNA
5s_Pirellula-sp.-1,randS200,5s
tRNA_tdbR00000132-Lupinus_luteus-3873-Gly-GCC,randS200,tRNA
tmRNA_Stap.aure._BX571857_1-362,randS200,tmRNA
16s_C.reinhardtii.chloro_domain4,randS200,16s
grp1_a.I1.e.A.capsulatus.G186B.C1.SSU,randS200,grp1
RNaseP_C.trachomatis-2,randS200,RNaseP
RNaseP_CPA49,randS200,RNaseP
5s_T_cruziE,randS200,5s
tRNA_tdbR00000572-Leishmania_tarentolae-5689-Lys-1UU,randS200,tRNA
RNaseP_S.japonicus,randS200,RNaseP
srp_Myco.myco._BX842642,randS200,srp
tmRNA_Burk.mall._CP000010_1-370,randS200,tmRNA
16s_P.occultum_domain2,randS200,16s
16s_C.elegans_domain1,randS200,16s
5s_Vibrio-harveyi-1,randS200,5s
5s_Oerskovia-turbata-1,randS200,5s
srp_Aede.aegy._DW714815,randS200,srp
RNaseP_H.pylori-RU1,randS200,RNaseP
tmRNA_Stre.pneu._AE008453_1-348,randS200,tmRNA
5s_Streptococcus-mutans-2,randS200,5s
tRNA_tdbR00000455-Escherichia_coli-562-Val-GAC,randS200,tRNA
5s_Vitreoscilla-filiformis-1,randS200,5s
5s_Saprolegnia-ferax-1,randS200,5s
tmRNA_Para.symb._BX908798_1-405,randS200,tmRNA
5s_Caenorhabditis-briggsae-1,randS200,5s
RNaseP_D.desulfuricans,randS200,RNaseP
telomerase_AF221917.99-542,randS200,telomerase
5s_Bacillus-firmus-1,randS200,5s
RNaseP_LGA1,randS200,RNaseP
RNaseP_S.lividans,randS200,RNaseP
tmRNA_Lact.lact._AF176556_1-359,randS200,tmRNA
RNaseP_B.subtilis,randS200,RNaseP
RNaseP_S.castellii,randS200,RNaseP
tmRNA_Myco.bovi._TRW-1765_1-368,randS200,tmRNA
RNaseP_M.vannielli,randS200,RNaseP
tRNA_tdbR00000032-Rattus_norvegicus-10116-Asp-GUC,randS200,tRNA
RNaseP_CPB7776,randS200,RNaseP
telomerase_AF221937.99-545,randS200,telomerase
srp_Ther.acid._AL445063,randS200,srp
tRNA_tdbR00000089-Brassica_napus-3708-Phe-AA,randS200,tRNA
tRNA_tdbR00000013-Pichia_jadinii-4903-Ala-IGC,randS200,tRNA
5s_Acinetobacter-sp.-1,randS200,5s
tmRNA_Stre.aure._AY616521_1-382,randS200,tmRNA
tRNA_tdbR00000477-Avian_myeloblastosis_virus-11866-Trp-BCA,randS200,tRNA
tRNA_tdbR00000151-Haloferax_volcanii-2246-Ile-GAU,randS200,tRNA
RNaseP_P.alcalifaciens,randS200,RNaseP
tRNA_tdbR00000328-Enterobacteria_phage_T5-10726-Gln-UUG,randS200,tRNA
srp_Caen.eleg._AY948607,randS200,srp
RNaseP_E.coli,randS200,RNaseP
srp_Burk.pseu._CP000124,randS200,srp
tmRNA_Esch.coli._CP000247_1-363,randS200,tmRNA
grp1_a.I1.e.C.merochlorophea.UNK.SSU.1389,randS200,grp1
srp_Fran.tula._AM286280,randS200,srp
5s_Corynebacterium-glutamicum-1,randS200,5s
tRNA_tdbR00000252-Pichia_jadinii-4903-Leu-BAA,randS200,tRNA
RNaseP_P.strasburgensis,randS200,RNaseP
5s_Asellus-aquaticus-2,randS200,5s
tmRNA_Esch.coli._AE005491_1-363,randS200,tmRNA
16s_H.sapiens.mito_domain2,randS200,16s
23s_S.aureus_domain4,randS200,23s
RNaseP_SM-A1113,randS200,RNaseP
RNaseP_T.littoralis,randS200,RNaseP
5s_Fusobacterium-nucleatum-2,randS200,5s
grp1_a.I1.m.M.grisea.B2.ND1,randS200,grp1
grp1_a.I1.b.S.hofmanii.C3.tMET,randS200,grp1
grp1_a.I1.e.L.dispersa.UNK.SSU.114,randS200,grp1
RNaseP_ESH167F,randS200,RNaseP
5s_Brevibacterium-helvolum-1,randS200,5s
5s_Hyphomicrobium-sp.-5,randS200,5s
tRNA_tdbR00000067-Escherichia_coli-562-Phe-GAA,randS200,tRNA
tRNA_tdbR00000368-Mesocricetus_auratus-10036-Arg-UCG,randS200,tRNA
tmRNA_Xyle.fast._TRW-155920_1-355,randS200,tmRNA
srp_Lact.john._AE017198,randS200,srp
grp1_a.I1.e.C.grayi.UNK.SSU.1516,randS200,grp1
srp_Meth.maze._AE008384,randS200,srp
5s_Achromobacter-xylosoxidans-1,randS200,5s
5s_Pirellula-sp.-2,randS200,5s
5s_Brachionus-plicatilis-1,randS200,5s
tRNA_tdbR00000397-Saccharomyces_cerevisiae-4932-Ser-UGA,randS200,tRNA
tmRNA_Myco.Bxz1._AY129337_1-437,randS200,tmRNA
srp_Thal.pseu._EF067921,randS200,srp
16s_G.intestinalis_domain4,randS200,16s
16s_M.polymorpha_domain4,randS200,16s
23s_B.subtilis_domain4,randS200,23s
srp_Stre.pyog._AM295007,randS200,srp
16s_B.burgdorferi_domain2,randS200,16s
grp1_a.I1.e.C.saxonicum.C1.SSU.1506,randS200,grp1
grp1_a.I1.m.S.luteus.A1.LSU.2504,randS200,grp1
tRNA_tdbR00000480-Mycoplasma_capricolum-2095-Trp-CA,randS200,tRNA
RNaseP_WA1,randS200,RNaseP
5s_Ustilago-maydis-1,randS200,5s
tmRNA_Haem.infl._AY599475_1-366,randS200,tmRNA
telomerase_AF221939.99-544,randS200,telomerase
tRNA_tdbR00000430-Halobacterium_salinarum-2242-Thr-GGU,randS200,tRNA
5s_Cellulomonas-biazotea-1,randS200,5s
srp_Stap.aure._CP000703,randS200,srp
srp_Stre.pyog._CP000056,randS200,srp
telomerase_U85256.1-451,randS200,telomerase
srp_Shig.flex._AE016979,randS200,srp
tRNA_tdbR00000336-Aedes_albopictus-7160-Gln-NUG,randS200,tRNA
srp_Homo.sapi._BE083383,randS200,srp
telomerase_AF221923.106-554,randS200,telomerase
tRNA_tdbR00000611-Sinorhizobium_meliloti-382-His-GUG,randS200,tRNA
srp_Stre.pyog._CP000260,randS200,srp
grp1_a.I1.e.D.parva.C1.SSU.943,randS200,grp1
tRNA_tdbR00000584-Aeropyrum_pernix-56636-Pro-GGG,randS200,tRNA
RNaseP_purpleX,randS200,RNaseP
RNaseP_S.typhimurium,randS200,RNaseP
RNaseP_S.polymorpha,randS200,RNaseP
RNaseP_SMB-A5,randS200,RNaseP
tRNA_tdbR00000365-Aedes_albopictus-7160-Arg-UCG,randS200,tRNA
5s_E_glandulE,randS200,5s
tRNA_tdbR00000294-Mycoplasma_capricolum-2095-Asn-GUU,randS200,tRNA
srp_Leis.infa._AM502223,randS200,srp
tRNA_tdbR00000206-Loligo_bleekeri-6617-Lys-UUU,randS200,tRNA
tRNA_tdbR00000396-Saccharomyces_cerevisiae-4932-Ser-UGA,randS200,tRNA
tRNA_tdbR00000534-Euphausia_superba-6819-Ini-CAU,randS200,tRNA
tmRNA_Copr.prot._TRW-351627_1-353,randS200,tmRNA
5s_Gelidium-amansii-2,randS200,5s
5s_Halococcus-morrhuae-2,randS200,5s
tRNA_tdbR00000011-Neurospora_crassa-5141-Ala-UGC,randS200,tRNA
tmRNA_Bord.para._TRW-257311_1-387,randS200,tmRNA
srp_Lact.case._CP000423,randS200,srp
RNaseP_E.faecalis-2,randS200,RNaseP
5s_Aquifex-aeolicus-1,randS200,5s
srp_Homo.sapi._BF909563,randS200,srp
tRNA_tdbR00000003-Haloferax_volcanii-2246-Ala-GGC,randS200,tRNA
grp1_a.I1.b.Synechococcus.sp2.C3.tLEU,randS200,grp1
srp_Vibr.chol._CP000627,randS200,srp
tRNA_tdbR00000559-Triticum_aestivum-4565-Tyr-GPA,randS200,tRNA
tmRNA_Chla.trac._TRW-272561_1-420,randS200,tmRNA
RNaseP_Z.bailii,randS200,RNaseP
tmRNA_Fran.tula._CP000437_1-421,randS200,tmRNA
5s_Bacillus-anthracis-6,randS200,5s
telomerase_AF221925.98-540,randS200,telomerase
RNaseP_SM-A4876,randS200,RNaseP
telomerase_AF221935.112-602,randS200,telomerase
tRNA_tdbR00000575-Leishmania_tarentolae-5689-Thr-CGU,randS200,tRNA
tRNA_tdbR00000522-Bos_taurus-9913-Ini-AU,randS200,tRNA
srp_Baci.subt._X12642,randS200,srp
tmRNA_List.mono._TRW-1639-1_1-370,randS200,tmRNA
tRNA_tdbR00000030-Aedes_albopictus-7160-Asp-GUC,randS200,tRNA
tmRNA_Acti.naes._TRW-240017_1-371,randS200,tmRNA
RNaseP_S.globosus,randS200,RNaseP
5s_Thermomyces-lanuginosus-1,randS200,5s
RNaseP_S.uvarum,randS200,RNaseP
tRNA_tdbR00000587-Aeropyrum_pernix-56636-Met-CAU,randS200,tRNA
tRNA_tdbR00000519-Phaseolus_vulgaris-3885-Ini-CAU,randS200,tRNA
srp_Myco.hyop._AE017244,randS200,srp
RNaseP_P.stutzeri,randS200,RNaseP
grp1_a.I1.e.T.malaccensis.C1.LSU.1925,randS200,grp1
tRNA_tdbR00000222-Escherichia_coli-562-Leu-GAG,randS200,tRNA
tmRNA_Salm.ente._TRW-59204_1-363,randS200,tmRNA
5s_Acholeplasma-laidlawii-2,randS200,5s
tmRNA_Clav.mich._TRW-31964_1-376,randS200,tmRNA
16s_B.burgdorferi_domain3,randS200,16s
tmRNA_Meso.flor._AE017263_1-408,randS200,tmRNA
tmRNA_Shew.putr._TRW-319224_1-356,randS200,tmRNA
RNaseP_N.europaea,randS200,RNaseP
tmRNA_Mann.haem._TRW-272629_1-367,randS200,tmRNA
RNaseP_SM-A1315,randS200,RNaseP
tRNA_tdbR00000448-Halobacterium_salinarum-2242-Val-GAC,randS200,tRNA
srp_Ashb.goss._AE016819,randS200,srp
RNaseP_S.kluyveri,randS200,RNaseP
RNaseP_SMB-B4,randS200,RNaseP
tmRNA_Shew.spec._TRW-323850_1-356,randS200,tmRNA
5s_Rumex-acetosa-1,randS200,5s
5s_Streptomyces-rimosus-2,randS200,5s
tmRNA_Buch.aphi._BD061520_1-369,randS200,tmRNA
RNaseP_G.gorilla,randS200,RNaseP
RNaseP_S.glauca-K194,randS200,RNaseP
5s_Blastocladiella-simplex-1,randS200,5s
RNaseP_C.vinosum,randS200,RNaseP
RNaseP_L.japonicus-IFO15385,randS200,RNaseP
tRNA_tdbR00000115-Staphylococcus_epidermidis-1282-Gly-UCC,randS200,tRNA
RNaseP_M.thermoautotrophicum-DH,randS200,RNaseP
tRNA_tdbR00000478-Haloferax_volcanii-2246-Trp-BCA,randS200,tRNA
tmRNA_Borr.burg._AE001118_1-359,randS200,tmRNA
5s_Bifidobacterium-longum-1,randS200,5s
5s_Taxus-baccata-1,randS200,5s
telomerase_AF221934.121-565,randS200,telomerase
tmRNA_Acti.acti._TRW-272556_1-366,randS200,tmRNA
5s_uncultured-euryarchaeote-37F11-1,randS200,5s
RNaseP_Prochlorococcus-PCC9511,randS200,RNaseP
srp_Trop.whip._AE016852,randS200,srp
srp_Sacc.para._BN000251,randS200,srp
5s_Thermoactinomyces-vulgaris-1,randS200,5s
5s_Chlamydophila-abortus-1,randS200,5s
telomerase_AF221924.105-538,randS200,telomerase
5s_Campylobacter-jejuni-3,randS200,5s
tRNA_tdbR00000155-Mycoplasma_mycoides-2102-Ile-GAU,randS200,tRNA
tmRNA_Anab.vari._CP000117_1-390,randS200,tmRNA
tmRNA_Ente.faec._BD193796_1-367,randS200,tmRNA
5s_Ustilentyloma-fluitans-1,randS200,5s
srp_Myco.bovi._BX248347,randS200,srp
tmRNA_Neis.gono._TRW-242231_1-363,randS200,tmRNA
16s_H.volcanii_domain4,randS200,16s
RNaseP_T.thermophilus,randS200,RNaseP
grp1_a.I1.e.S.paniceum.UNK.SSU.1210,randS200,grp1
5s_Vitreoscilla-stercoraria-1,randS200,5s
23s_E.coli_domain4,randS200,23s
tRNA_tdbR00000352-Mycoplasma_capricolum-2095-Arg-ICG,randS200,tRNA
tmRNA_Prop.acne._TRW-1747-1_1-371,randS200,tmRNA
tmRNA_Haem.infl._TRW-262728_1-366,randS200,tmRNA
grp1_s.I1.e.T.thermophila.C1.LSU.1925.schem,randS200,grp1
tmRNA_Trop.whip._BX251411_1-369,randS200,tmRNA
tmRNA_Neis.meni._TRW-272831_1-363,randS200,tmRNA
16s_H.sapiens.mito_domain3,randS200,16s
tmRNA_Pedi.pent._CP000422_1-369,randS200,tmRNA
RNaseP_SM-A4065,randS200,RNaseP
16s_G.intestinalis_domain2,randS200,16s
tmRNA_Geob.stea._TRW-1422_1-352,randS200,tmRNA
23s_E.coli_domain6,randS200,23s
5s_Bartonella-henselae-1,randS200,5s
tRNA_tdbR00000172-Lupinus_luteus-3873-Ile-IAU,randS200,tRNA
srp_Cion.savi._BW551179,randS200,srp
RNaseP_SM-A03,randS200,RNaseP
tRNA_tdbR00000439-Spinacia_oleracea-3562-Thr-GGU,randS200,tRNA
srp_Shew.balt._CP000563,randS200,srp
srp_Stre.pneu._CP000410,randS200,srp
srp_Mari.aqua._CP000514,randS200,srp
tRNA_tdbR00000431-Haloferax_volcanii-2246-Thr-CGU,randS200,tRNA
RNaseP_UK5,randS200,RNaseP
tmRNA_Odon.sine._TRW-2839_1-371,randS200,tmRNA
srp_Esch.coli._AE016756,randS200,srp
grp1_a.I1.e.B.yamatoana.JCM2896.C1.SSU.1506,randS200,grp1
RNaseP_M.phosphovorus-JCM9380,randS200,RNaseP
grp1_a.I1.e.T.cosmopolitanis.C1.LSU.1925,randS200,grp1
srp_Leis.majo._AY722715,randS200,srp
RNaseP_Y.pestis,randS200,RNaseP
16s_T.maritima_domain3,randS200,16s
srp_Proc.mari._CP000576,randS200,srp
5s_Rhodobacter-sphaeroides-2,randS200,5s
RNaseP_S.pastorianus,randS200,RNaseP
5s_Haloarcula-marismortui-2,randS200,5s
5s_Ralstonia-solanacearum-1,randS200,5s
RNaseP_EM14b-9,randS200,RNaseP
RNaseP_R.norvegicus,randS200,RNaseP
RNaseP_Synechocystis-PCC6308,randS200,RNaseP
5s_Thermotoga-sp.-1,randS200,5s
grp1_a.I1.e.C.merochlorophea.UNK.SSU.1516,randS200,grp1
tmRNA_Chla.cavi._AE015925_1-425,randS200,tmRNA
23s_H.pylori_domain4,randS200,23s
grp1_a.I1.e.L.dispersa.UNK.SSU.287,randS200,grp1
tRNA_tdbR00000497-Bos_taurus-9913-Trp-BCA,randS200,tRNA
5s_Empedobacter-brevis-1,randS200,5s
srp_Meth.jann._L77117,randS200,srp
5s_Cancer-pagurus-1,randS200,5s
5s_Pseudomonas-fluorescens-4,randS200,5s
tRNA_tdbR00000111-Mycoplasma_capricolum-2095-Gly-UCC,randS200,tRNA
telomerase_AF221921.98-548,randS200,telomerase
telomerase_AF221920.99-541,randS200,telomerase
tmRNA_Shew.onei._AX048560_1-355,randS200,tmRNA
RNaseP_P131,randS200,RNaseP
tRNA_tdbR00000309-Enterobacteria_phage_T4-10665-Pro-NGG,randS200,tRNA
RNaseP_S.caesia-K76T,randS200,RNaseP
16s_E.coli_domain4,randS200,16s
tRNA_tdbR00000351-Haloferax_volcanii-2246-Arg-NCG,randS200,tRNA
srp_Homo.sapi._AB061847,randS200,srp
tRNA_tdbR00000092-Oryctolagus_cuniculus-9986-Phe-AA,randS200,tRNA
srp_Kleb.pneu._CP000647,randS200,srp
16s_H.sapiens.mito_domain4,randS200,16s
grp1_a.I1.e.P.carinii.Pc2.C1.LSU.1921,randS200,grp1
5s_Nitrobacter-winogradskyi-1,randS200,5s
srp_Clos.kluy._CP000673,randS200,srp
grp1_a.I1.e.C.ellipsoidea.IAMC-87.C1.SSU.1506,randS200,grp1
srp_Tric.vagi._GSP-5722-2,randS200,srp
srp_Xant.oryz._AE013598,randS200,srp
tmRNA_envi.sequ._TRW-32045-2_1-345,randS200,tmRNA
RNaseP_Onchorhynchus-2,randS200,RNaseP
5s_Microbacterium-testaceum-1,randS200,5s
RNaseP_E.faecalis,randS200,RNaseP
tRNA_tdbR00000218-Mycoplasma_capricolum-2095-Leu-UAG,randS200,tRNA
RNaseP_SM-A2946,randS200,RNaseP
tRNA_tdbR00000208-Mus_musculus-10090-Lys-CUN,randS200,tRNA
telomerase_AF221906.96-545,randS200,telomerase
tmRNA_Nost.spec._BA000019_1-390,randS200,tmRNA
grp1_a.I1.e.P.macrosporus.C1.SSU.943,randS200,grp1
telomerase_AF221936.98-540,randS200,telomerase
tRNA_tdbR00000617-Nanoarchaeum_equitans-160232-Gln-UUG,randS200,tRNA
tmRNA_Ther.mari._TRW-243274-1_1-356,randS200,tmRNA
tRNA_tdbR00000139-Mycoplasma_capricolum-2095-His-GUK,randS200,tRNA
5s_Urechis-unicinctus-1,randS200,5s
tRNA_tdbR00000136-Homo_sapiens-9606-Gly-GCC,randS200,tRNA
RNaseP_SM-A4977,randS200,RNaseP
tRNA_tdbR00000285-Triticum_aestivum-4565-Met-BAU,randS200,tRNA
5s_Ginkgo-biloba-1,randS200,5s
tmRNA_Haem.infl._U32808_1-366,randS200,tmRNA
RNaseP_A.ferrooxidans,randS200,RNaseP
RNaseP_SM1,randS200,RNaseP
grp1_a.I1.e.L.dispersa.UNK.SSU.516,randS200,grp1
tmRNA_Noca.farc._AP006618_1-368,randS200,tmRNA
5s_Acremonium-chrysogenum-1,randS200,5s
5s_Kutzneria-viridogrisea-1,randS200,5s
5s_Photobacterium-profundum-3,randS200,5s
RNaseP_P.putida,randS200,RNaseP
srp_Tryp.bruc._X57047,randS200,srp
tRNA_tdbR00000346-Homo_sapiens-9606-Gln-NUG,randS200,tRNA
5s_Xanthobacter-viscosus-1,randS200,5s
RNaseP_CPB74,randS200,RNaseP
5s_Tremella-mesenterica-2,randS200,5s
RNaseP_A.brierleyi,randS200,RNaseP
srp_Stre.pneu._AE007319,randS200,srp
srp_Fran.tula._AJ749949,randS200,srp
tRNA_tdbR00000197-Rattus_norvegicus-10116-Lys-3UU,randS200,tRNA
5s_Cyclidiopsis-acus-1,randS200,5s
tRNA_tdbR00000199-Oryctolagus_cuniculus-9986-Lys-CUU,randS200,tRNA
telomerase_AF221930.94-546,randS200,telomerase
RNaseP_Dermocarpa-PCC7437,randS200,RNaseP
tRNA_tdbR00000074-Tetrahymena_pyriformis-5908-Phe-GAA,randS200,tRNA
srp_Baci.subt._X06802,randS200,srp
telomerase_AF221910.112-554,randS200,telomerase
16s_S.cerevisiae_domain3,randS200,16s
RNaseP_E1B,randS200,RNaseP
srp_Gald.sulp._GSP-130081,randS200,srp
srp_Bruc.meli._AM040264,randS200,srp
srp_Halo.mari._AY596297,randS200,srp
tmRNA_Salm.bong._TRW-218493_1-363,randS200,tmRNA
5s_Streptomyces-roseoverticillatus-1,randS200,5s
tRNA_tdbR00000337-Tetrahymena_thermophila-5911-Gln-CUA,randS200,tRNA
RNaseP_Synechococcus-PCC7942,randS200,RNaseP
grp1_a.I1.e.B.ciliata.JCM6865.C1.SSU.1506,randS200,grp1
5s_Bacillus-thuringiensis-1,randS200,5s
RNaseP_E.eschsholtzii,randS200,RNaseP
srp_Chla.muri._AE002160,randS200,srp
RNaseP_P.gingivalis,randS200,RNaseP
srp_Nitr.euro._AL954747,randS200,srp
tRNA_tdbR00000403-Bos_taurus-9913-Ser-UGA,randS200,tRNA
telomerase_AF221931.99-541,randS200,telomerase
tmRNA_Desu.psyc._CR522870_1-366,randS200,tmRNA
telomerase_AC121792.109554-109950,randS200,telomerase
tRNA_tdbR00000143-Asterias_amurensis-7602-His-QUG,randS200,tRNA
telomerase_AF221919.107-614,randS200,telomerase
tmRNA_Lact.plan._AL935259_1-372,randS200,tmRNA
grp1_a.I1.e.P.pachydermus.C1.SSU.943,randS200,grp1
tmRNA_Heli.pylo._TRW-85962_1-386,randS200,tmRNA
5s_Thermus-sp.-2,randS200,5s
tRNA_tdbR00000216-Mycoplasma_capricolum-2095-Leu-BAA,randS200,tRNA
grp1_a.I1.m.S.pombe.B1.OX1,randS200,grp1
RNaseP_CPB80,randS200,RNaseP
tRNA_tdbR00000228-Glycine_max-3847-Leu-BAA,randS200,tRNA
tmRNA_Trep.pall._TRW-243276_1-354,randS200,tmRNA
tRNA_tdbR00000446-Halobacterium_salinarum-2242-Val-CAC,randS200,tRNA
tRNA_tdbR00000278-Scenedesmus_obliquus-3088-Met-CAU,randS200,tRNA
5s_Neurospora-crassa-12,randS200,5s
tmRNA_Camp.coli._TRW-306254_1-359,randS200,tmRNA
tmRNA_Burk.viet._TRW-269482_1-370,randS200,tmRNA
RNaseP_H.chlorum-partial,randS200,RNaseP
23s_B.subtilis_domain3,randS200,23s
srp_Anae.sp.._CP000769,randS200,srp
5s_Blepharisma-japonicum-1,randS200,5s
RNaseP_Onchorhynchus-sp-1,randS200,RNaseP
tRNA_tdbR00000225-Synechococcus_elongatus_PCC_6301-269084-Leu-CAA,randS200,tRNA
srp_Bos.taur._GSP-6282,randS200,srp
tmRNA_Burk.ceno._CP000378_1-370,randS200,tmRNA
5s_Staphylococcus-aureus-1,randS200,5s
RNaseP_N.meningitidis-Z2491,randS200,RNaseP
grp1_a.I1.e.D.salina.C1.SSU.943,randS200,grp1
srp_Ento.sulc._AF095839,randS200,srp
5s_Streptococcus-salivarius-1,randS200,5s
RNaseP_A.chroococcum,randS200,RNaseP
srp_Lyco.escu._Z29099,randS200,srp
srp_Picr.torr._AE017261,randS200,srp
tRNA_tdbR00000355-Escherichia_coli-562-Arg-ICG,randS200,tRNA
5s_Emericella-nidulans-8,randS200,5s
tRNA_tdbR00000488-Tetrahymena_thermophila-5911-Trp-CA,randS200,tRNA
srp_Clos.perf._CP000246,randS200,srp
tRNA_tdbR00000282-Ascaris_suum-6253-Met-AU,randS200,tRNA
srp_Tryp.bruc._AF047723,randS200,srp
tmRNA_Sten.malt._TRW-40324_1-354,randS200,tmRNA
5s_Pneumocystis-carinii-1,randS200,5s
5s_Streptomyces-violaceus-1,randS200,5s
srp_Esch.coli._U00096,randS200,srp
tRNA_tdbR00000196-Rattus_norvegicus-10116-Lys-CUN,randS200,tRNA
5s_Neurospora-crassa-15,randS200,5s
tmRNA_Buch.aphi._AE013218_1-376,randS200,tmRNA
RNaseP_A.fulgidus,randS200,RNaseP
5s_Filobasidium-capsuligenum-1,randS200,5s
RNaseP_CPA54,randS200,RNaseP
RNaseP_V.spinosum,randS200,RNaseP
grp1_a.I1.e.P.carinii.C1.SSU.1506,randS200,grp1
srp_Trit.aest._CD897082,randS200,srp
tmRNA_Oeno.oeni._TRW-203123_1-350,randS200,tmRNA
grp1_a.I1.e.B.yamatoana.JCM2896.C1.SSU.943,randS200,grp1
tRNA_tdbR00000560-Lupinus_luteus-3873-Tyr-GPA,randS200,tRNA
5s_Streptomyces-avermitilis-4,randS200,5s
srp_Heli.pylo._CP000241,randS200,srp
RNaseP_S.caesia-K182,randS200,RNaseP
5s_Thiomonas-cuprina-1,randS200,5s
srp_Esch.coli._U82664,randS200,srp
RNaseP_LGW46,randS200,RNaseP
RNaseP_E.agglomerulans,randS200,RNaseP
grp1_a.I1.e.A.capsulatus.G184B.C1.SSU,randS200,grp1
tRNA_tdbR00000230-Glycine_max-3847-Leu-UA7,randS200,tRNA
tmRNA_Lept.inte._AE016823_1-350,randS200,tmRNA
srp_Cryp.parv._XM_626716,randS200,srp
5s_Shewanella-oneidensis-1,randS200,5s
srp_Meth.burt._CP000300,randS200,srp
srp_Mono.brev._GSP-81824,randS200,srp
grp1_a.I1.e.Staurastrum.sp.M752.C1.SSU.1506,randS200,grp1
RNaseP_Synechocystis-PCC6803,randS200,RNaseP
5s_Eimeria-tenella-1,randS200,5s
srp_Desu.vulg._CP000527,randS200,srp
RNaseP_A.ambivalens,randS200,RNaseP
16s_Z.mays_domain2,randS200,16s
tmRNA_Xyle.fast._AE003849_1-355,randS200,tmRNA
RNaseP_PS4,randS100,RNaseP
5s_Microtetraspora-glauca-1,randS100,5s
RNaseP_EF,randS100,RNaseP
srp_Clos.botu._AM412317,randS100,srp
grp1_a.I1.e.A.capsulatus.FLs1.C1.SSU,randS100,grp1
tRNA_tdbR00000553-Asterias_amurensis-7602-Tyr-GUA,randS100,tRNA
16s_D.melanogaster_domain4,randS100,16s
tmRNA_Cyan.mero._TRW-45157_1-236,randS100,tmRNA
tmRNA_Pant.stew._TRW-66269_1-363,randS100,tmRNA
tmRNA_Kleb.pneu._TRW-272620_1-363,randS100,tmRNA
5s_Locusta-migratoria-1,randS100,5s
tRNA_tdbR00000298-Asterias_amurensis-7602-Asn-GUU,randS100,tRNA
tRNA_tdbR00000004-Haloferax_volcanii-2246-Ala-UGC,randS100,tRNA
16s_A.fulgidus_domain4,randS100,16s
tmRNA_Baci.anth._AE016879_1-355,randS100,tmRNA
telomerase_AF221927.113-556,randS100,telomerase
srp_Pseu.aeru._AE004091,randS100,srp
tmRNA_Synt.acid._CP000252_1-356,randS100,tmRNA
tmRNA_Bord.bron._TRW-257310_1-387,randS100,tmRNA
grp1_a.I1.e.B.ciliata.JCM6865.C1.SSU.943,randS100,grp1
tmRNA_Baci.clau._AP006627_1-355,randS100,tmRNA
telomerase_AF221912.98-564,randS100,telomerase
tmRNA_Myco.arth._TRW-243272_1-394,randS100,tmRNA
16s_C.elegans_domain3,randS100,16s
RNaseP_SM-A0911,randS100,RNaseP
grp1_b.I1.e.T.thermophila.C1.LSU.1925,randS100,grp1
tmRNA_Thio.crun._CP000109_1-358,randS100,tmRNA
5s_Renobacter-vaculatum-1,randS100,5s
grp1_a.I1.e.C.grayi.UNK.SSU.1046,randS100,grp1
tRNA_tdbR00000058-Lupinus_luteus-3873-Glu-CUC,randS100,tRNA
srp_Nost.spec._BA000019,randS100,srp
tRNA_tdbR00000060-Drosophila_melanogaster-7227-Glu-2UC,randS100,tRNA
5s_Dipsacomyces-acuminosporus-1,randS100,5s
tRNA_tdbR00000485-Nicotiana_tabacum-4097-Trp-BCA,randS100,tRNA
RNaseP_K.thermotolerans,randS100,RNaseP
RNaseP_P.aerogenes,randS100,RNaseP
srp_Baci.mega._D11414,randS100,srp
srp_Lyco.escu._Z29104,randS100,srp
tmRNA_Stap.aure._BX571856_1-362,randS100,tmRNA
5s_Salmonella-enterica-7,randS100,5s
grp1_a.I1.c.G.prostrata.C3.tLEU,randS100,grp1
5s_Bacillus-licheniformis-1,randS100,5s
5s_Rana-catesbeiana-1,randS100,5s
5s_Halobacterium-sp.-1,randS100,5s
srp_Legi.pneu._M31830,randS100,srp
tmRNA_Magn.spec._CP000471_1-366,randS100,tmRNA
srp_Esch.coli._X01074,randS100,srp
RNaseP_BH145,randS100,RNaseP
grp1_a.I1.e.T.pigmentosa.C1.LSU.1925,randS100,grp1
srp_Lott.giga._GSP-225164,randS100,srp
grp1_a.I1.e.C.merochlorophea.UNK.SSU.1210,randS100,grp1
srp_Pers.amer._X65992,randS100,srp
tmRNA_Myco.pneu._AE000035_1-384,randS100,tmRNA
grp1_a.I1.e.M.caldariorum.C1.SSU.1506,randS100,grp1
tRNA_tdbR00000049-Chlamydomonas_reinhardtii-3055-Glu-NUC,randS100,tRNA
telomerase_AF221928.95-476,randS100,telomerase
5s_Bacillus-methanolicus-7,randS100,5s
RNaseP_LGB32,randS100,RNaseP
tRNA_tdbR00000320-Spinacia_oleracea-3562-Pro-NGG,randS100,tRNA
srp_Pseu.halo._CR954246,randS100,srp
16s_F.ananassa_domain3,randS100,16s
RNaseP_R.americana-mito,randS100,RNaseP
tmRNA_Shew.balt._TRW-325240_1-356,randS100,tmRNA
5s_Dichelobacter-nodosus-1,randS100,5s
tmRNA_Soda.glos._AP008232_1-384,randS100,tmRNA
srp_Bord.pert._BX640415,randS100,srp
RNaseP_PS27,randS100,RNaseP
telomerase_AF221911.104-513,randS100,telomerase
srp_Schi.pomb._X15220,randS100,srp
tmRNA_Leuc.mese._TRW-1245_1-358,randS100,tmRNA
16s_A.pyrophilus_domain2,randS100,16s
srp_Mus.musc._AC126244,randS100,srp
tRNA_tdbR00000406-Saccharomyces_cerevisiae-4932-Ser-NGA,randS100,tRNA
tmRNA_Myco.capr._S67602_1-408,randS100,tmRNA
tRNA_tdbR00000035-Saccharomyces_cerevisiae-4932-Asp-GUC,randS100,tRNA
tmRNA_Past.mult._AE006115_1-367,randS100,tmRNA
grp1_b.I1.e.M.anisopliae.3.C1.LSU.1921,randS100,grp1
telomerase_AF221916.94-481,randS100,telomerase
telomerase_AF221940.103-499,randS100,telomerase
5s_Leuconostoc-mesenteroides-1,randS100,5s
16s_P.occultum_domain3,randS100,16s
grp1_a.I1.b.Dermocarpa.sp.ATCC29371.C3.tMET,randS100,grp1
tmRNA_uncu.bact._TRW-32045-4_1-369,randS100,tmRNA
5s_Fluoribacter-bozemanae-1,randS100,5s
srp_Medi.trun._BE941271,randS100,srp
16s_C.reinhardtii.mito_domain1,randS100,16s
23s_B.subtilis_domain6,randS100,23s
RNaseP_A.erythreum,randS100,RNaseP
grp1_a.I1.e.P.inouyei.C1.SSU.943,randS100,grp1
RNaseP_C.jejuni,randS100,RNaseP
grp1_a.I1.e.P.sarcinoidea.C1.SSU.943,randS100,grp1
srp_Trit.aest._BE424647,randS100,srp
16s_B.subtilis_domain2,randS100,16s
tRNA_tdbR00000010-Escherichia_coli-562-Ala-VGC,randS100,tRNA
grp1_a.I1.e.D.parva.C1.SSU.1512,randS100,grp1
srp_Dros.mela._AE014297,randS100,srp
srp_Plas.chab._GSP-31271,randS100,srp
23s_S.aureus_domain6,randS100,23s
16s_P.staleyi_domain3,randS100,16s
23s_T.thermophilus_domain4,randS100,23s
16s_H.sapiens.mito_domain1,randS100,16s
5s_Cryptococcus-bacillisporus-1,randS100,5s
5s_Saprospira-grandis-1,randS100,5s
RNaseP_P.vulgaris,randS100,RNaseP
16s_B.burgdorferi_domain4,randS100,16s
grp1_a.I1.e.P.macrosporus.C1.SSU.1506,randS100,grp1
5s_Starkeya-novella-1,randS100,5s
5s_Pseudomonas-fluorescens-1,randS100,5s
5s_Wolbachia-endosymbiont-of-D.-melanogaster-1,randS100,5s
16s_C.reinhardtii.chloro_domain2,randS100,16s
grp1_a.I1.e.L.dispersa.UNK.SSU.1210,randS100,grp1
16s_T.maritima_domain4,randS100,16s
grp1_a.I1.e.C.saccatum.C1.SSU.1512,randS100,grp1
srp_Lodd.elon._GSP-379508,randS100,srp
tmRNA_Ente.faec._TRW-1352_1-367,randS100,tmRNA
grp1_a.I1.e.S.paniceum.UNK.SSU.1506,randS100,grp1
RNaseP_B.brevis,randS100,RNaseP
tRNA_tdbR00000463-Bos_taurus-9913-Val-UAC,randS100,tRNA
grp1_a.I1.e.L.dispersa.UNK.SSU.789,randS100,grp1
5s_Xenopus-laevis-7,randS100,5s
5s_Paracoccus-denitrificans-1,randS100,5s
5s_Rickettsia-conorii-1,randS100,5s
RNaseP_N.gonnorhoeae,randS100,RNaseP
grp1_a.I1.e.A.capsulatus.CBS213.53.C1.SSU.943,randS100,grp1
srp_Dros.mela._X01056,randS100,srp
tRNA_tdbR00000507-Bacillus_subtilis-1423-Ini-CAU,randS100,tRNA
tmRNA_Ther.teng._AE013063_1-351,randS100,tmRNA
RNaseP_CPB139,randS100,RNaseP
tmRNA_Bact.frag._CR626927_1-398,randS100,tmRNA
5s_Streptococcus-mutans-3,randS100,5s
RNaseP_C.crescentus,randS100,RNaseP
srp_Xyle.fast._AE009442,randS100,srp
RNaseP_C.limicola,randS100,RNaseP
RNaseP_Pseudoanabaena-PCC6903,randS100,RNaseP
tRNA_tdbR00000516-Spinacia_oleracea-3562-Ini-CAU,randS100,tRNA
tRNA_tdbR00000610-Caulobacter_crescentus_CB15-190650-His-GUG,randS100,tRNA
tmRNA_Lact.acid._CP000033_1-369,randS100,tmRNA
srp_Cani.spec._SDB-9616,randS100,srp
5s_Tinca-tinca-1,randS100,5s
tmRNA_Paen.larv._TRW-1464_1-367,randS100,tmRNA
tmRNA_Stre.sobr._TRW-246202_1-349,randS100,tmRNA
tRNA_tdbR00000083-Saccharomyces_cerevisiae-4932-Phe-AA,randS100,tRNA
16s_C.elegans_domain2,randS100,16s
5s_Corynebacterium-variabile-1,randS100,5s
16s_E.coli_domain3,randS100,16s
grp1_a.I1.e.Staurastrum.sp.M753.C1.SSU.1506,randS100,grp1
tRNA_tdbR00000078-Ascaris_suum-6253-Phe-GAA,randS100,tRNA
srp_Carb.hydr._CP000141,randS100,srp
tmRNA_Chla.trac._TRW-813-2_1-420,randS100,tmRNA
telomerase_AF221913.109-520,randS100,telomerase
tmRNA_Fran.tula._AJ749949_1-421,randS100,tmRNA
tmRNA_List.wels._AF440351_1-321,randS100,tmRNA
tRNA_tdbR00000284-Saccharomyces_cerevisiae-4932-Met-CAU,randS100,tRNA
RNaseP_P.staleyi,randS100,RNaseP
grp1_a.I1.e.L.dispersa.UNK.SSU.1516,randS100,grp1
tRNA_tdbR00000072-Phaseolus_vulgaris-3885-Phe-GAA,randS100,tRNA
5s_Bacillus-anthracis-3,randS100,5s
RNaseP_U.urealyticum,randS100,RNaseP
tmRNA_Cyan.para._TRW-2762_1-294,randS100,tmRNA
RNaseP_CPB75,randS100,RNaseP
tRNA_tdbR00000400-Loligo_bleekeri-6617-Ser-7CU,randS100,tRNA
16s_C.elegans_domain4,randS100,16s
RNaseP_M.tuberculosis-g,randS100,RNaseP
srp_Stre.dysg._AJ489606,randS100,srp
tmRNA_Clos.acet._AE001437_1-359,randS100,tmRNA
RNaseP_SM-A02,randS100,RNaseP
srp_Arab.thal._AC005275,randS100,srp
16s_H.sapiens_domain3,randS100,16s
16s_Z.mays_domain4,randS100,16s
grp1_a.I1.e.S.paniceum.UNK.SSU.1052,randS100,grp1
tRNA_tdbR00000563-Lupinus_albus-3870-Tyr-GPA,randS100,tRNA
RNaseP_Buchnera-APS,randS100,RNaseP
RNaseP_ESH46a-1,randS100,RNaseP
tRNA_tdbR00000144-Saccharomyces_cerevisiae-4932-His-GUG,randS100,tRNA
5s_Bacillus-cereus-1,randS100,5s
16s_B.subtilis_domain4,randS100,16s
16s_P.staleyi_domain2,randS100,16s
srp_Brug.mala._GSP-6279,randS100,srp
srp_Leis.dono._AY781793,randS100,srp
tmRNA_Lact.john._TRW-257314_1-367,randS100,tmRNA
srp_Stap.aure._BX571856,randS100,srp
tRNA_tdbR00000619-Toxoplasma_gondii-5811-Met-CAU,randS100,tRNA
16s_B.subtilis_domain3,randS100,16s
16s_C.reinhardtii.mito_domain3,randS100,16s
23s_T.thermophilus_domain6,randS100,23s
telomerase_AF221926.103-507,randS100,telomerase
grp1_a.I1.e.S.granulatum.C1.SSU.1506,randS100,grp1
RNaseP_Calothrix-PCC7601,randS100,RNaseP
telomerase_AY312571.605-1069,randS100,telomerase
srp_Yers.pest._AL590842,randS100,srp
5s_Mycoplasma-mobile-1,randS100,5s
tmRNA_Gemm.obsc._TRW-214688_1-412,randS100,tmRNA
23s_H.pylori_domain3,randS100,23s
tRNA_tdbR00000158-Escherichia_coli-562-Ile-GAU,randS100,tRNA
tRNA_tdbR00000510-Escherichia_coli-562-Ini-CAU,randS100,tRNA
grp1_a.I1.e.L.dispersa.UNK.SSU.1046,randS100,grp1
grp1_a.I1.e.S.paniceum.UNK.SSU.287,randS100,grp1
srp_Dech.arom._CP000089,randS100,srp
RNaseP_L.japonicus-IFO12422,randS100,RNaseP
srp_Desu.vulg._AE017285,randS100,srp
grp1_a.I1.b.Phormidium.sp.N182.C3.tLEU,randS100,grp1
telomerase_AF221918.97-547,randS100,telomerase
tmRNA_Aqui.aeol._TRW-63363_1-347,randS100,tmRNA
srp_Stap.aure._BX571857,randS100,srp
tRNA_tdbR00000200-Oryctolagus_cuniculus-9986-Lys-3UU,randS100,tRNA
srp_Burk.pseu._CP000572,randS100,srp
5s_Vicia-faba-1,randS100,5s
23s_S.aureus_domain3,randS100,23s
5s_Euplotes-vannus-1,randS100,5s
grp1_a.I1.e.P.carinii.Pc1.C1.LSU.1921,randS100,grp1
srp_Pyro.furi._AE010126,randS100,srp
tRNA_tdbR00000036-Euglena_gracilis-3039-Asp-GUC,randS100,tRNA
srp_Clav.lusi._GSP-306902,randS100,srp
tmRNA_Lact.gass._TRW-1596_1-366,randS100,tmRNA
tRNA_tdbR00000422-Rattus_norvegicus-10116-Ser-GCU,randS100,tRNA
srp_Burk.pseu._CP000570,randS100,srp
srp_Tric.eryt._CP000393,randS100,srp
grp1_a.I1.e.S.paniceum.UNK.SSU.114,randS100,grp1
srp_Baci.poly._D11421,randS100,srp
16s_C.psittaci_domain2,randS100,16s
RNaseP_CPA63,randS100,RNaseP
16s_Z.mays_domain3,randS100,16s
RNaseP_P.maris,randS100,RNaseP
5s_Pichia-angusta-1,randS100,5s
srp_Porp.purp._U38804,randS100,srp
5s_Medicago-sativa-1,randS100,5s
tRNA_tdbR00000101-Mus_musculus-10090-Phe-AA,randS100,tRNA
srp_Heli.annu._AJ828095,randS100,srp
16s_H.sapiens_domain4,randS100,16s
tmRNA_Myco.lepr._TRW-272631_1-369,randS100,tmRNA
RNaseP_S.caesia-SB01,randS100,RNaseP
srp_Medi.trun._CT485797,randS100,srp
5s_Corynebacterium-xerosis-2,randS100,5s
16s_G.intestinalis_domain3,randS100,16s
5s_Shewanella-colwelliana-1,randS100,5s
telomerase_AF221929.92-517,randS100,telomerase
16s_G.intestinalis_domain1,randS100,16s
16s_P.occultum_domain4,randS100,16s
grp1_a.I1.e.P.inouyei.C1.SSU.1506,randS100,grp1
16s_M.polymorpha_domain3,randS100,16s
tmRNA_Chla.trac._TRW-813-1_1-420,randS100,tmRNA
tRNA_tdbR00000556-Schizosaccharomyces_pombe-4896-Tyr-GPA,randS100,tRNA
tmRNA_Fibr.succ._TRW-59374_1-361,randS100,tmRNA
RNaseP_SM-A3862,randS100,RNaseP
tmRNA_Stre.pneu._TRW-216600_1-348,randS100,tmRNA
tmRNA_Ther.neap._TRW-309803_1-357,randS100,tmRNA
RNaseP_P.innocua,randS100,RNaseP
RNaseP_SM-A04,randS100,RNaseP
tmRNA_Chla.pneu._AE002224_1-423,randS100,tmRNA
RNaseP_SM-A1519,randS100,RNaseP
srp_Cory.jeik._CR931997,randS100,srp
tRNA_tdbR00000215-Haloferax_volcanii-2246-Leu-5AG,randS100,tRNA
tRNA_tdbR00000335-Nicotiana_rustica-4093-Gln-NUG,randS100,tRNA
5s_Pichia-jadinii-2,randS100,5s
RNaseP_SM-A05,randS100,RNaseP
5s_Antheraea-pernyi-1,randS100,5s
grp1_a.I1.c.A.cherimola.C3.tLEU,randS100,grp1
srp_Ratt.norv._AA923995,randS100,srp
tRNA_tdbR00000064-Mycoplasma_capricolum-2095-Phe-GAA,randS100,tRNA
5s_Comamonas-terrigena-1,randS100,5s
tRNA_tdbR00000277-Codium_fragile-3133-Met-CAU,randS100,tRNA
23s_H.pylori_domain6,randS100,23s
5s_Listeria-ivanovii-1,randS100,5s
16s_H.volcanii_domain1,randS100,16s
tmRNA_Borr.gari._CP000013_1-363,randS100,tmRNA
RNaseP_Nostoc-PCC7413,randS100,RNaseP
tRNA_tdbR00000390-Escherichia_coli-562-Ser-CGA,randS100,tRNA
RNaseP_A.obstetricans,randS100,RNaseP
tmRNA_Xant.axon._AE011783_1-397,randS100,tmRNA
RNaseP_T.commune,randS100,RNaseP
tRNA_tdbR00000181-Escherichia_coli-562-Lys-SUU,randS100,tRNA
RNaseP_F.yabuuchiae,randS100,RNaseP
RNaseP_S.caesia-SB22,randS100,RNaseP
tmRNA_Myxo.xant._TRW-34_1-366,randS100,tmRNA
srp_Meth.ferv._S49762,randS100,srp
telomerase_AY058901.1-397,randS100,telomerase
RNaseP_ESH30-3,randS100,RNaseP
5s_Legionella-pneumophila-1,randS100,5s
srp_Fran.alni._CT573213,randS100,srp
srp_Ther.mari._AE000512,randS100,srp
tRNA_tdbR00000226-Synechococcus_elongatus_PCC_6301-269084-Leu-CAG,randS100,tRNA
tRNA_tdbR00000316-Bacillus_subtilis-1423-Pro-5GG,randS100,tRNA
tmRNA_Burk.pseu._TRW-28450_1-370,randS100,tmRNA
RNaseP_G.sulfurreducens,randS100,RNaseP
tmRNA_Myco.tube._TRW-164513_1-368,randS100,tmRNA
srp_Buch.aphi._AE016826,randS100,srp
5s_Vibrio-fischeri-1,randS100,5s
16s_E.coli_domain2,randS100,16s
16s_Z.mays_domain1,randS100,16s
srp_Heli.hepa._AE017125,randS100,srp
grp1_b.I1.e.M.anisopliae.2.C1.LSU.1921,randS100,grp1
tmRNA_Lact.sake._AF400065_1-370,randS100,tmRNA
5s_Aspergillus-versicolor-1,randS100,5s
tRNA_tdbR00000576-Leishmania_tarentolae-5689-Asp-GUC,randS100,tRNA
5s_Bacillus-cereus-10,randS100,5s
srp_Baci.subt._D11417,randS100,srp
grp1_a.I1.e.S.sclerotiorum_1837.C1.LSU.798,randS100,grp1
5s_Nitella-flexilis-1,randS100,5s
RNaseP_A.telluris,randS100,RNaseP
srp_Pris.paci._GSP-54126,randS100,srp
tRNA_tdbR00000296-Azospirillum_lipoferum-193-Asn-QUU,randS100,tRNA
tRNA_tdbR00000435-Mycoplasma_mycoides-2102-Thr-UGU,randS100,tRNA
5s_Basidiobolus-magnus-1,randS100,5s
tRNA_tdbR00000314-Mycoplasma_capricolum-2095-Pro-UGG,randS100,tRNA
16s_C.reinhardtii.mito_domain2,randS100,16s
16s_C.reinhardtii.chloro_domain1,randS100,16s
tmRNA_Fran.tula._AM286280_1-421,randS100,tmRNA
srp_Volv.cart._GSP-51971-1,randS100,srp
16s_A.fulgidus_domain2,randS100,16s
srp_Baci.thur._D11412,randS100,srp
RNaseP_Mxa1,randS100,RNaseP
RNaseP_P.hollandica,randS100,RNaseP
srp_Schm.medi._GSP-79327,randS100,srp
16s_H.volcanii_domain2,randS100,16s
tmRNA_Stap.aure._AC074317_1-359,randS100,tmRNA
23s_E.coli_domain3,randS100,23s
tmRNA_Nost.punc._TRW-63737_1-390,randS100,tmRNA
tmRNA_uncu.bact._TRW-72274-2_1-359,randS100,tmRNA
srp_Onch.volv._AI249203,randS100,srp
tRNA_tdbR00000065-Bacillus_subtilis-1423-Phe-AA,randS100,tRNA
tRNA_tdbR00000159-Escherichia_coli-562-Ile-GAU,randS100,tRNA
tRNA_tdbR00000594-Ascaris_suum-6253-Leu-AA,randS100,tRNA
tRNA_tdbR00000460-Aedes_albopictus-7160-Val-UAC,randS100,tRNA
srp_Esch.coli._CP000247,randS100,srp
RNaseP_E.coli-JM109,randS100,RNaseP
tRNA_tdbR00000041-Xenopus_laevis-8355-Asp-8UC,randS100,tRNA
grp1_a.I1.e.P.clavariiformis.C1.SSU.943,randS100,grp1
5s_Myxococcus-coralloides-1,randS100,5s
RNaseP_LGB21,randS100,RNaseP
telomerase_AF221908.136-584,randS100,telomerase
16s_C.reinhardtii.chloro_domain3,randS100,16s
tmRNA_Camp.coli._AL111168_1-359,randS100,tmRNA
5s_Coleosporium-tussilaginis-1,randS100,5s
tmRNA_Heli.pylo._AE001503_1-383,randS100,tmRNA
tRNA_tdbR00000059-Rattus_norvegicus-10116-Glu-3UC,randS100,tRNA
16s_C.psittaci_domain4,randS100,16s
srp_Wolb.endo._AE017321,randS100,srp
grp1_a.I1.e.G.planctonica.C1.SSU.943,randS100,grp1
5s_Mycoplasma-penetrans-1,randS100,5s
5s_Desulfurococcus-mobilis-1,randS100,5s
5s_Candidatus-Tremblaya-princeps-1,randS100,5s
RNaseP_F.antarctica,randS100,RNaseP
16s_C.psittaci_domain3,randS100,16s
srp_Plas.yoel._GSP-352914,randS100,srp
srp_Trit.aest._X13915,randS100,srp
RNaseP_P.shigelloides,randS100,RNaseP
RNaseP_N.luteus,randS100,RNaseP
23s_T.thermophilus_domain3,randS100,23s
RNaseP_T.delbrueckii,randS100,RNaseP
5s_Pinus-contorta-1,randS100,5s
RNaseP_EM14b-11,randS100,RNaseP
srp_Rals.meta._CP000352,randS100,srp
5s_Hyphomicrobium-sp.-6,randS100,5s
telomerase_AF147806.247-692,randS100,telomerase
telomerase_AF221909.98-496,randS100,telomerase
RNaseP_WB3,randS100,RNaseP
tmRNA_Esch.coli._D90888_1-363,randS100,tmRNA
tmRNA_Phot.asym._TRW-291112_1-364,randS100,tmRNA
5s_Arthrobacter-polychromogenes-1,randS100,5s
grp1_a.I1.e.P.carinii.Pc3.C1.LSU.1921,randS100,grp1
tRNA_tdbR00000407-Saccharomyces_cerevisiae-4932-Ser-IGA,randS100,tRNA
16s_C.reinhardtii.mito_domain4,randS100,16s
16s_H.volcanii_domain3,randS100,16s
tRNA_tdbR00000399-Aedes_albopictus-7160-Ser-GCU,randS100,tRNA
grp1_a.I1.e.C.merochlorophea.UNK.SSU.1046,randS100,grp1
16s_T.maritima_domain2,randS100,16s
grp1_b.I1.e.C.saccharophila.C1.SSU.156,randS100,grp1
16s_F.ananassa_domain4,randS100,16s
16s_M.polymorpha_domain2,randS100,16s
srp_Stap.sapr._AP008934,randS100,srp
tRNA_tdbR00000271-Haloferax_volcanii-2246-Met-BAU,randS100,tRNA
telomerase_AF221932.102-549,randS100,telomerase
tmRNA_Baci.G._TRW-12333_1-312,randS100,tmRNA
16s_S.cerevisiae_domain4,randS100,16s
tRNA_tdbR00000427-Gallus_gallus-9031-Ser-UGA,randS100,tRNA
grp1_a.I1.e.A.adeninivorans.C1.LSU.2449,randS100,grp1
16s_A.pyrophilus_domain4,randS100,16s
srp_Salm.ente._CP000026,randS100,srp
grp1_a.I1.e.U.maydis.C1.SSU.943,randS100,grp1
tRNA_tdbR00000233-Phaseolus_vulgaris-3885-Leu-UA7,randS100,tRNA
tmRNA_Azoa.spec._TRW-62928_1-378,randS100,tmRNA
5s_Streptomyces-avermitilis-1,randS100,5s
srp_Psyc.sp.._CP000713,randS100,srp
16s_A.fulgidus_domain3,randS100,16s
RNaseP_Prochlorococcus-TATL2-2,randS100,RNaseP
RNaseP_A.paspali,randS100,RNaseP
tRNA_tdbR00000486-Phaseolus_vulgaris-3885-Trp-BCA,randS100,tRNA
5s_Meloidogyne-chitwoodi-1,randS100,5s
tmRNA_Lact.sake._TRW-314315_1-370,randS100,tmRNA
tmRNA_Stre.agal._TRW-1311_1-350,randS100,tmRNA
5s_Methanococcus-voltae-2,randS100,5s
5s_Mycoplasma-mycoides-3,randS100,5s
5s_Bacillus-methanolicus-9,randS100,5s
grp1_a.I1.e.T.hyperangularis.C1.LSU.1925,randS100,grp1
srp_Chla.trac._AE001298,randS100,srp
5s_Frankia-sp.-3,randS100,5s
tRNA_tdbR00000152-Haloferax_volcanii-2246-Ile-NAU,randS100,tRNA
tRNA_tdbR00000387-Bacillus_subtilis-1423-Ser-5GA,randS100,tRNA
tRNA_tdbR00000044-Mycoplasma_capricolum-2095-Glu-UC,randS100,tRNA
srp_Stre.pneu._AE008386,randS100,srp
RNaseP_Saccharomonospora-K180,randS100,RNaseP
5s_Neurospora-crassa-13,randS100,5s
tRNA_tdbR00000301-Lupinus_luteus-3873-Asn-UU,randS100,tRNA
grp1_a.I1.c.S.bicolor.C3.tLEU,randS100,grp1
16s_P.staleyi_domain4,randS100,16s
RNaseP_T.pallidum,randS100,RNaseP
srp_Pseu.syri._CP000075,randS100,srp
tmRNA_Esch.coli._CP000468_1-363,randS100,tmRNA
srp_Myco.gall._AE015450,randS100,srp
tRNA_tdbR00000376-Bos_taurus-9913-Arg-3CP,randS100,tRNA
srp_Dros.mela._AE001572,randS100,srp
tRNA_tdbR00000084-Saccharomyces_cerevisiae-4932-Phe-AA,randS100,tRNA
5s_Planobispora-longispora-1,randS100,5s
tRNA_tdbR00000356-Escherichia_coli-562-Arg-ICG,randS100,tRNA
RNaseP_D.radiodurans-g,randS100,RNaseP
RNaseP_CPB147,randS100,RNaseP
RNaseP_SM-A6296,randS100,RNaseP
grp1_a.I1.e.E.dermatitidis.C1.SSU.943,randS100,grp1
tRNA_tdbR00000053-Bos_taurus-9913-Glu-NUC,randS100,tRNA
tmRNA_Lact.delb._AF440335_1-316,randS100,tmRNA
tmRNA_Chlo.tepi._TRW-194439_1-404,randS100,tmRNA
grp1_a.I1.e.C.ellipsoidea.211-1a.C1.SSU.1506,randS100,grp1
5s_Bullera-alba-1,randS100,5s
5s_Deinococcus-radiophilus-1,randS100,5s
grp1_a.I1.e.A.stipitatus.C1.SSU.1046,randS100,grp1
5s_Linderina-macrospora-1,randS100,5s
tRNA_tdbR00000205-Loligo_bleekeri-6617-Lys-NUU,randS100,tRNA
16s_T.gondii_domain4,randS100,16s
srp_Zea.mays._AY108846,randS100,srp
tmRNA_Shew.spec._CP000444_1-355,randS100,tmRNA
srp_Baci.thur._CP000485,randS100,srp
tmRNA_Chla.pneu._TRW-83558_1-426,randS100,tmRNA
RNaseP_SMB-A3,randS100,RNaseP
tmRNA_Stap.aure._BA000018_1-362,randS100,tmRNA
tRNA_tdbR00000529-Triticum_aestivum-4565-Ini-CAU,randS100,tRNA
tmRNA_Rubr.gela._TRW-279263_1-372,randS100,tmRNA
tmRNA_Shig.dyse._CP000034_1-363,randS100,tmRNA
RNaseP_CPA58,randS100,RNaseP
16s_T.gondii_domain3,randS100,16s
RNaseP_P.azotoformans,randS100,RNaseP
telomerase_AF221914.112-589,randS100,telomerase
grp1_a.I1.e.G.spirotaenia.C1.SSU.1506,randS100,grp1
RNaseP_SM-A1621,randS100,RNaseP
tRNA_tdbR00000132-Lupinus_luteus-3873-Gly-GCC,randS100,tRNA
RNaseP_SM-A2135,randS100,RNaseP
tRNA_tdbR00000275-Thermus_thermophilus-274-Met-CAU,randS100,tRNA
tmRNA_Haem.somn._CP000436_1-367,randS100,tmRNA
16s_C.reinhardtii.chloro_domain4,randS100,16s
grp1_a.I1.e.A.capsulatus.G186B.C1.SSU,randS100,grp1
RNaseP_CPA49,randS100,RNaseP
RNaseP_ESH210B,randS100,RNaseP
RNaseP_S.japonicus,randS100,RNaseP
srp_Shew.spec._CP000444,randS100,srp
tmRNA_Camp.jeju._AL139078_1-356,randS100,tmRNA
srp_Nect.haem._GSP-71109,randS100,srp
16s_P.occultum_domain2,randS100,16s
16s_C.elegans_domain1,randS100,16s
5s_Vibrio-cholerae-3,randS100,5s
5s_Phaffia-rhodozyma-1,randS100,5s
tmRNA_Desu.vulg._AE017285_1-352,randS100,tmRNA
telomerase_AF221917.99-542,randS100,telomerase
RNaseP_L.weilii,randS100,RNaseP
tmRNA_Lact.lact._AF176556_1-359,randS100,tmRNA
srp_Para.bras._CN241909,randS100,srp
tmRNA_Stap.epid._TRW-1282-1_1-361,randS100,tmRNA
5s_Thermus-aquaticus-1,randS100,5s
RNaseP_X.fastidiosa,randS100,RNaseP
tmRNA_Myco.bovi._TRW-1765_1-368,randS100,tmRNA
tmRNA_uncu.bact._TRW-72274-1_1-359,randS100,tmRNA
tmRNA_Psyc.arct._CP000082_1-359,randS100,tmRNA
tRNA_tdbR00000251-Saccharomyces_cerevisiae-4932-Leu-UAA,randS100,tRNA
tRNA_tdbR00000032-Rattus_norvegicus-10116-Asp-GUC,randS100,tRNA
telomerase_AF221937.99-545,randS100,telomerase
tRNA_tdbR00000080-Bos_taurus-9913-Phe-GAA,randS100,tRNA
tRNA_tdbR00000089-Brassica_napus-3708-Phe-AA,randS100,tRNA
5s_Salmonella-enterica-4,randS100,5s
srp_Lact.john._AX926712,randS100,srp
5s_Daphnia-magna-1,randS100,5s
5s_Methanothermobacter-thermautotrophicus-3,randS100,5s
grp1_a.I1.e.C.merochlorophea.UNK.SSU.1389,randS100,grp1
srp_Fran.tula._AM286280,randS100,srp
RNaseP_P.strasburgensis,randS100,RNaseP
5s_Asellus-aquaticus-2,randS100,5s
tRNA_tdbR00000384-Mycoplasma_capricolum-2095-Ser-GCU,randS100,tRNA
RNaseP_ERE,randS100,RNaseP
16s_H.sapiens.mito_domain2,randS100,16s
23s_S.aureus_domain4,randS100,23s
tRNA_tdbR00000295-Escherichia_coli-562-Asn-QUU,randS100,tRNA
RNaseP_SM-A1113,randS100,RNaseP
5s_Xanthomonas-campestris-1,randS100,5s
tmRNA_Bord.aviu._AM167904_1-406,randS100,tmRNA
tRNA_tdbR00000103-Homo_sapiens-9606-Phe-AA,randS100,tRNA
srp_Lact.acid._CP000033,randS100,srp
grp1_a.I1.m.M.grisea.B2.ND1,randS100,grp1
grp1_a.I1.b.S.hofmanii.C3.tMET,randS100,grp1
5s_Esch_coli5B,randS100,5s
RNaseP_ESH167F,randS100,RNaseP
grp1_a.I1.e.L.dispersa.UNK.SSU.114,randS100,grp1
tmRNA_Yers.berc._TRW-349968_1-381,randS100,tmRNA
5s_Pseudomonas-fluorescens-3,randS100,5s
RNaseP_H.mobilis,randS100,RNaseP
RNaseP_M.thermoautotrophicumDH-g,randS100,RNaseP
srp_Plas.falc._EF690554,randS100,srp
grp1_a.I1.e.C.grayi.UNK.SSU.1516,randS100,grp1
srp_Meth.maze._AE008384,randS100,srp
RNaseP_Synechococcus-PCC7003,randS100,RNaseP
tmRNA_Lact.delb._TRW-321956_1-362,randS100,tmRNA
5s_Cerastoderma-glaucum-1,randS100,5s
tRNA_tdbR00000145-Saccharomyces_cerevisiae-4932-His-GUG,randS100,tRNA
16s_G.intestinalis_domain4,randS100,16s
16s_M.polymorpha_domain4,randS100,16s
23s_B.subtilis_domain4,randS100,23s
16s_B.burgdorferi_domain2,randS100,16s
grp1_a.I1.e.C.saxonicum.C1.SSU.1506,randS100,grp1
grp1_a.I1.m.S.luteus.A1.LSU.2504,randS100,grp1
tRNA_tdbR00000480-Mycoplasma_capricolum-2095-Trp-CA,randS100,tRNA
telomerase_AF221939.99-544,randS100,telomerase
tRNA_tdbR00000430-Halobacterium_salinarum-2242-Thr-GGU,randS100,tRNA
telomerase_U85256.1-451,randS100,telomerase
srp_Dani.reri._EH513970,randS100,srp
tRNA_tdbR00000336-Aedes_albopictus-7160-Gln-NUG,randS100,tRNA
telomerase_AF221923.106-554,randS100,telomerase
5s_Fusarium-culmorum-4,randS100,5s
grp1_a.I1.e.D.parva.C1.SSU.943,randS100,grp1
RNaseP_S.polymorpha,randS100,RNaseP
5s_Vitreoscilla-beggiatoides-1,randS100,5s
tRNA_tdbR00000294-Mycoplasma_capricolum-2095-Asn-GUU,randS100,tRNA
tRNA_tdbR00000396-Saccharomyces_cerevisiae-4932-Ser-UGA,randS100,tRNA
tRNA_tdbR00000534-Euphausia_superba-6819-Ini-CAU,randS100,tRNA
tmRNA_Copr.prot._TRW-351627_1-353,randS100,tmRNA
5s_Alcaligenes-faecalis-2,randS100,5s
tRNA_tdbR00000249-Saccharomyces_cerevisiae-4932-Leu-CAA,randS100,tRNA
tmRNA_Rubr.xyla._TRW-266117_1-360,randS100,tmRNA
5s_Geobacillus-kaustophilus-7,randS100,5s
srp_Halo.halo._CP000544,randS100,srp
tRNA_tdbR00000341-Rattus_norvegicus-10116-Gln-CUG,randS100,tRNA
tRNA_tdbR00000003-Haloferax_volcanii-2246-Ala-GGC,randS100,tRNA
grp1_a.I1.b.Synechococcus.sp2.C3.tLEU,randS100,grp1
tRNA_tdbR00000559-Triticum_aestivum-4565-Tyr-GPA,randS100,tRNA
5s_Renibacterium-salmoninarum-1,randS100,5s
tRNA_tdbR00000105-Halobacterium_salinarum-2242-Gly-GCC,randS100,tRNA
telomerase_AF221925.98-540,randS100,telomerase
telomerase_AF221935.112-602,randS100,telomerase
srp_Meth.caps._AE017282,randS100,srp
tRNA_tdbR00000522-Bos_taurus-9913-Ini-AU,randS100,tRNA
RNaseP_M.genitalium,randS100,RNaseP
tmRNA_List.mono._TRW-1639-1_1-370,randS100,tmRNA
tRNA_tdbR00000030-Aedes_albopictus-7160-Asp-GUC,randS100,tRNA
tRNA_tdbR00000117-Escherichia_coli-562-Gly-CCC,randS100,tRNA
5s_Thermoplasma-acidophilum-1,randS100,5s
tmRNA_Acti.naes._TRW-240017_1-371,randS100,tmRNA
5s_Mycoplasma-mycoides-1,randS100,5s
5s_Spiroplasma-melliferum-1,randS100,5s
tmRNA_Spir.citr._AM285321_1-424,randS100,tmRNA
grp1_a.I1.e.T.malaccensis.C1.LSU.1925,randS100,grp1
tmRNA_Salm.ente._TRW-59204_1-363,randS100,tmRNA
16s_B.burgdorferi_domain3,randS100,16s
5s_Agrobacterium-tumefaciens-7,randS100,5s
srp_Kluy.walt._AADM01000319,randS100,srp
5s_Thiovulum-sp.-1,randS100,5s
RNaseP_SMB-B4,randS100,RNaseP
srp_Shew.spec._CP000469,randS100,srp
RNaseP_S.putrefaciens,randS100,RNaseP
5s_Rhizoctonia-globularis-1,randS100,5s
5s_Blastocladiella-simplex-1,randS100,5s
5s_Burkholderia-mallei-1,randS100,5s
5s_Stella-humosa-1,randS100,5s
5s_Neurospora-crassa-10,randS100,5s
telomerase_AF221934.121-565,randS100,telomerase
tmRNA_Acti.acti._TRW-272556_1-366,randS100,tmRNA
tmRNA_List.ivan._AF440342_1-321,randS100,tmRNA
RNaseP_PS6,randS100,RNaseP
5s_Thermoactinomyces-vulgaris-1,randS100,5s
tmRNA_Psyc.cryo._CP000323_1-359,randS100,tmRNA
telomerase_AF221924.105-538,randS100,telomerase
tmRNA_Anab.vari._CP000117_1-390,randS100,tmRNA
tmRNA_uncu.bact._TRW-80840-1_1-378,randS100,tmRNA
16s_H.volcanii_domain4,randS100,16s
grp1_a.I1.e.S.paniceum.UNK.SSU.1210,randS100,grp1
23s_E.coli_domain4,randS100,23s
tmRNA_Trop.whip._BX251411_1-369,randS100,tmRNA
grp1_s.I1.e.T.thermophila.C1.LSU.1925.schem,randS100,grp1
16s_H.sapiens.mito_domain3,randS100,16s
5s_Streptococcus-pneumoniae-2,randS100,5s
16s_G.intestinalis_domain2,randS100,16s
23s_E.coli_domain6,randS100,23s
RNaseP_UK5,randS100,RNaseP
tmRNA_uncu.bact._TRW-80840-2_1-379,randS100,tmRNA
RNaseP_N.simplex,randS100,RNaseP
grp1_a.I1.e.B.yamatoana.JCM2896.C1.SSU.1506,randS100,grp1
srp_Leis.majo._AY722715,randS100,srp
grp1_a.I1.e.T.cosmopolitanis.C1.LSU.1925,randS100,grp1
5s_Rana-pipiens-1,randS100,5s
RNaseP_Y.pestis,randS100,RNaseP
16s_T.maritima_domain3,randS100,16s
srp_Proc.mari._CP000576,randS100,srp
srp_Pich.stip._CP000502,randS100,srp
5s_Ralstonia-solanacearum-1,randS100,5s
RNaseP_EM14b-9,randS100,RNaseP
5s_Rickettsia-moozeri-1,randS100,5s
tmRNA_Stre.ther._CP000024_1-350,randS100,tmRNA
grp1_a.I1.e.C.merochlorophea.UNK.SSU.1516,randS100,grp1
23s_H.pylori_domain4,randS100,23s
grp1_a.I1.e.L.dispersa.UNK.SSU.287,randS100,grp1
5s_Pseudomonas-fluorescens-4,randS100,5s
telomerase_AF221921.98-548,randS100,telomerase
telomerase_AF221920.99-541,randS100,telomerase
tmRNA_Shew.onei._AX048560_1-355,randS100,tmRNA
RNaseP_S.caesia-K76T,randS100,RNaseP
16s_E.coli_domain4,randS100,16s
RNaseP_M.thermolithotrophicus,randS100,RNaseP
16s_H.sapiens.mito_domain4,randS100,16s
grp1_a.I1.e.P.carinii.Pc2.C1.LSU.1921,randS100,grp1
srp_Clos.kluy._CP000673,randS100,srp
tmRNA_envi.sequ._TRW-32045-2_1-345,randS100,tmRNA
grp1_a.I1.e.C.ellipsoidea.IAMC-87.C1.SSU.1506,randS100,grp1
5s_Pichia-membranifaciens-1,randS100,5s
RNaseP_P126,randS100,RNaseP
srp_Cyan.mero._AB002583,randS100,srp
RNaseP_Onchorhynchus-2,randS100,RNaseP
tRNA_tdbR00000007-Bacillus_subtilis-1423-Ala-5GC,randS100,tRNA
RNaseP_E.faecalis,randS100,RNaseP
srp_Spra.loph._GSP-51541,randS100,srp
tRNA_tdbR00000121-Salmonella_typhimurium-602-Gly-NCC,randS100,tRNA
telomerase_AF221906.96-545,randS100,telomerase
grp1_a.I1.e.P.macrosporus.C1.SSU.943,randS100,grp1
telomerase_AF221936.98-540,randS100,telomerase
5s_Erysipelothrix-rhusiopathiae-1,randS100,5s
RNaseP_A.ferrooxidans,randS100,RNaseP
grp1_a.I1.e.L.dispersa.UNK.SSU.516,randS100,grp1
5s_Vibrio-mediterranei-1,randS100,5s
tRNA_tdbR00000099-Mus_musculus-10090-Phe-AA,randS100,tRNA
RNaseP_A.brierleyi,randS100,RNaseP
telomerase_AF221930.94-546,randS100,telomerase
srp_Enta.mosh._GSP-41668,randS100,srp
srp_Fran.tula._AJ749949,randS100,srp
tRNA_tdbR00000536-Salmo_salar-8030-Ini-CAU,randS100,tRNA
telomerase_AF221910.112-554,randS100,telomerase
16s_S.cerevisiae_domain3,randS100,16s
srp_Aede.aegy._DW714804,randS100,srp
tRNA_tdbR00000022-Enterobacteria_phage_T5-10726-Asp-GUC,randS100,tRNA
grp1_a.I1.e.B.ciliata.JCM6865.C1.SSU.1506,randS100,grp1
srp_Ajel.caps._CV620298,randS100,srp
tRNA_tdbR00000250-Saccharomyces_cerevisiae-4932-Leu-UAG,randS100,tRNA
telomerase_AF221931.99-541,randS100,telomerase
tmRNA_Neis.lact._TRW-486_1-362,randS100,tmRNA
telomerase_AC121792.109554-109950,randS100,telomerase
telomerase_AF221919.107-614,randS100,telomerase
grp1_a.I1.e.P.pachydermus.C1.SSU.943,randS100,grp1
tmRNA_Heli.pylo._TRW-85962_1-386,randS100,tmRNA
srp_Volv.cart._GSP-51971-2,randS100,srp
tRNA_tdbR00000104-Enterobacteria_phage_T4-10665-Gly-NCC,randS100,tRNA
tRNA_tdbR00000189-Rattus_norvegicus-10116-Lys-NUU,randS100,tRNA
grp1_a.I1.m.S.pombe.B1.OX1,randS100,grp1
RNaseP_CPB80,randS100,RNaseP
srp_Stap.haem._AP006716,randS100,srp
tmRNA_Trep.pall._TRW-243276_1-354,randS100,tmRNA
tmRNA_Camp.coli._TRW-306254_1-359,randS100,tmRNA
tmRNA_Odon.sine._Z67753_1-368,randS100,tmRNA
5s_Paracentrotus-lividus-1,randS100,5s
23s_B.subtilis_domain3,randS100,23s
5s_Thermus-thermophilus-1,randS100,5s
srp_Cion.inte._BW088710,randS100,srp
tRNA_tdbR00000362-Saccharomyces_cerevisiae-4932-Arg-NCU,randS100,tRNA
srp_Ento.sulc._AF095839,randS100,srp
grp1_a.I1.e.D.salina.C1.SSU.943,randS100,grp1
tRNA_tdbR00000355-Escherichia_coli-562-Arg-ICG,randS100,tRNA
tmRNA_Shig.flex._AE005674_1-363,randS100,tmRNA
RNaseP_C.psittaci-R54,randS100,RNaseP
RNaseP_SM-A3355,randS100,RNaseP
5s_Genistelloides-hibernus-1,randS100,5s
RNaseP_SM2,randS100,RNaseP
RNaseP_A.fulgidus,randS100,RNaseP
grp1_a.I1.e.P.carinii.C1.SSU.1506,randS100,grp1
grp1_a.I1.e.B.yamatoana.JCM2896.C1.SSU.943,randS100,grp1
tmRNA_Myco.tube._TRW-1773_1-368,randS100,tmRNA
tRNA_tdbR00000073-Spinacia_oleracea-3562-Phe-GAA,randS100,tRNA
srp_Proc.mari._CP000552,randS100,srp
grp1_a.I1.e.A.capsulatus.G184B.C1.SSU,randS100,grp1
tRNA_tdbR00000123-Saccharomyces_cerevisiae-4932-Gly-NCC,randS100,tRNA
RNaseP_P.fluorescens,randS100,RNaseP
srp_Meth.burt._CP000300,randS100,srp
grp1_a.I1.e.Staurastrum.sp.M752.C1.SSU.1506,randS100,grp1
5s_Salmonella-enterica-3,randS100,5s
RNaseP_Synechocystis-PCC6803,randS100,RNaseP
srp_Geob.kaus._BA000043,randS100,srp
srp_Myco.pneu._AE000044,randS100,srp
tmRNA_Ocea.ihey._BA000028_1-364,randS100,tmRNA
srp_Desu.vulg._CP000527,randS100,srp
16s_Z.mays_domain2,randS100,16s
